slot_id,weather,occupied,edge_density,foreground_ratio,gradient_magnitude,local_variance,largest_component,intensity_std,otsu_separability,mean_saturation
1,sunny,1,0.18903891977760126,0.846703733121525,0.09153091689326322,0.20276368368495923,0.8435266084193804,0.450292886558248,0.74224693561837,0.1003068105717267
2,sunny,0,0.12508638562543192,0.9212163096060816,0.059629281853015664,0.12832664633119167,0.9212163096060816,0.35822708765696615,0.7679093383188657,0.17441901432307547
3,sunny,1,0.23236196319018404,0.37653374233128833,0.08504903810985988,0.1612285673542903,0.28680981595092025,0.4015327724536197,0.7676728668380154,0.14419884518224468
4,sunny,0,0.1406869220607662,0.9682959048877147,0.049597956723880364,0.08218699964980687,0.9682959048877147,0.28668275087595846,0.7089560091300298,0.1900743388504675
5,sunny,1,0.19950331125827814,0.734271523178808,0.10533243096944606,0.25344359002816624,0.5298013245033113,0.5034318126898282,0.7955191187511793,0.12112063368393715
6,sunny,1,0.20684292379471228,0.38413685847589424,0.08095959754403183,0.17618026032003475,0.24261275272161742,0.419738323625607,0.7328623342694961,0.14294514073125364
7,sunny,0,0.1044776119402985,1.0,0.03786624851076471,0.04569242758854249,1.0,0.21375787140721272,0.6954085344263714,0.21215720704436297
8,sunny,0,0.09411764705882353,0.8279411764705882,0.03545171120756949,0.0745353580736182,0.7625,0.273011644575132,0.7755085529874262,0.1852912341407151
9,sunny,0,0.1166902404526167,0.9349363507779349,0.033466049581287675,0.04854282556192408,0.9349363507779349,0.22032436443099998,0.7613855104595206,0.17851457414649027
10,sunny,0,0.09621451104100946,1.0,0.03874316228703789,0.03719193363598486,1.0,0.19285210301156908,0.6542061546167788,0.16397909321457288
11,sunny,0,0.1301775147928994,0.9201183431952663,0.0401399393003568,0.03876248195162553,0.8727810650887574,0.19688189848644166,0.6402206160325093,0.1394419306184012
12,sunny,1,0.19642857142857142,0.7781593406593407,0.08005953294578581,0.19421550030268517,0.7781593406593407,0.4406988771289135,0.7338594227705371,0.07823744882568412
13,sunny,1,0.2768565248738284,0.7217015140591204,0.11228988462274289,0.19662693098919518,0.5832732516222062,0.4434263535122774,0.7383539290260194,0.10779648557332089
14,sunny,0,0.1902439024390244,0.723780487804878,0.06571589185829639,0.15745933875247267,0.6634146341463415,0.3968114649962532,0.7832529618900576,0.16347680535628886
15,sunny,0,0.08207070707070707,0.8409090909090909,0.04047511282715935,0.041976228523943275,0.7904040404040404,0.20488101064750552,0.7150544315292678,0.15654337492572787
16,sunny,0,0.13162544169611307,1.0,0.03936709947758857,0.029603287219554176,1.0,0.17205605836341298,0.6674773701874875,0.1450599321000485
17,sunny,1,0.2789237668161435,0.579372197309417,0.09880749839303067,0.14155918318037317,0.5022421524663677,0.37624351579844295,0.6893602897889618,0.1770755297634749
18,sunny,1,0.282798833819242,0.7106413994169096,0.11457483428604201,0.16267154033134923,0.7106413994169096,0.403325600887607,0.678917185275431,0.273315040301835
19,sunny,1,0.19815668202764977,0.6497695852534562,0.09535822885293424,0.2270117888211374,0.5599078341013825,0.4764575414673772,0.7809234986445438,0.08896719978313905
20,sunny,0,0.18088737201365188,0.8621160409556314,0.044276815004907766,0.07019638531033243,0.783617747440273,0.26494600451852907,0.7420610231883974,0.15664592116710166
21,sunny,1,0.18803418803418803,0.7358197358197358,0.09847567323113021,0.2071427070160747,0.728049728049728,0.4551293299888228,0.792453009787463,0.0951079421667657
22,sunny,0,0.18580246913580248,1.0,0.056807828742663886,0.0792203627261413,1.0,0.28146112116265953,0.7067476506562169,0.18948196562575648
23,sunny,0,0.09286775631500743,0.9517087667161961,0.05525912270199084,0.09286676939432434,0.9517087667161961,0.3047404951665012,0.7873526756074756,0.11738484398216939
24,sunny,0,0.13949843260188088,0.987460815047022,0.04400397965749741,0.06176206337424483,0.987460815047022,0.24851974443541672,0.6451797196634338,0.10255701026492102
25,sunny,1,0.20269200316706254,0.7537608867775138,0.10631485943195346,0.2785759592739609,0.7537608867775138,0.5278029549689552,0.8057763373936647,0.11792961048235605
26,sunny,0,0.10405759162303665,0.8965968586387435,0.04749698264447512,0.1488936106855263,0.8965968586387435,0.38586734856103894,0.7612540355683999,0.13366184170003081
27,sunny,1,0.1992063492063492,0.6865079365079365,0.10017882168886029,0.26178989975074995,0.6865079365079365,0.5116540821206745,0.7803488698088449,0.1103828197945845
28,sunny,0,0.18330849478390462,0.8695976154992549,0.1107172596314791,0.20169005596448306,0.8695976154992549,0.4490991605029819,0.8012061180923196,0.12156278308640893
29,sunny,1,0.21308159136884694,0.7646662171274443,0.1023973812531083,0.22666299576585275,0.7646662171274443,0.4760913733369391,0.7745955097968423,0.08799333624211654
30,sunny,1,0.2294034090909091,0.32457386363636365,0.08366772061567658,0.13449145976590177,0.14985795454545456,0.3667307728646476,0.7318102272570937,0.1619067513368984
31,sunny,0,0.16691729323308271,0.6714285714285714,0.07292041977718888,0.18524344453766517,0.6691729323308271,0.4303991688394218,0.8586634958838698,0.12359427981719004
32,sunny,1,0.20633934120571784,0.7905531385954009,0.09268263486265739,0.17235167354708256,0.7905531385954009,0.4151525906785149,0.7929007881713239,0.07706893820300027
33,sunny,0,0.07009925558312655,0.989454094292804,0.038637773644910306,0.026548714285589494,0.989454094292804,0.162937762000064,0.6643931173564392,0.12227168783146013
34,sunny,0,0.12264723740133576,0.9744990892531876,0.042365442400362135,0.03754782429783386,0.9744990892531876,0.19377260977195374,0.5689431447103219,0.10270604902556044
35,sunny,1,0.20316622691292877,0.5810026385224274,0.09501957143515499,0.24739525575906257,0.4100263852242744,0.497388435489872,0.7915316371817821,0.12897097625329815
36,sunny,0,0.12528868360277137,0.9468822170900693,0.04657877133200278,0.048058782560200596,0.9468822170900693,0.21922313418113654,0.6919644975099553,0.10529140062491509
37,sunny,1,0.20202020202020202,0.29545454545454547,0.09087220780646896,0.20451732355849886,0.2505050505050505,0.45223591582104455,0.7762724841034355,0.1737789661319073
38,sunny,0,0.11008325624421832,0.9930619796484736,0.04401545158620078,0.07198893947108476,0.9930619796484736,0.26830754642962384,0.7020877770507711,0.1114055612994504
39,sunny,0,0.05396966993755575,0.9094558429973238,0.02869860716607247,0.09399391191295493,0.9094558429973238,0.3065842655991252,0.8447646304746327,0.10681114551083591
40,sunny,0,0.029372496662216287,0.9207832665776591,0.02851154461760658,0.08340367032557913,0.9207832665776591,0.2887969361429915,0.8501888625998482,0.11530842866741713
41,sunny,1,0.24028497409326424,0.7059585492227979,0.0879306670227422,0.10056241002122018,0.36139896373056996,0.3171157675380084,0.6977631138690231,0.39365792949304074
42,sunny,1,0.2574203993524015,0.4954128440366973,0.112805917757552,0.1913783677750417,0.18888289260658392,0.4374681334395017,0.7386063819962588,0.15464905876003934
43,sunny,1,0.19446233097231166,0.815196394075982,0.09585487036001118,0.22012826896895588,0.5222150676110754,0.4691782912379428,0.768879380772448,0.10776106965645241
44,sunny,0,0.11761158021712907,0.9849215922798552,0.05168606590018684,0.06957963682699116,0.9849215922798552,0.26377952313815256,0.7072351730437975,0.12422479245015255
45,sunny,1,0.24364896073903003,0.7118937644341802,0.08448913148811515,0.2123176251586793,0.5075057736720554,0.4607793671147606,0.6776082868946522,0.18333786170357289
46,sunny,1,0.2056578356533453,0.39470139200718457,0.07898864028559771,0.1980012634971253,0.21284238886394252,0.44497332897278835,0.7377779560001199,0.1792105796067866
47,sunny,1,0.24322916666666666,0.6541666666666667,0.10213232947520882,0.2523573151452166,0.4041666666666667,0.5023517842560297,0.7821406685412507,0.15129289215686273
48,sunny,1,0.19398778769375294,0.4372945044621888,0.07276205135420918,0.24592666191140655,0.3203381869422264,0.49590993326551397,0.7754695386163282,0.16139400804943868
49,sunny,1,0.2022749752720079,0.4920870425321464,0.08845265772785553,0.20349990793300013,0.30415430267062316,0.4511096407005731,0.7416524299309893,0.1849673202614379
50,sunny,1,0.22918978912319646,0.8079911209766926,0.08261598590639624,0.10024715178962959,0.5677025527192009,0.3166183061505282,0.5973892907865339,0.41220865704772475
51,sunny,1,0.19265232974910393,0.8947132616487455,0.07123220704680917,0.13494377785578654,0.8947132616487455,0.3673469448025756,0.6170017957478873,0.15412537774966617
52,sunny,1,0.16429699842022116,0.6571879936808847,0.08915637959458265,0.28241550615808686,0.4660347551342812,0.5314277995721401,0.8200464781272705,0.0870984728804634
53,sunny,1,0.1706855791962175,0.6874704491725768,0.07485634311680861,0.209604156822461,0.6799054373522458,0.45782546545868436,0.7562939980046692,0.123873360218792
54,sunny,1,0.18050373134328357,0.5377798507462687,0.0939556772957964,0.26624304023819945,0.34421641791044777,0.5159874419384637,0.8052598213190676,0.11085016095990635
55,sunny,1,0.23309053069719043,0.6024973985431842,0.07564878230846948,0.13057521206238903,0.372528616024974,0.36135192273238154,0.6744261307363472,0.3731080777784579
56,sunny,1,0.19509851033157136,0.48390197020663145,0.0894687944222367,0.23677964174563973,0.40653531955790484,0.4866000839967455,0.7705483217067068,0.10114104267367688
57,sunny,1,0.23773802654356607,0.6422388920946336,0.08103187318799152,0.19530354772377628,0.514137334102712,0.44193160978116997,0.7378673451142055,0.1098084473258432
58,sunny,1,0.2101010101010101,0.6328282828282829,0.06383660548815918,0.07548770506159855,0.39646464646464646,0.27475025943863735,0.6578965886536213,0.2545513963161022
59,sunny,1,0.19703389830508475,0.5651483050847458,0.0752383541085992,0.1363611734690412,0.3977754237288136,0.36927113814789425,0.7620434217556807,0.4197262379528082
60,sunny,1,0.21183013144590496,0.4974721941354904,0.0834952567440418,0.20162490510109046,0.35035389282103135,0.4490266195907437,0.7765192441438662,0.11038283867642103
61,sunny,1,0.22870211549456831,0.5374499714122356,0.07929044141736241,0.12416887521405635,0.4379645511720983,0.35237604233837516,0.6560607069196746,0.17216560723774932
62,sunny,1,0.2650874224478285,0.562887760857304,0.11642957360935884,0.16259013933579403,0.5623237450648618,0.4032246760006064,0.6841184892327584,0.15550910719617797
63,sunny,1,0.129084092126406,0.83663631494376,0.08445096131566907,0.2125752957383498,0.83663631494376,0.46105888532632117,0.7382190989502688,0.0624237268554985
64,sunny,1,0.2164855072463768,0.7038043478260869,0.10170338335718027,0.20753974767785174,0.6911231884057971,0.45556530561254527,0.7515258459849287,0.11767902813299233
65,sunny,1,0.20187018701870188,0.7018701870187019,0.08620353769710126,0.17283291512305377,0.7018701870187019,0.4157317826712961,0.7572334335421729,0.12045988912616752
66,sunny,1,0.19623655913978494,0.8077956989247311,0.10222525757048669,0.21856399523262454,0.8077956989247311,0.46750828359786795,0.7595999568503456,0.12817661114625062
68,sunny,1,0.1795316565481353,0.2675628794449263,0.09105911235821547,0.16617763104382696,0.2658282740676496,0.4076489065897601,0.7633268229925196,0.23428566569732837
69,sunny,1,0.2545676004872107,0.7019894437677628,0.10036358920431013,0.17934799089283096,0.7015834348355664,0.4234949715083179,0.7137475456558869,0.21965242451020198
70,sunny,0,0.06789312308366185,1.0,0.03142431789003593,0.025526910778526854,1.0,0.1597714329238079,0.5195858692807364,0.11933901900663901
71,sunny,1,0.2071269487750557,0.8596881959910914,0.09450404787931667,0.1730738921095798,0.8530066815144766,0.41602150438358326,0.7337474205119158,0.28666754006725187
72,sunny,1,0.2038697498820198,0.6205757432751298,0.10723858849683805,0.2009012389783494,0.6191599811231713,0.4482200787318094,0.7453641261513856,0.2828803819781806
73,sunny,1,0.20559657986785854,0.6630392537893509,0.12537471305743572,0.28837446815161394,0.5227361057131753,0.5370050913647039,0.7412444468734422,0.20033225882657765
74,sunny,1,0.1627250264737028,0.7553829862336745,0.048196479847809365,0.06399119835941063,0.7553829862336745,0.2529648164457078,0.6744380369551972,0.4231058325200889
75,sunny,1,0.19180549302116165,0.5074290859972985,0.05838491451696097,0.06274069172647655,0.5038271049076992,0.2504809208831614,0.6880760992584758,0.3673349754129477
76,sunny,1,0.20039292730844793,0.768172888015717,0.06214283575662223,0.07840083027804304,0.7607072691552063,0.2800014826354372,0.6700037700227889,0.37074771755460534
77,sunny,1,0.23605752367590319,0.5850578744300245,0.07001973870355088,0.07048932652859902,0.5713784636969484,0.2654982608767881,0.5989932982605081,0.3598861080735346
78,sunny,1,0.1712707182320442,0.6284530386740331,0.1058567043951791,0.2562024953456617,0.6284530386740331,0.5061644943550088,0.7912067298939262,0.24961542628100963
79,sunny,1,0.1952941176470588,0.4815686274509804,0.08470855913608756,0.17928173010321496,0.3070588235294118,0.4234167333764869,0.7508215792499012,0.2927735486351403
80,sunny,1,0.19593067068575734,0.49434815373021856,0.10131750655592656,0.2793266607356417,0.38696307460437074,0.5285136334434919,0.7762355579877446,0.22562318069654388
81,sunny,1,0.18360349127182046,0.341645885286783,0.04889700285925219,0.05064981345037409,0.17175810473815462,0.22505513424575338,0.6010272098633438,0.3541795022248301
82,sunny,1,0.17979094076655053,0.4317073170731707,0.05099148676394649,0.054222094478691495,0.2634146341463415,0.23285638165764644,0.6519268939426602,0.38810958529753364
83,sunny,1,0.1675998506905562,0.6726390444195596,0.05862052299813269,0.05855867778981706,0.6666666666666666,0.24198900344812585,0.6353641592012351,0.4317355759026268
84,sunny,1,0.18051470588235294,0.5327205882352941,0.10648626783469946,0.27353770507982694,0.31176470588235294,0.5230083221898356,0.7980378729875918,0.23034746251441754
85,sunny,1,0.1896898912605719,0.5529601288763593,0.09786768800639889,0.23113778538289084,0.44381796214256947,0.4807679121810136,0.7797673769039509,0.27529159065962266
86,sunny,1,0.16963960684382964,0.5405897342555515,0.07577381539700706,0.23300805627850377,0.25081907535493264,0.4827090803770981,0.8107637033254648,0.29083135256286713
87,sunny,1,0.18349469801751958,0.6984785615491009,0.062453251797606434,0.06845209157663089,0.6970954356846473,0.26163350621935044,0.6327739358541964,0.3814353772859997
88,sunny,1,0.15827627869512687,0.6451872734595248,0.055300771014013574,0.07225250795140246,0.6451872734595248,0.2687982662730593,0.6876163436543967,0.31169284467713787
89,sunny,1,0.19337554797856796,0.5396980029225523,0.08891307868514527,0.18178232039969425,0.29371651242084756,0.4263593793968819,0.7484127483910079,0.21836814608941482
90,sunny,0,0.14989024772656004,0.6434619002822202,0.06387469459417525,0.18593787129027603,0.6136719974913766,0.4312051382929893,0.8246047231551847,0.1577567496111019
91,sunny,1,0.19451294697903823,0.6778668310727497,0.07821298568325376,0.21540224403113964,0.6778668310727497,0.46411447298176306,0.7623511470986153,0.28229491550010877
92,sunny,1,0.1403202328966521,0.4928675400291121,0.056792730316416004,0.11068445717754145,0.4023289665211063,0.3326927368872688,0.6843642790270443,0.3691925678568371
93,sunny,1,0.1741879850531762,0.749640701350963,0.057869657311733984,0.09666615854416188,0.749640701350963,0.3109118179551268,0.6731152911970103,0.2989049140783074
94,sunny,0,0.1687279151943463,0.9628975265017667,0.04255306617762164,0.040236103796144104,0.9628975265017667,0.20058939103587733,0.5618803924047602,0.15038684496177743
95,sunny,0,0.2061182061182061,1.0,0.04997132821614907,0.03673062037981884,1.0,0.19165234248455937,0.6194261482668771,0.14206630677218912
96,sunny,0,0.2049983113812901,1.0,0.04884788035155914,0.038456748631541575,1.0,0.19610392303965155,0.6007367223226089,0.152999450371165
97,sunny,0,0.19079154840744245,1.0,0.04719498129411273,0.03422743500827769,1.0,0.18500658098640085,0.6334266667723503,0.16107493770134987
98,sunny,0,0.23266152934202727,0.9937759336099585,0.04717580932411468,0.03450122772236265,0.9937759336099585,0.1857450610981693,0.5917067169311488,0.15463695851784698
99,sunny,0,0.23941419929958613,0.9477873288761541,0.04587978911768127,0.03719758223939572,0.9477873288761541,0.19286674736562476,0.5788109296326959,0.15823111161051492
100,sunny,1,0.17055702917771884,0.7047745358090186,0.06573452536977929,0.10018581779040187,0.7047745358090186,0.3165214333823254,0.6530399318641474,0.2304186820616841
1,sunny,0,0.17077045274027006,0.9745830023828436,0.04748653507748182,0.04797909044864937,0.9745830023828436,0.21904129850019008,0.6590751864875639,0.27460636359388874
2,sunny,0,0.11955770559778853,1.0,0.04250129899309545,0.040642534585625056,1.0,0.20159993696830628,0.6122979575847225,0.23180888111982872
3,sunny,0,0.13420245398773006,1.0,0.04222481083557817,0.040423639816120654,1.0,0.20105631006292904,0.641787666519678,0.24605437266931313
4,sunny,1,0.23976221928665786,0.8183619550858653,0.10297523661866824,0.17586235499349387,0.8183619550858653,0.41935945797548657,0.6933913063195914,0.13931670422462247
5,sunny,1,0.2781456953642384,0.8302980132450332,0.06667187782491164,0.08335854768944231,0.8302980132450332,0.2887188038376481,0.6626537351525318,0.3731625762887937
6,sunny,1,0.26127527216174184,0.7340590979782271,0.10885815467690217,0.17263888012571443,0.4230171073094868,0.41549835153188563,0.7229356319376814,0.1357454334766566
7,sunny,1,0.2712906057945566,0.7287093942054433,0.11044195962622319,0.16907748579485404,0.4240561896400351,0.4111903279441943,0.6962797998746181,0.15525142453820862
8,sunny,1,0.2676470588235294,0.5558823529411765,0.09469931909428825,0.17479026831575292,0.23602941176470588,0.41807926080559527,0.6497883718330024,0.16608708189158017
9,sunny,1,0.26308345120226306,0.5707213578500707,0.07955680052719839,0.1501681130308043,0.285007072135785,0.38751530683420016,0.7114569289727529,0.13034916937071858
10,sunny,1,0.28391167192429023,0.6167192429022083,0.07465516909891694,0.07271674862479185,0.3217665615141956,0.26966043207113616,0.6643005464028988,0.19173006742129028
11,sunny,0,0.10872781065088757,0.6383136094674556,0.033876936865410635,0.03225619552213067,0.6072485207100592,0.17960009889231873,0.6816345412109737,0.21733959856131801
12,sunny,0,0.16826923076923078,0.8125,0.04142411012296222,0.03152722485327813,0.7513736263736264,0.1775590742634071,0.6641893666889762,0.21969133807369104
13,sunny,0,0.07281903388608507,0.7065609228550829,0.03293445543922227,0.023592147753368247,0.6697909156452776,0.15359735594523835,0.6694908702522675,0.24002997017119754
14,sunny,1,0.2896341463414634,0.4573170731707317,0.11093761297535806,0.12024890053955817,0.4530487804878049,0.34676923240039353,0.6955268352110694,0.24896700143472023
15,sunny,0,0.08017676767676768,0.610479797979798,0.028699688331684816,0.0231703347352413,0.5454545454545454,0.15221804996530897,0.6912559527905412,0.24063675975440682
16,sunny,1,0.26501766784452296,0.6775618374558304,0.10822359207998539,0.1991221902791929,0.6757950530035336,0.4462310951504757,0.7315646297850923,0.10099078500658214
17,sunny,0,0.0968609865470852,1.0,0.032641457846277755,0.014187983233601322,1.0,0.11911332097461359,0.5884606662237031,0.2624566956827574
18,sunny,1,0.2587463556851312,0.41545189504373176,0.08155941424593455,0.16753124658410457,0.2536443148688047,0.4093058105916707,0.7586738691700803,0.13752929743325903
19,sunny,1,0.24481566820276499,0.4544930875576037,0.0791532752066847,0.07804874060374799,0.3087557603686636,0.2793720469262234,0.6561909126046486,0.15620538537995843
20,sunny,1,0.21023890784982935,0.4498293515358362,0.07302838153511523,0.07742622462535802,0.17133105802047782,0.2782556821079455,0.6574198522280278,0.15519507461687745
21,sunny,1,0.27972027972027974,0.5516705516705517,0.11380087636458032,0.19673766344268723,0.3815073815073815,0.4435511959657952,0.7729583087897729,0.10554108201167024
22,sunny,1,0.29814814814814816,0.6839506172839506,0.10450641805221843,0.1565987231881375,0.6839506172839506,0.3957255654972743,0.7149454777679646,0.16638828370854514
23,sunny,1,0.2236255572065379,0.9271916790490342,0.13796095588994495,0.2268040959108069,0.9271916790490342,0.47623953627434895,0.7252600293130125,0.08978236168167118
24,sunny,0,0.07053291536050156,1.0,0.036488103834965945,0.01602066048262644,1.0,0.12657274778808605,0.6429663894975145,0.11020345442252136
25,sunny,0,0.0855106888361045,1.0,0.038890612258605316,0.020669943490171965,1.0,0.14377045416277978,0.6480611290193942,0.12763262074425968
26,sunny,1,0.225130890052356,0.6551047120418848,0.0826561947174286,0.0822661300962562,0.6551047120418848,0.2868207281495816,0.6596888481297359,0.18665434760291552
27,sunny,1,0.2904761904761905,0.8158730158730159,0.07874811088828337,0.07954067936542811,0.8158730158730159,0.2820295717924418,0.6562991717144123,0.1878555866791161
28,sunny,1,0.2421758569299553,0.7801788375558867,0.0715527715744143,0.062348612903702694,0.7801788375558867,0.24969704224059744,0.6700989194217141,0.16904532304725167
29,sunny,1,0.2265677680377613,0.5461901550910316,0.10325704519444558,0.18562372701412538,0.29669588671611596,0.43084072116517186,0.7835272607563841,0.13635582351619002
30,sunny,1,0.23011363636363635,0.5752840909090909,0.07530344365962603,0.08345114986269585,0.5667613636363636,0.28887912673416866,0.7012763248348635,0.16262533422459893
31,sunny,0,0.09924812030075188,1.0,0.03571828458008335,0.021600199004157633,1.0,0.14697006159132422,0.6920310213743917,0.15770897832817338
32,sunny,1,0.22622747047855812,0.6183965195773773,0.06661659572918162,0.07439029469303009,0.44748290863890616,0.27274584266864654,0.6872876387795427,0.17853251928490477
33,sunny,0,0.056451612903225805,1.0,0.02788012652422505,0.008183657641997912,1.0,0.09046357080061515,0.6277070053453266,0.15084659173843235
34,sunny,1,0.2610807528840316,0.6235579842137219,0.09641236530705417,0.1286108535817329,0.6235579842137219,0.3586235541368315,0.7089831877956135,0.12610450373227616
35,sunny,0,0.07282321899736148,0.2717678100263852,0.03617057673607626,0.034716567915492436,0.12506596306068601,0.1863238254102047,0.6297634938187237,0.14221739355372756
36,sunny,1,0.22921478060046188,0.44110854503464203,0.09387698327130878,0.2008248637707084,0.2361431870669746,0.44813487229929827,0.7650939819096532,0.11139111533759
37,sunny,0,0.05707070707070707,1.0,0.032755298224400785,0.015650342154903338,1.0,0.12510132755052336,0.5748149522181734,0.1329827688651218
38,sunny,0,0.024051803885291396,1.0,0.025669330739682427,0.009894822690899812,1.0,0.09947272335117709,0.6174303752447013,0.1436578331610165
39,sunny,1,0.18465655664585193,0.45316681534344333,0.09472274856411539,0.21318298448042153,0.235950044603033,0.46171742925778914,0.8051771850194218,0.09721537142957093
40,sunny,1,0.17979528259902092,0.6906987093902982,0.07524649931515669,0.11125891228514365,0.6906987093902982,0.3335549614158717,0.6478902944933111,0.1345864202378771
41,sunny,0,0.03821243523316062,1.0,0.024251871559907313,0.014444140474720615,1.0,0.1201837779183223,0.6529669590670596,0.15333739713501982
42,sunny,0,0.03453858607663249,1.0,0.02910283781334532,0.011598085028012245,1.0,0.107694405741488,0.5438493166426065,0.15452419499910056
43,sunny,0,0.03477141017385705,1.0,0.0236741828762352,0.009285483715719208,1.0,0.09636121478955736,0.6281499201120774,0.1401689329949623
44,sunny,0,0.040410132689987936,1.0,0.025846649301053962,0.00972250836965687,1.0,0.09860278073998151,0.6212720545733493,0.1604058752572199
45,sunny,1,0.2199769053117783,0.7240184757505773,0.11291315940865361,0.2648011601199378,0.7228637413394919,0.5145883404430553,0.7545795233643582,0.10191323642621021
46,sunny,1,0.203861697350696,0.6722047597665021,0.10671040069242795,0.27300574822842544,0.6511001347103726,0.5224995198355933,0.7701687143495514,0.12509927185961947
47,sunny,1,0.178125,0.8270833333333333,0.06110643059216613,0.07396235415598701,0.8270833333333333,0.2719602069347407,0.6809074885806349,0.25656658496732027
48,sunny,1,0.1972757162987318,0.7590418036636919,0.09804450016317807,0.18101037632677452,0.7191169563175199,0.4254531423397582,0.6705239655967412,0.1854704869265696
49,sunny,1,0.21364985163204747,0.837784371909001,0.06498538308429005,0.08062841996757208,0.837784371909001,0.2839514394532489,0.6695422486176157,0.411747250829115
50,sunny,1,0.21032186459489458,0.611542730299667,0.10504678077014896,0.25458592257001206,0.36126526082130966,0.5045650825909498,0.756887017018846,0.11072664359861592
51,sunny,1,0.18010752688172044,0.7477598566308243,0.06299023295343478,0.10058507172624945,0.7477598566308243,0.3171514964906353,0.7129886311443198,0.1926821983273596
52,sunny,1,0.22748815165876776,0.8009478672985783,0.09727590856416309,0.22029364715317848,0.8009478672985783,0.46935450051446026,0.7393732790744757,0.13296162066722422
53,sunny,1,0.22364066193853427,0.8680851063829788,0.06632131734155444,0.07167192530186589,0.8680851063829788,0.2677161282064752,0.5938352016805183,0.3561915357159412
54,sunny,1,0.20055970149253732,0.5825559701492538,0.06320710335685605,0.08206242705587558,0.48134328358208955,0.2864654028951412,0.664455442867186,0.1896693005560433
55,sunny,1,0.24921956295525494,0.5676378772112383,0.07277482318844357,0.08537962070718183,0.2481789802289282,0.29219791359142494,0.6428121863040456,0.186745832568199
56,sunny,1,0.22537241710716002,0.490148966842864,0.08317660671098051,0.18573543181398333,0.29697260932244113,0.4309703375105801,0.7241435734971334,0.14693916009460006
57,sunny,1,0.2296595499134449,0.5124062319676861,0.0781781116621159,0.17270773511702925,0.2740911713791114,0.41558120159245565,0.7171133418290464,0.14829548668861658
58,sunny,1,0.201010101010101,0.44343434343434346,0.07704281993098538,0.17644812806765434,0.301010101010101,0.4200572914111292,0.7689569195721313,0.12950287185581302
59,sunny,1,0.225635593220339,0.3898305084745763,0.07558683898125768,0.2207561655760535,0.2457627118644068,0.46984695973907664,0.8058431905300554,0.13298022598870057
60,sunny,1,0.20475227502527807,0.48432760364004046,0.09634549114882894,0.24884978786117126,0.3083923154701719,0.49884846182099357,0.7708229967691171,0.11491702848985903
61,sunny,1,0.19325328759291024,0.6529445397369925,0.06414748681003944,0.07901931231352648,0.6397941680960549,0.28110373941576533,0.7142378943034441,0.5218982275586049
62,sunny,1,0.1996615905245347,0.5341229554427523,0.06017890242700777,0.08593217011483824,0.34179357021996615,0.2931418941653312,0.7232325495015772,0.5456133948221138
63,sunny,1,0.23727905731119442,0.6164970540974826,0.07571766127183283,0.08229269635109869,0.43974290305302627,0.2868670360133745,0.6294571843131944,0.15831206612264617
64,sunny,1,0.20969202898550723,0.6028079710144928,0.08325313783310467,0.14315461847353073,0.5896739130434783,0.3783577916120279,0.7333370851621951,0.1519572321682296
65,sunny,1,0.22607260726072606,0.5192519251925193,0.1288706279909317,0.2523225027051899,0.5192519251925193,0.5023171335970832,0.7693951599636535,0.14445091567980328
66,sunny,1,0.21191756272401432,0.657258064516129,0.08697598498968181,0.1409743532692736,0.657258064516129,0.375465515419557,0.7146229050719862,0.15053060650783612
67,sunny,1,0.1647921760391198,0.6816625916870416,0.07103153977439079,0.09859830087841776,0.6787286063569682,0.3140036637977617,0.6246175157449361,0.20088786614890455
68,sunny,1,0.17779705117085862,0.629661751951431,0.07293075542376308,0.10121209745392816,0.6257588898525586,0.3181384878538404,0.6344197311047399,0.21053177558968078
69,sunny,1,0.1758018676410881,0.7637028014616322,0.061216033608640946,0.10387923507129855,0.7637028014616322,0.32230301747160006,0.7149294240230035,0.1797998614793055
70,sunny,1,0.19579500657030224,0.695137976346912,0.10704419988112064,0.2533698686748728,0.37406920718353043,0.5033585885577724,0.7796115894029277,0.09702403957640875
71,sunny,1,0.17817371937639198,0.8184855233853007,0.1013466963390261,0.19937587859854683,0.8184855233853007,0.4465152613277029,0.7070546604070466,0.1752259924014149
72,sunny,0,0.1028787163756489,1.0,0.042533240112365096,0.024248235244861336,1.0,0.15571844863361994,0.6948836285953264,0.182274287723584
73,sunny,1,0.19393703847648658,0.7030703458997279,0.12254754582809721,0.26224253798360225,0.5682083171395258,0.5120962194584161,0.720241552584103,0.11594766161419874
74,sunny,1,0.19484645252382632,0.7913872220261208,0.06940259725562899,0.07628197073486816,0.7913872220261208,0.2761919092494713,0.6265502599209658,0.17523584089477656
75,sunny,1,0.19090499774876182,0.809995497523638,0.070418317979707,0.09603499360293129,0.809995497523638,0.30989513323531126,0.6947575859523932,0.18418306539184787
76,sunny,1,0.17524557956777997,0.5834970530451866,0.10565339728568121,0.26425216880710206,0.5834970530451866,0.5140546360136266,0.7725935823076513,0.09784660426056474
77,sunny,1,0.18028761837951596,0.5524377411434584,0.07349397715038268,0.07728132980933923,0.5468256752016836,0.2779951974573288,0.6319774142784448,0.18053245851128946
78,sunny,1,0.19244935543278086,0.6114180478821363,0.09432905872018345,0.2222153073774595,0.3011049723756906,0.47139718643354195,0.7960361532110485,0.1016610695843715
79,sunny,1,0.1952941176470588,0.4180392156862745,0.10409831488166281,0.24602573652785784,0.20666666666666667,0.4960098149511336,0.791460141014779,0.1436970396001538
80,sunny,1,0.16767143933685003,0.4740015071590053,0.08457060625409243,0.2153067537151581,0.26940467219291636,0.46401158791042935,0.7402476409941042,0.16208017494865318
81,sunny,1,0.21072319201995013,0.5096633416458853,0.05621199483045903,0.0765019059081341,0.37001246882793015,0.276589779110028,0.6770517137617565,0.18267810864994377
82,sunny,1,0.16062717770034843,0.4146341463414634,0.07848448508006349,0.2103105714740434,0.21777003484320556,0.45859630556083136,0.8086697434238737,0.11522716403634624
83,sunny,1,0.1511758118701008,0.4341172079134005,0.09966068767933514,0.2750398024296841,0.22695035460992907,0.5244423728396516,0.8245735989509919,0.14665554164928382
84,sunny,1,0.20772058823529413,0.6415441176470589,0.06849706883560037,0.08772114584622097,0.6400735294117647,0.2961775579719385,0.7226296417819073,0.22368800461361016
85,sunny,1,0.21506242448650825,0.6713652839307289,0.06279161669815794,0.082740769933667,0.616995569875151,0.287646953631821,0.673295058337951,0.222731831355176
86,sunny,1,0.15362213323625773,0.6545322169639607,0.061184297179553176,0.0699596038301052,0.649071714597743,0.2644987785039946,0.6292873576396697,0.1792243945266494
87,sunny,1,0.12494236975564776,0.7874596588289534,0.047910744717777634,0.09275916673871366,0.48132780082987553,0.3045638959868908,0.7005574081530273,0.3395456476735461
88,sunny,1,0.17317760773258156,0.6649214659685864,0.059487033438452686,0.085799089738586,0.6604913411196134,0.2929148165228007,0.7613655117804377,0.19269068884098142
89,sunny,0,0.13638577691183634,1.0,0.04088219019714646,0.03446095812349271,1.0,0.18563662926128752,0.5728042628583412,0.210887940173634
90,sunny,0,0.09281906553778614,1.0,0.040981538418706075,0.04070825363079046,1.0,0.20176286484581463,0.6299823752696746,0.18639317752814516
91,sunny,0,0.1439580764488286,1.0,0.0479891582402815,0.04688884172896854,1.0,0.21653831469042273,0.6140128153794993,0.1868463044897367
92,sunny,1,0.14992721979621543,0.5772925764192139,0.05145176819843467,0.07436046212866458,0.5772925764192139,0.2726911478736788,0.7231736939177124,0.25304563746896136
93,sunny,0,0.1511928715148031,0.9836159816039092,0.03961994647006528,0.044083842665748524,0.9836159816039092,0.2099615266322583,0.6047022498658843,0.20666069244599247
94,sunny,1,0.1693168433451119,0.5515312131919906,0.0612984504145511,0.07845548859232095,0.5500588928150766,0.2800990692457241,0.697505048585184,0.1748562322455484
95,sunny,1,0.2177012177012177,0.7142857142857143,0.10514049569657269,0.20282144260254617,0.7142857142857143,0.45035701682392626,0.6673792304004635,0.1708823238235003
96,sunny,0,0.17325227963525835,1.0,0.049165445956883116,0.04120170899422457,1.0,0.20298204106330334,0.6135128784802096,0.1589539834846468
97,sunny,0,0.17470829391359194,1.0,0.04327669751410593,0.034621003383949515,1.0,0.18606720125790444,0.5675324478251073,0.1618565306917469
98,sunny,0,0.1988737403675163,0.972139893301719,0.04469076972542087,0.03488979433541387,0.972139893301719,0.1867881000904872,0.585119569840093,0.16661436358775877
99,sunny,0,0.2174466730340656,0.9114931550461637,0.043901503998236155,0.0394098018999567,0.9114931550461637,0.19851902150664733,0.5820658833548307,0.15569913415859815
100,sunny,0,0.22122015915119364,0.973209549071618,0.046496395974775055,0.03107894455115772,0.973209549071618,0.1762922135295763,0.589565177460527,0.1522130337546159
1,sunny,0,0.14614773629864972,0.9253375694996029,0.06147979029824755,0.11839642588390498,0.9221604447974583,0.3440878171105524,0.7024258751855297,0.1410892554003333
2,sunny,0,0.138217000691085,1.0,0.038734724296892876,0.06181979065351372,1.0,0.2486358595486856,0.7627249285415242,0.11090965757415612
3,sunny,0,0.11196319018404909,1.0,0.03694897851147855,0.04725785221244781,1.0,0.21738871224708933,0.7795891165227352,0.12647961024900758
4,sunny,1,0.1928665785997358,0.7549537648612946,0.09138686063577268,0.24214047296808294,0.45970937912813736,0.4920777102938955,0.7665457791853667,0.10952676975677986
5,sunny,0,0.15894039735099338,0.9486754966887417,0.05462206026250454,0.09995833494996517,0.9486754966887417,0.31616188092489134,0.6792040681422098,0.14438384625373327
6,sunny,1,0.24650077760497668,0.8405909797822706,0.10285449557389706,0.20837129771129112,0.8405909797822706,0.45647705058555915,0.7465482591690703,0.11346323910590675
7,sunny,0,0.10184372256365233,0.9683933274802459,0.039595724001810044,0.07765886796410389,0.9683933274802459,0.2786734073500805,0.8165651367219353,0.15168792714627555
8,sunny,0,0.08897058823529412,0.7647058823529411,0.04065792253134209,0.10021372988030955,0.6661764705882353,0.31656552225457146,0.7687839541026836,0.11241349480968858
9,sunny,0,0.09264497878359264,0.917963224893918,0.041784727912950986,0.09015046887104926,0.917963224893918,0.3002506767203852,0.7507601524362263,0.12246165793049894
10,sunny,1,0.23817034700315456,0.42113564668769715,0.111131154113202,0.18160984630600419,0.2334384858044164,0.42615706764760364,0.7458339837213763,0.1738541473371683
11,sunny,1,0.25,0.5480769230769231,0.10788366553744475,0.24202191748854154,0.3661242603550296,0.4919572313611637,0.7606255606714263,0.09995359090381714
12,sunny,0,0.11401098901098901,0.9903846153846154,0.044715647813738595,0.05287343406442517,0.9903846153846154,0.22994224071367395,0.7543254141813147,0.11035067873303167
13,sunny,1,0.18529199711607786,0.61211247296323,0.09760264888331818,0.30942115333479187,0.32372025955299205,0.556256373747566,0.8160250722786566,0.07490280899670611
14,sunny,0,0.17560975609756097,0.8463414634146341,0.05305755579584605,0.0965703461191081,0.699390243902439,0.3107576967978558,0.7393790633319738,0.12859636537541844
15,sunny,0,0.09659090909090909,0.7102272727272727,0.030609544703968476,0.046740408249501486,0.6736111111111112,0.21619530117350258,0.7760119214193653,0.1242944147355912
16,sunny,0,0.05918727915194346,1.0,0.035240110249049626,0.0463362964584253,1.0,0.21525867336399082,0.7339493595439386,0.10858449386821867
17,sunny,0,0.05650224215246637,1.0,0.030095391872373155,0.0594472353852614,1.0,0.2438180374485477,0.7780395790422779,0.11981007649696651
18,sunny,1,0.28352769679300294,0.47230320699708456,0.08769309013062522,0.10780903510516912,0.2915451895043732,0.32834286212002406,0.6095733771282448,0.29338306751271936
19,sunny,0,0.07949308755760369,0.956221198156682,0.035617398256380946,0.043041091729993514,0.956221198156682,0.20746347083280353,0.7495951112055473,0.09478856058552453
20,sunny,0,0.1924914675767918,0.9815699658703072,0.03854163423468016,0.05779729199784271,0.9815699658703072,0.24041067363543306,0.7653238545940486,0.10507930134511143
21,sunny,0,0.0979020979020979,0.9595959595959596,0.04038705713391843,0.06506477223750211,0.9595959595959596,0.25507797285830486,0.589723694160961,0.12224507518625166
22,sunny,0,0.14814814814814814,0.9753086419753086,0.06316059543854659,0.11758667559011018,0.9753086419753086,0.34290913605518036,0.6210670979878249,0.10239167271847009
23,sunny,0,0.05423476968796434,0.8855869242199108,0.048202720466962834,0.1281490220929282,0.8855869242199108,0.3579790805241672,0.8873573031600898,0.059240159659703404
24,sunny,1,0.21081504702194356,0.4647335423197492,0.09610556352940113,0.14739546539306708,0.29780564263322884,0.38392117080602245,0.7441894248049912,0.13787878787878788
25,sunny,0,0.0768012668250198,0.7965162311955661,0.05401235543229635,0.18662657805394633,0.7965162311955661,0.4320029838484294,0.8925106629530913,0.06611398320214863
26,sunny,0,0.049738219895287955,1.0,0.027401411518216633,0.014272369675909833,1.0,0.11946702338264661,0.6526807004829647,0.04144338363617698
27,sunny,0,0.050793650793650794,0.9952380952380953,0.04231021381048435,0.060164245180037636,0.9952380952380953,0.24528400922203966,0.7712164861491141,0.05360410830999066
28,sunny,1,0.2526080476900149,0.3107302533532042,0.09925224614409042,0.12655625353622715,0.28614008941877794,0.35574745752601966,0.7244184578924028,0.11242804126121388
29,sunny,0,0.06810519217801753,0.890087660148348,0.05525321593067571,0.12142405118897073,0.890087660148348,0.34845954024674186,0.8692739405264478,0.06092843071146193
30,sunny,1,0.22869318181818182,0.6306818181818182,0.0786440007003467,0.14706423655793543,0.34801136363636365,0.38348955208445434,0.6570328511822676,0.261288435828877
31,sunny,0,0.04661654135338346,0.9390977443609022,0.05227104185414862,0.07589149999470757,0.9390977443609022,0.2754841193149027,0.8086024737917592,0.053819843726964474
32,sunny,1,0.17961466749533872,0.7265382224984462,0.08438150240233197,0.2018484344666419,0.7265382224984462,0.44927545500131866,0.786590658031014,0.10516823261311983
33,sunny,0,0.02729528535980149,1.0,0.027008934115667776,0.01339523596674937,1.0,0.11573778970910656,0.6891279168309605,0.04996350897679171
34,sunny,1,0.2610807528840316,0.7043108682452944,0.10118462721914999,0.20368643856744048,0.7043108682452944,0.45131633979664476,0.7272626562527046,0.08468873888353155
35,sunny,0,0.027440633245382585,0.9540897097625329,0.036853391265781424,0.08319759549203577,0.9540897097625329,0.28843993394125544,0.8039814033146174,0.05382792694914377
36,sunny,0,0.009237875288683603,1.0,0.015339954059476546,0.0035982552345108594,1.0,0.05998545852546981,0.560755321200201,0.04491011185074492
37,sunny,1,0.1787878787878788,0.7045454545454546,0.08454738587233315,0.17247989626398863,0.7045454545454546,0.41530699038661584,0.6565082052171843,0.3636007130124777
38,sunny,0,0.025901942645698426,1.0,0.021399454807808516,0.013066312293838188,1.0,0.11430797126114253,0.634815900412267,0.04798026518655566
39,sunny,0,0.009812667261373774,1.0,0.011804600300199737,0.0022920780693937858,1.0,0.047875652156328746,0.5743955579151308,0.041339140473316896
40,sunny,0,0.0,1.0,0.015500822482312247,0.0035746358292615393,1.0,0.05978825828924555,0.6814769867855097,0.03876366746075378
41,sunny,0,0.0,1.0,0.015887713165361778,0.004587727721447389,1.0,0.06773276697025885,0.7037790667372986,0.037364116631108404
42,sunny,0,0.03184025903939557,1.0,0.018393467032088245,0.007679370943429437,1.0,0.08763202008072983,0.7310072489570778,0.037509920319989835
43,sunny,0,0.014166130070830651,1.0,0.014297460642928967,0.0031288477998682967,1.0,0.055936104618290114,0.690776356321778,0.038571771271290224
44,sunny,0,0.05367913148371532,1.0,0.026685230292977986,0.017575057892936338,1.0,0.13257095418279352,0.6400136656395776,0.042997705716786114
45,sunny,0,0.12240184757505773,0.9157043879907621,0.059758393396393064,0.1288435313644001,0.9157043879907621,0.3589478114773791,0.7862298181114472,0.10542045917674228
46,sunny,1,0.16165244723843736,0.7817691962281096,0.11338028259883717,0.29722151187623064,0.7804220925011226,0.5451802563154966,0.797660066970407,0.11196809213132941
47,sunny,1,0.15520833333333334,0.8588541666666667,0.09137191092955536,0.22900398457858087,0.8588541666666667,0.47854360781289396,0.7992019921366024,0.06096609477124183
48,sunny,0,0.07186472522310944,0.9539689995302959,0.04530187233908201,0.125253086686947,0.9539689995302959,0.3539111282327062,0.8146897059150446,0.11820333582000203
49,sunny,1,0.17705242334322452,0.5593471810089021,0.0910145519834958,0.27884339060065966,0.5593471810089021,0.5280562381041054,0.7894533254255482,0.16279358429820986
50,sunny,0,0.14705882352941177,0.962819089900111,0.07640263881609999,0.12983959489078467,0.962819089900111,0.3603326170231952,0.7636452204112091,0.10085525886270157
51,sunny,0,0.03270609318996416,1.0,0.024935474683523112,0.04880558161815684,1.0,0.22091985338162082,0.8252435994881469,0.11789654930072388
52,sunny,0,0.07319641916798315,0.966824644549763,0.03301953637715332,0.09291230061865835,0.966824644549763,0.30481519092502324,0.7223416082666569,0.12431517103945317
53,sunny,1,0.13522458628841608,0.8520094562647754,0.07333139772206154,0.19041868864371142,0.8520094562647754,0.43636989887446564,0.7908544176567686,0.07575766003801047
54,sunny,1,0.1884328358208955,0.39925373134328357,0.0993027489890069,0.22236580952208435,0.2332089552238806,0.47155679352765595,0.737794507214313,0.14566139888791335
55,sunny,0,0.08844953173777315,0.9240374609781478,0.03944854186774654,0.07628046838198564,0.8147762747138397,0.27618918947342175,0.8160586229523593,0.10530493154597947
56,sunny,0,0.028832292167227293,1.0,0.02092823745979458,0.05037111071330004,1.0,0.22443509242830106,0.7830871057274033,0.08782919222470344
57,sunny,1,0.1996537795729948,0.3791113675706867,0.0839038178822222,0.2303418680194047,0.25851125216387766,0.4799394420334765,0.778261250122868,0.13810121856013036
58,sunny,0,0.0803030303030303,0.9484848484848485,0.037796756295740544,0.06700679021956388,0.9484848484848485,0.25885669823198293,0.7895341170508439,0.0935769459298871
59,sunny,0,0.09110169491525423,0.8215042372881356,0.03125330204094731,0.06608731257139736,0.7632415254237288,0.25707452727059005,0.8127802504938059,0.11477650382186773
60,sunny,1,0.19969666329625885,0.7527805864509606,0.09527676390575343,0.22447403250913195,0.7527805864509606,0.47378690622381275,0.8048331414459866,0.10715716013402327
61,sunny,0,0.06289308176100629,1.0,0.03326322414591444,0.05782209260736933,1.0,0.2404622477799152,0.7820408936748459,0.10459982735232458
62,sunny,0,0.043993231810490696,1.0,0.02895857005873681,0.050531971551962436,1.0,0.2247931750564559,0.7369220551220432,0.09903896132621125
63,sunny,1,0.13926084627745045,0.850562399571505,0.05629102598996405,0.18507096342287846,0.8457418318157471,0.4301987487462957,0.8204167739014019,0.0640242813783253
64,sunny,0,0.08786231884057971,1.0,0.03911228947882965,0.04885059471132271,1.0,0.22102170642568733,0.753079305760375,0.1251118925831202
65,sunny,0,0.043454345434543455,0.977997799779978,0.029026381543582582,0.06369425246253113,0.977997799779978,0.2523772027393345,0.7907593929725844,0.11326171832869561
66,sunny,0,0.11559139784946236,1.0,0.04496112737803108,0.06343267111038031,1.0,0.25185843466197494,0.700862895855566,0.10113149202333263
67,sunny,1,0.17359413202933985,0.8347188264058679,0.08966335357947013,0.1820428208281713,0.8342298288508557,0.4266647639871042,0.7558601487578982,0.28300302027901625
68,sunny,0,0.09366869037294015,0.6895056374674762,0.07147600725587397,0.3273070140507658,0.6838681699913269,0.5721075196593433,0.8970116847129826,0.11298573202047515
69,sunny,1,0.12586276898091758,0.8790093382054405,0.07973764694041932,0.21490766896709962,0.8790093382054405,0.4635813509699237,0.794039685297714,0.05426508402792705
70,sunny,0,0.0683311432325887,0.7568988173455979,0.05591588756982386,0.28377345324464043,0.7568988173455979,0.5327039076678906,0.9108552619220187,0.09556225468724502
71,sunny,0,0.05289532293986637,1.0,0.02735459584655441,0.014017108082479492,1.0,0.11839386843278452,0.6823794518567727,0.06974322022795756
72,sunny,0,0.10476639924492685,0.9943369513921662,0.07820769138120304,0.11872803961876931,0.9943369513921662,0.3445693538589428,0.8228036070694273,0.0755480294996715
73,sunny,1,0.17800233190827827,0.2518460940536339,0.07638551960432874,0.20695685404162753,0.20132141469102216,0.45492510816795717,0.8058063529951621,0.1490820968885028
74,sunny,0,0.022943875750088244,0.9876456053653371,0.03181764386776727,0.031310969321890696,0.9876456053653371,0.17694905855045032,0.7538259481330976,0.05678868794252611
75,sunny,0,0.0,1.0,0.011045246870416773,0.002329598515254925,1.0,0.04826591463191105,0.6522669267798445,0.04918116728906781
76,sunny,0,0.011787819253438114,1.0,0.011552075870394727,0.006138020372517693,1.0,0.07834551916043248,0.6578529507818768,0.04987865480180285
77,sunny,1,0.1806383725008769,0.5748860049105577,0.09141763781709009,0.2877467676396292,0.5601543318133988,0.5364203273922692,0.790250458268471,0.10166780145941225
78,sunny,0,0.034530386740331494,0.9958563535911602,0.02838821032530407,0.025368046547481173,0.9958563535911602,0.15927349606096167,0.7853128104949995,0.055569999638897916
79,sunny,0,0.029411764705882353,1.0,0.013840801846795012,0.004127973241888896,1.0,0.06424930538059455,0.6821869408866925,0.04916416762783545
80,sunny,0,0.0,1.0,0.016153266308145533,0.005404546965423173,1.0,0.0735156239545253,0.6187343075966625,0.05076170634041107
81,sunny,0,0.02493765586034913,1.0,0.01926541329296354,0.006153632343860938,1.0,0.07844509126682778,0.6438092793515242,0.05226150310498264
82,sunny,1,0.1878048780487805,0.47735191637630664,0.09166408628008386,0.279921696494207,0.454006968641115,0.5290762671810246,0.8042666152935811,0.13660312905650066
83,sunny,0,0.03844718178424785,0.9272116461366181,0.03708946348046156,0.08488103488998792,0.9272116461366181,0.2913434998244991,0.8540266796734789,0.06633730759941155
84,sunny,0,0.0,1.0,0.013630101037275669,0.004743692903581135,1.0,0.06887447207479078,0.6360862536528488,0.04908737024221453
85,sunny,0,0.0,1.0,0.011989032286157353,0.002883344588071899,0.999597261377366,0.05369678377772638,0.6671773506060243,0.04698301390632773
86,sunny,1,0.15544230069166362,0.2537313432835821,0.07388624376198222,0.19498231968208107,0.22970513287222424,0.44156802384466326,0.8013578440812948,0.1436033605287765
87,sunny,0,0.003227293683725219,1.0,0.014648011262063302,0.003239994325069949,1.0,0.05692094803382977,0.5238870849590603,0.04408284291125394
88,sunny,1,0.15747080144985903,0.38461538461538464,0.07609573033461557,0.14761034256705224,0.3193717277486911,0.3842009143235506,0.7553610399988352,0.20888078147086464
89,sunny,0,0.07939600584510473,0.9917194349732099,0.04270971707629212,0.05174034527443539,0.9917194349732099,0.22746504187332917,0.6871732560302382,0.09794179727419464
90,sunny,0,0.09125117591721543,1.0,0.03135024649513526,0.03522453245777149,1.0,0.18768199822511347,0.6344738964215134,0.08990463541954882
91,sunny,0,0.08323057953144267,1.0,0.03341741035097394,0.03703757088248758,1.0,0.192451476696043,0.5785908768623896,0.09306714054302362
92,sunny,0,0.0826783114992722,0.9877729257641922,0.03341064573151282,0.05381179524927076,0.9877729257641922,0.23197369516665195,0.6678583568609042,0.09825384593429803
93,sunny,0,0.06984765737280828,1.0,0.02794809457333795,0.04196429772067526,1.0,0.20485189215790822,0.7487012582528538,0.10139041532105801
94,sunny,0,0.09570082449941107,1.0,0.03119863265025866,0.030771544621280532,1.0,0.17541819923052607,0.6809860006221194,0.08564978405967806
95,sunny,0,0.1271161271161271,1.0,0.036578119573703466,0.03516581489238964,1.0,0.1875255046450739,0.63046638540527,0.0978586860939802
96,sunny,1,0.1398176291793313,0.6190476190476191,0.10159744990799381,0.3546120181662032,0.48328267477203646,0.5954930882606474,0.8154972771273368,0.11752918661554457
97,sunny,0,0.043519394512771994,1.0,0.026123360693864384,0.01411906046746805,1.0,0.11882365281150066,0.6079424748119943,0.0768830269414609
98,sunny,0,0.053052756372258446,1.0,0.0265641303230894,0.02103663458874047,1.0,0.14504011372286107,0.6812413004698041,0.08782965468345014
99,sunny,0,0.05157593123209169,0.9955428207577205,0.0258562650659408,0.02171966734284457,0.9955428207577205,0.14737593881921354,0.6888152956655345,0.0819733942606014
100,sunny,0,0.04403183023872679,1.0,0.02383437043427731,0.015725760170832565,1.0,0.1254023930028154,0.628069541571512,0.07277682425755448
1,sunny,1,0.22875297855440826,0.8141382049245433,0.09216804011663515,0.18604350410446646,0.8109610802223988,0.4313276064715386,0.721471739688079,0.0926567926614649
2,sunny,1,0.18382861091914304,0.8645473393227368,0.09269243792187588,0.20038976797793653,0.8645473393227368,0.447649157240284,0.6929944626065534,0.07435803623453528
3,sunny,1,0.2645705521472393,0.7315950920245399,0.1045403138244683,0.2036129913756075,0.7170245398773006,0.4512349624924996,0.736890715203308,0.0928996752075063
4,sunny,1,0.26816380449141347,0.773447820343461,0.10629634969956571,0.16817761194783779,0.7688243064729194,0.41009463779454347,0.703656508961819,0.12073458181158858
5,sunny,0,0.1390728476821192,1.0,0.04088737770346301,0.07778074677380564,1.0,0.2788919984040518,0.7360429676700105,0.20276587456174525
6,sunny,1,0.2667185069984448,0.8569206842923794,0.09800524069930482,0.11967879662324171,0.8569206842923794,0.3459462337173823,0.66172987741079,0.09973774890982831
7,sunny,1,0.19315188762071994,0.7278314310798947,0.10216909860205323,0.2339652445115816,0.38893766461808604,0.4836995394990382,0.7738790428441668,0.058764998536728126
8,sunny,1,0.2625,0.6279411764705882,0.09724259558057614,0.17485189420092617,0.34191176470588236,0.41815295550901727,0.6900511046076696,0.12077566320645905
9,sunny,1,0.2814710042432815,0.6633663366336634,0.08918824343117912,0.15145882168679456,0.5495049504950495,0.3891771083797126,0.696917517889205,0.13022991374767728
10,sunny,1,0.25630914826498424,0.6869085173501577,0.10426102029518827,0.22070904599078747,0.4518927444794953,0.4697968135170645,0.7167195972298913,0.11100389682686955
11,sunny,1,0.2359467455621302,0.6479289940828402,0.0957861351657605,0.16625297485793003,0.6479289940828402,0.40774130874603576,0.7445869949482019,0.06930908458057779
12,sunny,0,0.1407967032967033,0.8138736263736264,0.04143125676078818,0.06885997083599656,0.7019230769230769,0.26241183440537996,0.7736517592061678,0.18565503124326652
13,sunny,1,0.2754145638067772,0.37707281903388606,0.08648504691664657,0.12712362617117437,0.2891131939437635,0.3565440031345001,0.6916534981119464,0.09760379999151787
14,sunny,1,0.26158536585365855,0.5664634146341463,0.10653850093476264,0.20169231931799445,0.3932926829268293,0.4491016803776116,0.7117293020266212,0.10220946915351506
15,sunny,1,0.2765151515151515,0.6597222222222222,0.10732340440254201,0.120175566411928,0.5827020202020202,0.34666347718201873,0.6803530691918975,0.14635571400277284
16,sunny,1,0.2712014134275618,0.6863957597173145,0.10309823872304981,0.1405329548098041,0.6846289752650176,0.37487725299063435,0.7115258501469668,0.14203907711494493
17,sunny,1,0.2358744394618834,0.7147982062780269,0.11933272227939179,0.216004376124593,0.7147982062780269,0.4647627094815084,0.7471806652241041,0.08766728215950058
18,sunny,1,0.25583090379008744,0.6457725947521866,0.1025786231197488,0.20815630241447422,0.6443148688046647,0.45624149571742617,0.6942503506178047,0.10818613159549534
19,sunny,1,0.23329493087557604,0.6664746543778802,0.09033891831015525,0.1421765334645825,0.657258064516129,0.37706303646019523,0.7348207079828118,0.12745098039215685
20,sunny,1,0.2675767918088737,0.7556313993174062,0.0940153549307881,0.11079814462281393,0.7556313993174062,0.332863552559925,0.6721624146360412,0.16061567289031653
21,sunny,1,0.25097125097125095,0.8243978243978244,0.1040987944122213,0.0909883473758763,0.8243978243978244,0.30164274792521745,0.6873501610938876,0.13125828419946067
22,sunny,1,0.2506172839506173,0.8419753086419753,0.1048870692875711,0.14754251190481002,0.837037037037037,0.38411262919202493,0.7265055648913946,0.31195352214960054
23,sunny,1,0.15973254086181277,0.62481426448737,0.06697900116035466,0.21468193222262577,0.62481426448737,0.4633378165255085,0.8002297490247755,0.3210004952947003
24,sunny,1,0.2061128526645768,0.677115987460815,0.08313899306016409,0.18806938694631747,0.6653605015673981,0.43366967492126707,0.716363069152628,0.11052000737599116
25,sunny,1,0.23990498812351543,0.6468725257323832,0.08255593871341022,0.18522283906282877,0.6326207442596992,0.43037523054054677,0.7487997904767941,0.10143604551876174
26,sunny,1,0.2356020942408377,0.805628272251309,0.10644243106866,0.17463700371918908,0.7997382198952879,0.4178959245065559,0.6517256074338249,0.11231136433631043
27,sunny,1,0.24365079365079365,0.9,0.11540844390228883,0.18347044074468327,0.9,0.4283344963281422,0.6902478643365344,0.09183940242763772
28,sunny,1,0.23845007451564829,0.6415797317436661,0.11107442247269661,0.23265249642145383,0.6378539493293591,0.48234064355127054,0.7460147894897406,0.08871453201250694
29,sunny,1,0.20498988536749832,0.8057990559676331,0.09329248263323489,0.19153449699279443,0.8057990559676331,0.43764654344892806,0.7899832782226975,0.07415281689209736
30,sunny,1,0.20241477272727273,0.8586647727272727,0.09042508437115972,0.18157140061653815,0.8586647727272727,0.426111957842699,0.7405561273196544,0.07008968360071301
31,sunny,1,0.21052631578947367,0.869172932330827,0.10520955193405222,0.18630483589883728,0.869172932330827,0.43163043903186127,0.7354770451267482,0.05862892525431225
32,sunny,1,0.218769422001243,0.7339962709757614,0.0909174250365191,0.1504674594356446,0.7339962709757614,0.3879013527118004,0.7482447686206003,0.10335490317941969
33,sunny,1,0.17431761786600497,0.8573200992555832,0.08914884748899059,0.14845865374196396,0.8573200992555832,0.38530332692823194,0.7304947460284474,0.054726803872913926
34,sunny,0,0.10746812386156648,1.0,0.044121267654363215,0.031571611809553216,1.0,0.17768402238117306,0.5573633489311445,0.10214412419491171
35,sunny,1,0.22532981530343008,0.5303430079155673,0.08992188502592659,0.1719591380644194,0.5303430079155673,0.41467956070250117,0.6557514916486509,0.13217238346525945
36,sunny,1,0.24826789838337182,0.6535796766743649,0.09336194601174498,0.1561574616760446,0.6056581986143187,0.3951676374351076,0.7399228693030587,0.34308517864420596
37,sunny,1,0.198989898989899,0.5515151515151515,0.07815284883682148,0.18942969395468087,0.5515151515151515,0.4352352168134845,0.738466341919281,0.13332937215290155
38,sunny,0,0.10314523589269195,1.0,0.03373107915884026,0.02287819865935586,1.0,0.1512554086945517,0.7188639699403735,0.10372022999764198
39,sunny,1,0.1784121320249777,0.7252453166815344,0.09600610000466839,0.20149347260523273,0.7252453166815344,0.44888024305513013,0.7803717038405281,0.10085357961204107
40,sunny,1,0.19314641744548286,0.4192256341789052,0.08285318775900904,0.21152601897691908,0.4121050289274588,0.459919578814513,0.7605029578012668,0.10745481993420421
41,sunny,1,0.21178756476683938,0.8743523316062176,0.09609579880617089,0.20104281081722244,0.8743523316062176,0.44837797762292303,0.7477288641231541,0.07153306918622371
42,sunny,1,0.1921208850512682,0.9050188882892607,0.0811279604934289,0.1663523301779478,0.9050188882892607,0.4078631267691991,0.7382225862367354,0.06532067765044496
43,sunny,0,0.06567933032839665,1.0,0.02547797496739393,0.009140134304840886,1.0,0.09560404962573962,0.6337559981874937,0.11487696173124756
44,sunny,0,0.09529553679131483,1.0,0.03704379142229521,0.02490354427415032,1.0,0.15780856844338434,0.6718603202476764,0.12264244660469736
45,sunny,1,0.20207852193995382,0.6905311778290993,0.09217389535505979,0.2524206180521401,0.6709006928406467,0.5024147868565774,0.7829405832636759,0.09381877462301318
46,sunny,1,0.15850920520880107,0.818140996856758,0.10241153988843855,0.2772691098542805,0.8176919622810956,0.526563490810254,0.7610326115477777,0.0713771274113597
47,sunny,1,0.17135416666666667,0.8770833333333333,0.08306222082645727,0.2107144004442736,0.8770833333333333,0.4590363824843011,0.7850216031802186,0.07494281045751634
48,sunny,1,0.21888210427430718,0.8393612024424613,0.08981721060795413,0.16041451743384894,0.8393612024424613,0.4005178116312044,0.7255190952085667,0.29130679044750823
49,sunny,1,0.1963402571711177,0.7477744807121661,0.10054277999733195,0.23807520170040186,0.7477744807121661,0.48792950484716735,0.7094018848999138,0.11649308585946742
50,sunny,1,0.17480577136514983,0.9006659267480577,0.07667755142558427,0.17433627738992052,0.9006659267480577,0.41753595939741583,0.7160644317699962,0.06404648429849187
51,sunny,1,0.20743727598566308,0.8494623655913979,0.0813140961821537,0.15144685061017701,0.8467741935483871,0.3891617280902337,0.7101855984201889,0.12934324267341346
52,sunny,1,0.20063191153238547,0.9268035808320169,0.08199374515775694,0.16033368911899312,0.9268035808320169,0.4004168941478283,0.7037690150968922,0.08101684064884511
53,sunny,1,0.22080378250591018,0.9238770685579196,0.07342284994638021,0.09933536641440253,0.9148936170212766,0.3151751360980154,0.6007891436215338,0.1269883650859871
54,sunny,1,0.17444029850746268,0.7154850746268657,0.0918510668151275,0.24230243001999674,0.7154850746268657,0.49224224729293276,0.7483952760866879,0.07488659642961663
55,sunny,1,0.23777315296566076,0.6425598335067638,0.09412980625599088,0.18211067740706505,0.5374609781477627,0.42674427636122436,0.7288365330131773,0.12549835751157903
56,sunny,1,0.20807304180682365,0.6895723209995195,0.096783847369168,0.24716956085431824,0.6895723209995195,0.4971615037936045,0.7910680245440427,0.08355522891520857
57,sunny,1,0.2308136180034622,0.6255049047893826,0.08592431016527004,0.15948418870245207,0.33294864396999424,0.3993547153877766,0.7483214525980201,0.10930382539628661
58,sunny,1,0.1803030303030303,0.8106060606060606,0.07425628302293316,0.17855008414468299,0.8106060606060606,0.422551871543226,0.7782722936616524,0.07279065161418102
59,sunny,1,0.1896186440677966,0.6191737288135594,0.08277367009360648,0.21716323582081384,0.420021186440678,0.4660077636915654,0.7559949181110348,0.09959911930874045
60,sunny,1,0.19767441860465115,0.532355915065723,0.08580243210916469,0.22379834734018722,0.32153690596562184,0.47307330017681953,0.7714211547794166,0.06879993655702928
61,sunny,1,0.18982275586049172,0.6180674671240709,0.08509474698040853,0.25048808177613924,0.6003430531732419,0.5004878437845811,0.7884457859740392,0.06521149340239239
62,sunny,1,0.25098702763677383,0.9193457416807671,0.09001958923719643,0.08956843797794083,0.9193457416807671,0.2992798656407424,0.620289069018934,0.1393959501454276
63,sunny,1,0.18157471880021425,0.7080878414568827,0.06719828675115219,0.11802792320326357,0.6979110873058383,0.3435519221358885,0.7291626217566208,0.40555573059432665
64,sunny,1,0.23143115942028986,0.8043478260869565,0.11666209807685063,0.21920872850068734,0.7998188405797102,0.46819731791274427,0.7582040465059932,0.07552394146064223
65,sunny,1,0.21947194719471946,0.8261826182618262,0.10404594996360583,0.11054863386680798,0.8003300330033003,0.33248854697088137,0.6720453995005171,0.18036411484285683
66,sunny,1,0.17831541218637992,0.9139784946236559,0.09039326716199937,0.17985781113039995,0.910394265232975,0.42409646441629284,0.7986580663304451,0.07865626537353292
67,sunny,1,0.10660146699266504,0.9579462102689487,0.06045374875824734,0.17707861274920805,0.9579462102689487,0.42080709683797873,0.8359444455148839,0.056232801188935234
68,sunny,1,0.18256721595836947,0.7411101474414571,0.07889572781755858,0.20669244059382852,0.7294015611448396,0.45463440322288473,0.7659970153524978,0.09183885175926398
69,sunny,0,0.1120584652862363,0.9155501421031262,0.04239130561355534,0.11861467411674437,0.9155501421031262,0.3444048114018507,0.7815847488766573,0.12151608511857849
70,sunny,1,0.1445466491458607,0.9088918090232151,0.10473668492200887,0.23217394628942728,0.9088918090232151,0.4818443174817228,0.7647860359258082,0.0592873154518049
71,sunny,1,0.1653674832962138,0.8212694877505567,0.10261600362764418,0.25866807341411163,0.8212694877505567,0.5085942129184244,0.7740525639404906,0.07019083802786148
72,sunny,1,0.21708352996696556,0.8107597923548844,0.11244326202667412,0.26000278485436146,0.8107597923548844,0.5099046821263377,0.7571626337210974,0.06716079541774236
73,sunny,1,0.18266614846482704,0.5549941702293043,0.07475052309294183,0.19323034815957374,0.49475320637388265,0.4395797403879912,0.6899679241090009,0.1085907196147017
74,sunny,1,0.17755030003529826,0.8168019767031416,0.09006457865796211,0.21045084608979991,0.8168019767031416,0.45874921917077954,0.7689580896394953,0.06914169833129157
75,sunny,1,0.17964880684376408,0.8095452498874381,0.11427986576969261,0.2953875963063794,0.8095452498874381,0.543495718756256,0.8060048335391627,0.08762172135851189
76,sunny,1,0.18978388998035364,0.8330058939096268,0.0925770135544324,0.16388093812221832,0.8330058939096268,0.40482210676075775,0.6730205242653878,0.12067028776147001
77,sunny,1,0.21501227639424764,0.8372500876885304,0.10622070485345314,0.13947607763704295,0.8372500876885304,0.373464961726054,0.6329969746696498,0.13306923611254395
78,sunny,1,0.23158379373848986,0.748158379373849,0.08705602154005186,0.12496356253350874,0.7196132596685083,0.3535018564781644,0.6879056794295627,0.14134979958834362
79,sunny,1,0.20627450980392156,0.7305882352941176,0.08319709906360247,0.11843667592433692,0.7286274509803922,0.3441463001752843,0.7280905931748077,0.3144298346789696
80,sunny,1,0.20346646571213264,0.758854559155991,0.09191008891728787,0.20881001075537411,0.758854559155991,0.45695734019202944,0.7497428204820655,0.06250277051287735
81,sunny,0,0.07668329177057356,1.0,0.02947804511136577,0.014194228966448175,1.0,0.11913953569847491,0.641249118788014,0.11980954476553714
82,sunny,1,0.17317073170731706,0.8578397212543554,0.06454655654055362,0.1223017072156457,0.8578397212543554,0.3497166098652532,0.7372579691622774,0.05891234542597527
83,sunny,1,0.14818962299365435,0.8581560283687943,0.06757292443889312,0.14941316589420015,0.8581560283687943,0.38653999261939265,0.7669825734308734,0.06707360809198633
84,sunny,1,0.1875,0.6915441176470588,0.08252835836737155,0.15185156473455114,0.6746323529411765,0.3896813630834186,0.8087404605351994,0.4544809688581315
85,sunny,1,0.18767619814740233,0.6669351590817559,0.08393405685471517,0.15919136436965312,0.6379379782521144,0.3989879250925435,0.6485971158545558,0.12990452725592855
86,sunny,1,0.15689843465598835,0.8991627229705133,0.07991239741637542,0.1714819801604536,0.8991627229705133,0.4141038277539264,0.7325743722552358,0.09059580148040287
87,sunny,1,0.18672199170124482,0.8612263715998156,0.10464183601240239,0.2204287994031464,0.8612263715998156,0.4694984551658785,0.7779707955278002,0.09401097460653234
88,sunny,1,0.1860652436568667,0.6153846153846154,0.08053945158576373,0.20710494238213115,0.6117599677809102,0.455087840292543,0.7952550763261383,0.11132011403030806
89,sunny,0,0.12713102776424745,1.0,0.042864425959215344,0.061582227671031435,1.0,0.24815766696000235,0.6691367643603806,0.15506910021680373
90,sunny,0,0.11853245531514581,0.993414863593603,0.03924178301270519,0.0651718397906685,0.993414863593603,0.2552877587951849,0.6583526014345549,0.1440650766421338
91,sunny,1,0.16954377311960542,0.7953144266337855,0.09151186603638858,0.276810278888745,0.7953144266337855,0.5261276260459481,0.7658736265428558,0.07641377142718987
92,sunny,1,0.19941775836972345,0.7228529839883552,0.08308578430951993,0.17802907267719636,0.6850072780203784,0.42193491521465293,0.6944011307763103,0.13123498016382681
93,sunny,0,0.09054325955734406,0.998275366484622,0.042713360088127796,0.083723346612878,0.998275366484622,0.2893498688661842,0.7615436971346881,0.16081362122313714
94,sunny,1,0.2046525323910483,0.6381036513545347,0.08918222908307187,0.20532259220069546,0.6277974087161367,0.45312536035924483,0.7452554834078823,0.10263054574008638
95,sunny,1,0.20641520641520641,0.7808137808137808,0.11568929472660369,0.24315458144149604,0.7778437778437779,0.49310706894293865,0.7543408413873471,0.10241385535503182
96,sunny,0,0.1661600810536981,1.0,0.04722666349486514,0.05834454227318447,1.0,0.24154614936525995,0.6281374170226459,0.13246849567250066
97,sunny,0,0.1217281614632608,1.0,0.0402220451819345,0.04235939683655801,1.0,0.20581398600813797,0.5561890556431546,0.12744170515888475
98,sunny,0,0.11529342027267339,0.9540604623592176,0.0408332018133736,0.06660569954365893,0.9540604623592176,0.25808080041657294,0.698416770437474,0.13931913014168323
99,sunny,1,0.16109519261381725,0.5851639605221267,0.06892329639212005,0.12433056951436626,0.5829353709009869,0.35260540199260454,0.7472843057578825,0.134290940190148
100,sunny,1,0.19814323607427056,0.4989389920424403,0.09617990009648288,0.224739372524858,0.46127320954907164,0.4740668439417146,0.7666252159124933,0.12406823737452541
1,sunny,0,0.11199364575059571,1.0,0.044571789489063145,0.0547403803880137,0.9968228752978554,0.2339666223802312,0.7015901896065316,0.13395318413306545
2,sunny,0,0.09191430545957152,0.9682100898410505,0.03853226876608484,0.050317584362170015,0.9682100898410505,0.22431581389231126,0.6373835905945094,0.12563925362819625
3,sunny,0,0.11196319018404909,1.0,0.04195401316706526,0.0453985749045788,1.0,0.21306941334827673,0.6680352259455712,0.1528539636713581
4,sunny,0,0.12483487450462351,1.0,0.04052945495164027,0.04073717146528682,1.0,0.20183451504954947,0.6527915474435652,0.14391949646437174
5,sunny,0,0.15397350993377484,1.0,0.04150091234147699,0.03860245224545399,1.0,0.19647506774513146,0.7361275114684966,0.16481625762887936
6,sunny,0,0.14074650077760498,0.9027993779160186,0.04825372183566145,0.04896218794389188,0.9027993779160186,0.22127401099969213,0.7231025307677804,0.14318604580245783
7,sunny,0,0.11940298507462686,0.6628621597892889,0.03728828777842614,0.04428245973968012,0.5768217734855136,0.21043397952726198,0.7569022924236243,0.16089104649761574
8,sunny,0,0.09558823529411764,0.6838235294117647,0.03595244263565527,0.0550111973169755,0.5992647058823529,0.23454465953625014,0.6743204350771602,0.15516147635524796
9,sunny,0,0.0876944837340877,0.7432814710042432,0.03711861025702518,0.037292853952851084,0.693069306930693,0.19311357785730937,0.6439466137260147,0.14470699170757412
10,sunny,0,0.0946372239747634,0.7752365930599369,0.039095994924122454,0.03178623880244444,0.7752365930599369,0.178286956344104,0.6800809669643756,0.15497000061854396
11,sunny,0,0.13535502958579881,0.6715976331360947,0.037314370915908314,0.03770953839520128,0.6346153846153846,0.19418943945333714,0.6938624671637557,0.14756352245040028
12,sunny,0,0.09958791208791208,0.7671703296703297,0.040210551539619464,0.03326575310481542,0.7142857142857143,0.1823890158557127,0.7041721067045114,0.14578215901745312
13,sunny,0,0.09949531362653208,0.7296322999279019,0.03804045222587143,0.02946344976743856,0.7007930785868781,0.17164920555434726,0.6551881296828596,0.15243790378444094
14,sunny,0,0.1445121951219512,0.6841463414634147,0.04281985213499747,0.0438163987172828,0.6524390243902439,0.20932366974922545,0.6656872889531507,0.1499689143950263
15,sunny,0,0.10037878787878787,0.523989898989899,0.0317623168144718,0.02605218590434067,0.5018939393939394,0.16140689546714126,0.6398196093148976,0.16343087740146564
16,sunny,0,0.1413427561837456,0.8409893992932862,0.03737534636102915,0.033347287148429924,0.7199646643109541,0.18261239593310724,0.6728269066924478,0.15549435321831911
17,sunny,0,0.06188340807174888,0.9461883408071748,0.03273335916794557,0.0270676541858797,0.9461883408071748,0.16452250358501022,0.6944787340187453,0.1321410357865119
18,sunny,0,0.14650145772594753,0.6931486880466472,0.039556577055709585,0.03642042821326128,0.575801749271137,0.19084136923964176,0.6404309317049287,0.14506945635397017
19,sunny,0,0.15380184331797234,0.8271889400921659,0.04005524107236999,0.029294652712444875,0.8271889400921659,0.17115680737979683,0.5862359278323861,0.12844944429384658
20,sunny,0,0.14061433447098975,0.6300341296928328,0.04658076408869123,0.04891662626844576,0.5569965870307167,0.2211710339724571,0.6358942852479126,0.12664123669945793
21,sunny,0,0.14763014763014762,0.6534576534576535,0.038881845676196555,0.028588913732282475,0.6076146076146076,0.16908256483825432,0.7348394605113131,0.13645047762694823
22,sunny,0,0.06172839506172839,0.9425925925925925,0.030333150282023883,0.025389573998159172,0.9425925925925925,0.15934106187094138,0.6596843418129966,0.10475429678044057
23,sunny,0,0.05349182763744428,1.0,0.0327593072675237,0.0130005938220923,1.0,0.11402014656231722,0.56397269110571,0.06288203245637038
24,sunny,0,0.12852664576802508,1.0,0.03697892577013459,0.01774740529388956,1.0,0.13321938783033632,0.6279171770221784,0.05448398795254779
25,sunny,0,0.09184481393507522,1.0,0.036793291992161935,0.017294728922274256,1.0,0.1315094252222032,0.6676558197853739,0.06912269262415972
26,sunny,0,0.07068062827225131,1.0,0.035343437458461975,0.02105527421588614,1.0,0.145104356295344,0.6119119273139473,0.08081562467919104
27,sunny,0,0.06984126984126984,1.0,0.031232264074477243,0.012956033829653865,1.0,0.1138245748055044,0.5911469207681026,0.10888888888888888
28,sunny,0,0.14456035767511177,1.0,0.049592956968498504,0.030227253892044136,1.0,0.1738598685494848,0.6123901095418801,0.10574793255603283
29,sunny,0,0.09912339851652056,1.0,0.03954005640212367,0.016584841601133524,1.0,0.12878214783553474,0.6980836773792729,0.11311464572342761
30,sunny,0,0.08238636363636363,1.0,0.032432242420614016,0.012267477552290362,1.0,0.11075864549682052,0.5733044518264356,0.09631238859180036
31,sunny,0,0.11203007518796992,1.0,0.03741835069593378,0.01897205606483536,1.0,0.1377390869173865,0.5950124996340878,0.10513047324192835
32,sunny,0,0.09695463020509633,1.0,0.03721031842823323,0.019548589357634736,1.0,0.13981627000329658,0.6808986434100607,0.09500237633897561
33,sunny,0,0.07382133995037221,1.0,0.03357721822858934,0.011818571317454707,1.0,0.10871325272226338,0.5383004449154278,0.10322823918649346
34,sunny,0,0.05585913782635094,1.0,0.03694464472244962,0.01928538530337648,1.0,0.13887183048903934,0.5781565304917867,0.10270843006297845
35,sunny,0,0.0712401055408971,1.0,0.03268709282555354,0.016861822740024943,1.0,0.1298530813651526,0.6397779498065571,0.09715970821046097
36,sunny,0,0.04561200923787529,1.0,0.02544513139997295,0.008894363432796976,1.0,0.09430993284271268,0.5270585966771583,0.09589503237784722
37,sunny,0,0.06464646464646465,1.0,0.03021611270884828,0.013155937975399023,1.0,0.11469933729276305,0.6021074460410824,0.09198257080610021
38,sunny,0,0.05504162812210916,1.0,0.02624709042132177,0.012805936756580823,1.0,0.11316331895354087,0.5691078293121568,0.089971159601676
39,sunny,0,0.030776092774308653,1.0,0.01877607251968397,0.0055542666401373775,1.0,0.07452695244096177,0.6430172598179931,0.08407759178604537
40,sunny,0,0.037383177570093455,1.0,0.02157399612049206,0.010068481879267736,1.0,0.10034182517409047,0.6474198533433764,0.07341553443807429
41,sunny,0,0.018134715025906734,1.0,0.022746083431086753,0.014734698682760363,1.0,0.12138656714299306,0.6026400301147122,0.07356497002946256
42,sunny,0,0.029681597409606044,1.0,0.02554464996436254,0.008739009396491823,1.0,0.09348266896324593,0.5961152395605978,0.07297334476154196
43,sunny,0,0.03734707018673535,1.0,0.0232848057560355,0.009573696703965635,1.0,0.0978452691956317,0.6497623691406599,0.06673989621605242
44,sunny,0,0.018697225572979495,1.0,0.023443760118844567,0.006720419704990692,1.0,0.08197816602602605,0.6542592644207835,0.06811182856737388
45,sunny,0,0.10739030023094688,0.9076212471131639,0.04289455429829703,0.04996673277086517,0.9076212471131639,0.22353239758671486,0.7225806019897199,0.10221210886202055
46,sunny,0,0.040862146385271664,0.9887741356084419,0.033307164603975106,0.05215662587976577,0.9887741356084419,0.2283782517661561,0.7907838083874134,0.11754492546906505
47,sunny,0,0.13020833333333334,0.8614583333333333,0.039260202523032084,0.05776190766305161,0.8614583333333333,0.24033707092966664,0.7198212929359523,0.136343954248366
48,sunny,0,0.11554720526068576,0.7609206200093941,0.036131030131506967,0.061368711895334146,0.6768435885392203,0.24772709156516198,0.8017229119267432,0.13969736321019718
49,sunny,0,0.13897131552917902,0.7418397626112759,0.04218562010957943,0.06341146956081484,0.612759643916914,0.2518163409328609,0.7618882307200796,0.1619363472391924
50,sunny,0,0.11265260821309656,0.8218645948945617,0.04975238104596644,0.05992995238825642,0.8218645948945617,0.24480594843315473,0.784995525249848,0.14059324062588408
51,sunny,0,0.0913978494623656,0.9242831541218638,0.031787785075572575,0.048451558760385,0.9242831541218638,0.2201171478108532,0.7629554066922147,0.1671480778691405
52,sunny,0,0.10321221695629279,0.9842022116903634,0.03586897922265201,0.04313454210284475,0.9842022116903634,0.20768856998603644,0.7560036225190909,0.15703827607925738
53,sunny,0,0.061465721040189124,0.8869976359338061,0.03676080742042075,0.05187674474133955,0.8869976359338061,0.22776466965124234,0.6843148986381081,0.1683048254762898
54,sunny,0,0.07602611940298508,0.8083022388059702,0.031923327750741456,0.04221849604717465,0.7425373134328358,0.20547139958440602,0.7290938087315305,0.15255340942347087
55,sunny,0,0.0639958376690947,0.8106139438085328,0.029159809463952656,0.044849012568813115,0.7258064516129032,0.2117758545462941,0.749472992029319,0.16414886454061334
56,sunny,0,0.028351753964440174,0.9139836617011052,0.030734112423384505,0.028839737036693635,0.9139836617011052,0.1698226634954641,0.6798307674499613,0.13679886178402165
57,sunny,0,0.023658395845354875,0.8038084246970572,0.0255709434298302,0.03497795114009218,0.727062896710906,0.18702393199826642,0.6718773422046386,0.1607051129742145
58,sunny,0,0.044444444444444446,0.8580808080808081,0.031500608878764116,0.03252026452902573,0.8111111111111111,0.18033375870597754,0.6814416962406075,0.14066745890275303
59,sunny,0,0.07309322033898305,0.7478813559322034,0.033200086101900686,0.043329694573640325,0.6647245762711864,0.208157859745051,0.7152765761389857,0.14635468594217346
60,sunny,0,0.09150657229524772,0.7972699696663297,0.02925308704357578,0.03706898091470936,0.7234580384226491,0.19253306447129895,0.7574259153930419,0.15147604036559012
61,sunny,0,0.04173813607775872,0.7186963979416809,0.02769524437564207,0.04322229991743789,0.6861063464837049,0.2078997352510048,0.7467254853028912,0.15466092669200326
62,sunny,0,0.0874224478285392,0.9024252679075014,0.031941561787490455,0.028180253113998854,0.9024252679075014,0.16786975044360689,0.6824242935436344,0.14886920363181932
63,sunny,0,0.036957686127477234,0.8928762720942689,0.03265418835522074,0.03624861868812004,0.8928762720942689,0.19039070010932793,0.6953062764388643,0.148145814297867
64,sunny,0,0.08288043478260869,0.8980978260869565,0.029760383717485593,0.025809149357250427,0.8980978260869565,0.16065226222263546,0.701898000228524,0.12461992043194088
65,sunny,0,0.05665566556655666,0.8003300330033003,0.0285260031386499,0.03496765825909942,0.8003300330033003,0.1869964124230714,0.6886856478510467,0.12085679156150908
66,sunny,0,0.043010752688172046,0.9843189964157706,0.031002090343949462,0.0331970022824897,0.9843189964157706,0.182200445341085,0.6153391714028493,0.10575233677700471
67,sunny,0,0.006845965770171149,1.0,0.021492870329463253,0.010095907577173423,1.0,0.10047839358376219,0.6149158195829517,0.057862793038975985
68,sunny,0,0.03946227233304423,1.0,0.026906125800139218,0.01040395819736925,1.0,0.10199979508493755,0.6277337526313849,0.07760658469805963
69,sunny,0,0.07348761672756801,0.9935038570848559,0.029138050408426572,0.02021484998944967,0.9935038570848559,0.1421789365182117,0.5426148555838612,0.11678409081862547
70,sunny,0,0.045116075339465614,1.0,0.025498968848870353,0.009149581683743871,1.0,0.0956534457494547,0.544688331894297,0.10218752415552292
71,sunny,0,0.07739420935412027,1.0,0.038121200395780964,0.02043923015636989,1.0,0.14296583562645268,0.5974226579434647,0.10356565788899078
72,sunny,1,0.21755545068428503,0.6672958942897593,0.11398961063062836,0.25053142810146145,0.5011798017932987,0.5005311459854036,0.7426326997588437,0.12037124429762468
73,sunny,0,0.07267780800621843,1.0,0.03127500230205136,0.01580137442290186,1.0,0.12570351794163065,0.551885787592158,0.10878733148914443
74,sunny,0,0.049770561242499116,1.0,0.025903210500341656,0.011411290645134832,1.0,0.10682364272545115,0.648725553641537,0.10803485531169757
75,sunny,0,0.027915353444394417,1.0,0.021890818346655825,0.00554525062974229,1.0,0.07446643962042425,0.6414343247330759,0.11287796523381978
76,sunny,0,0.0730844793713163,1.0,0.026940004636560842,0.011723633440038978,1.0,0.10827572876706477,0.569893868766323,0.11886128125120382
77,sunny,0,0.07927043142756927,0.9971939670291126,0.027496217052103825,0.015750957957163896,0.9971939670291126,0.12550282051477527,0.5929453492470469,0.11576949264447975
78,sunny,0,0.03821362799263352,0.9990791896869244,0.028771542389903978,0.011793202121643538,0.9990791896869244,0.10859651063290911,0.6343851526470841,0.10795868992164086
79,sunny,0,0.0392156862745098,1.0,0.02535691491750086,0.00924201421007299,1.0,0.09613539519902642,0.5702799359311705,0.10301268742791235
80,sunny,0,0.00904295403165034,1.0,0.022448194999340743,0.010003264597021153,1.0,0.10001632165312396,0.6140897670387826,0.10286064689628677
81,sunny,0,0.06016209476309227,1.0,0.027020283165957514,0.012851191476419733,1.0,0.11336309574292568,0.650043536803231,0.1125788470001467
82,sunny,0,0.02613240418118467,1.0,0.02335842093257331,0.010753340454353697,1.0,0.10369831461674629,0.6075528996907891,0.10436564869850379
83,sunny,0,0.03919372900335946,1.0,0.024055526851110155,0.010427070518090081,1.0,0.10211302815062376,0.5985304972424232,0.09880479254038309
84,sunny,0,0.039338235294117646,1.0,0.021541105842943022,0.008990427922984108,1.0,0.09481786710838895,0.6180453340337243,0.08047001153402537
85,sunny,0,0.012082158679017317,1.0,0.021625282550152933,0.01009866289160041,0.999597261377366,0.10049210362809811,0.6908446961090435,0.06234709751802453
86,sunny,0,0.017837641062977794,1.0,0.025292936509108833,0.013183978207338659,1.0,0.11482150585730297,0.7210482964391512,0.06087353762036304
87,sunny,0,0.0,1.0,0.024159522143309527,0.010721002820311435,1.0,0.10354227552218193,0.6523292757338439,0.056518319637675264
88,sunny,0,0.0,1.0,0.021537425201353634,0.0079918117564124,1.0,0.08939693370811104,0.6046250717313084,0.06063664289719109
89,sunny,0,0.12761811982464685,1.0,0.04208206276536269,0.04513707286152501,1.0,0.21245487252949746,0.6207432693710148,0.11549048260317278
90,sunny,0,0.10316713703355283,1.0,0.03719351250281789,0.04128386724701603,1.0,0.20318431840822762,0.6614201144037247,0.11711213177651117
91,sunny,0,0.1155980271270037,0.9534525277435265,0.043825521625979476,0.0601404636172768,0.9534525277435265,0.2452355268252885,0.6060824588038319,0.12677159643142089
92,sunny,0,0.10363901018922853,0.9344978165938864,0.040289736300689064,0.06075383427170382,0.9344978165938864,0.24648292896609256,0.5842118064741441,0.12381082855267289
93,sunny,0,0.11037654498419086,1.0,0.03776877922987131,0.05297936268033772,1.0,0.23017246290626886,0.5946829469137425,0.1292438102001364
94,sunny,0,0.12014134275618374,0.9696702002355713,0.04332693849159206,0.04885427425144723,0.9696702002355713,0.2210300302027922,0.619268022136446,0.10920113628490265
95,sunny,0,0.16513216513216514,0.9910899910899911,0.0448814403099906,0.04542058697993103,0.9910899910899911,0.21312106179336437,0.6026163766338977,0.14041824630059924
96,sunny,0,0.16582235731171902,1.0,0.04796800207230824,0.04263503938775992,1.0,0.20648254015233328,0.613766944961103,0.12424128043652449
97,sunny,0,0.14758751182592242,1.0,0.041425265645433466,0.03198368356873827,1.0,0.17883982657321681,0.5791702726931597,0.13552105168778328
98,sunny,0,0.17190278601066983,0.970954356846473,0.04391264760038393,0.04119349593266477,0.970954356846473,0.20296180904954697,0.5726826378862273,0.15286097841626278
99,sunny,0,0.20248328557784145,0.9102196752626552,0.040657665931394735,0.04118997806753602,0.8694683221903853,0.2029531425416616,0.5886473303088244,0.14658751115855448
100,sunny,0,0.17082228116710876,0.9904509283819629,0.04210835626217758,0.030751085636043625,0.9904509283819629,0.1753598746465212,0.5802319650491685,0.13826702033598587
1,sunny,0,0.20413026211278792,0.9920571882446386,0.04888103405943022,0.08056205020556294,0.988880063542494,0.28383454723758156,0.6967722167092902,0.1345138531981498
2,sunny,1,0.22045611610228058,0.5127850725639254,0.09730585938441806,0.26401058078103756,0.27297857636489287,0.5138195994520233,0.796491637394614,0.13188340989471117
3,sunny,0,0.13726993865030676,0.9401840490797546,0.05644109203718135,0.1101091316728371,0.9401840490797546,0.33182696043696797,0.7258241181193653,0.14270119090581018
4,sunny,0,0.11492734478203434,1.0,0.03582220232340079,0.050410441788468055,1.0,0.22452269771332264,0.7820101341079604,0.13699070116818193
5,sunny,0,0.1456953642384106,1.0,0.03827769291900953,0.06966947171472627,1.0,0.26394975225358003,0.7914226491533973,0.1398746915984937
6,sunny,1,0.19284603421461896,0.723950233281493,0.10070559794306883,0.2796265820426564,0.41601866251944014,0.5287972976884965,0.8095771704291753,0.06688317628762236
7,sunny,0,0.15715539947322213,1.0,0.04403588178691903,0.07482362015091164,1.0,0.2735390651276553,0.8206326248422726,0.1586599872609272
8,sunny,0,0.07426470588235294,0.7389705882352942,0.03386647327328093,0.09461908515356751,0.6580882352941176,0.30760215401321156,0.8456587204757194,0.14110149942329875
9,sunny,1,0.24257425742574257,0.4816124469589816,0.09843946146197946,0.18969644138950573,0.2581329561527581,0.435541549555844,0.6748864354449076,0.33273150844496213
10,sunny,0,0.10725552050473186,0.944794952681388,0.04313241996225932,0.07554211906851238,0.944794952681388,0.27484926608690874,0.7745381024481834,0.1384053937032226
11,sunny,0,0.14349112426035504,0.8964497041420119,0.03531365038412343,0.05778382401098893,0.7514792899408284,0.24038266162722494,0.7163581319753977,0.1278860656688711
12,sunny,0,0.07898351648351648,0.9313186813186813,0.03326510359308974,0.05601598848148147,0.9313186813186813,0.23667697074595465,0.7874550642447317,0.12373141564318035
13,sunny,0,0.136986301369863,0.8348954578226387,0.037010213971489576,0.07023209551183705,0.7332372025955299,0.2650133874200265,0.7593682489015691,0.12882649815513803
14,sunny,0,0.13719512195121952,0.8146341463414634,0.03966717360889919,0.08349900027011073,0.6725609756097561,0.2889619356768478,0.7685623582832362,0.1333428981348637
15,sunny,1,0.2537878787878788,0.42487373737373735,0.10870588189040892,0.18193028814253318,0.12247474747474747,0.4265328687716026,0.7452067940719229,0.18099376114081997
16,sunny,0,0.09628975265017668,1.0,0.0320550945636994,0.048950705114493225,1.0,0.2212480623971501,0.7562114216109633,0.13106769209450564
17,sunny,0,0.017040358744394617,1.0,0.028168810875560446,0.06289417590669379,1.0,0.25078711272051796,0.8686588023620849,0.1332383715818166
18,sunny,0,0.13556851311953352,1.0,0.038130412426578414,0.05343537122487152,1.0,0.2311609206264578,0.7904700460408028,0.141605213513977
19,sunny,0,0.0967741935483871,0.8029953917050692,0.031239646287464277,0.04843227866731765,0.755184331797235,0.22007334838030174,0.8043226428683016,0.11090403903496883
20,sunny,1,0.2341296928327645,0.7112627986348122,0.09919493028928263,0.22244119320598,0.689419795221843,0.4716367174065013,0.7047353782036756,0.11016529478685672
21,sunny,0,0.09712509712509712,0.9712509712509713,0.04987586227443071,0.07781247797572881,0.9712509712509713,0.27894888057801703,0.6079182181945261,0.13556073556073556
22,sunny,0,0.18333333333333332,1.0,0.047348705177145844,0.07162561082195473,1.0,0.26762961499422055,0.7357063526457586,0.11724521907528443
23,sunny,1,0.19465081723625557,0.8179791976225854,0.0985900707928794,0.22709544064145704,0.8179791976225854,0.47654531856000537,0.747821874867637,0.11343414037234507
24,sunny,1,0.15752351097178682,0.5431034482758621,0.07422062352357181,0.16844491911509824,0.5078369905956113,0.4104204175173285,0.7061771181533976,0.16810498494068474
25,sunny,0,0.0665083135391924,0.880443388756928,0.04873498903205704,0.14999184016680583,0.880443388756928,0.3872878001781179,0.8702909745681869,0.065083135391924
26,sunny,0,0.04450261780104712,1.0,0.024911339865470013,0.011852315596050425,1.0,0.1088683406507623,0.7385704820192681,0.05428600759675598
27,sunny,1,0.25476190476190474,0.7095238095238096,0.10990351155640228,0.16681618041552132,0.4507936507936508,0.4084313656118018,0.7050779047053376,0.1526206037970744
28,sunny,1,0.22950819672131148,0.38226527570789864,0.10497873350125386,0.21026561648143807,0.37183308494783907,0.4585472892531784,0.7699990708715098,0.12135530814412203
29,sunny,0,0.05933917734322319,0.8759271746459879,0.05537239769784562,0.17446699703903415,0.8759271746459879,0.4176924670604369,0.8604093453687099,0.07070194227387516
30,sunny,1,0.22017045454545456,0.3039772727272727,0.09019970054379695,0.19903714805633402,0.1981534090909091,0.4461357955335281,0.7586321011781448,0.166677807486631
31,sunny,1,0.2661654135338346,0.6481203007518797,0.11888688859345595,0.1601062647773791,0.5022556390977444,0.40013280892396097,0.7120324038658287,0.12115877930119416
32,sunny,0,0.06277190801740211,0.8123057799875699,0.06020783379181293,0.22630137529707586,0.8123057799875699,0.47571144120892855,0.8918627098080764,0.07678134025518224
33,sunny,0,0.016749379652605458,1.0,0.018873237639527515,0.005067416394531898,1.0,0.07118578786901146,0.6160949259223143,0.05636646718240646
34,sunny,1,0.20643594414086217,0.7213114754098361,0.09979293760761719,0.2274823811497673,0.7213114754098361,0.47695113077732326,0.7278524266293218,0.08251485172089479
35,sunny,1,0.18575197889182057,0.37678100263852243,0.10495562328888154,0.2236076049489232,0.35989445910290235,0.47287165800978515,0.7885984169528851,0.16415127528583992
36,sunny,1,0.15877598152424943,0.7523094688221709,0.0882086329861903,0.2562289627001959,0.7523094688221709,0.5061906386927715,0.7968629105361293,0.05631934066929312
37,sunny,0,0.05606060606060606,0.8727272727272727,0.040704052906129336,0.11034087685973558,0.8727272727272727,0.33217597273092403,0.8521885413488335,0.06280649633590811
38,sunny,1,0.198427382053654,0.7303422756706753,0.1189576088305333,0.2850985753496068,0.7303422756706753,0.5339462288935158,0.7624520574018364,0.11141644446862928
39,sunny,0,0.0,1.0,0.010540177607822014,0.0013087961763096423,1.0,0.03617728812818399,0.6431304393046239,0.04730895034195659
40,sunny,1,0.09924343569203382,0.8842901646639965,0.06145330049414217,0.13337614120549113,0.8842901646639965,0.365206984059028,0.7833842411700166,0.03321378395594998
41,sunny,0,0.0,1.0,0.013644627119495947,0.0037626583133928675,1.0,0.06134051119279059,0.7268813771998882,0.04861830742659758
42,sunny,0,0.030221262817053427,1.0,0.015854223863106674,0.005722001302736581,1.0,0.07564391120729136,0.6598456457081079,0.049687311513920196
43,sunny,0,0.0,1.0,0.011238894023977602,0.0016321116349514821,1.0,0.04039940141823245,0.7053208587331288,0.045533628776687755
44,sunny,1,0.23401688781664656,0.8142340168878166,0.11989483140530281,0.2304373602218166,0.8142340168878166,0.48003891532022336,0.7555392474476476,0.10348636438894013
45,sunny,0,0.12702078521939955,0.9722863741339491,0.04737311165244326,0.1126480774966454,0.9722863741339491,0.3356308649344476,0.7995244346013248,0.09191233075216229
46,sunny,0,0.10462505612932196,0.9012123933542883,0.04537706639098878,0.18796986315035621,0.9012123933542883,0.4335549136503428,0.7708649700455179,0.12039585479454468
47,sunny,1,0.13125,0.7723958333333333,0.08541469672731038,0.30562147564772096,0.7723958333333333,0.552830422143826,0.8269916007428623,0.07640318627450982
48,sunny,0,0.08078910286519493,0.8806951620479098,0.054434482858769485,0.21060868114170264,0.8806951620479098,0.45892121452565543,0.7371560182861723,0.13045800753368514
49,sunny,1,0.142433234421365,0.811078140454995,0.07873293045580634,0.21906769735380308,0.804648862512364,0.46804668287875206,0.8061274826351782,0.09659432516824731
50,sunny,0,0.1453940066592675,0.9450610432852387,0.07833240237170119,0.15150430666001086,0.9450610432852387,0.38923554136282423,0.7726234398979552,0.10087049248112119
51,sunny,1,0.1827956989247312,0.5,0.09177272580018149,0.3222751412431974,0.5,0.5676928229625573,0.8484557913470334,0.14278761683885025
52,sunny,1,0.2211690363349131,0.47919957872564506,0.08378870124557669,0.2316471266939352,0.4186413902053712,0.48129733709416594,0.7640592667408151,0.16814215944408306
53,sunny,1,0.21134751773049645,0.7442080378250591,0.08953697506994572,0.14569243260031217,0.7442080378250591,0.3816967809666623,0.6405427787261263,0.42079636582765495
54,sunny,1,0.13292910447761194,0.8250932835820896,0.09348535078201797,0.28410584576257963,0.8250932835820896,0.5330158025448961,0.8201078259683586,0.05643473807433421
55,sunny,1,0.1675338189386056,0.6233090530697191,0.0909701069923377,0.30022887624477884,0.41883454734651404,0.5479314521404834,0.8407402764751276,0.08657036175552427
56,sunny,1,0.14656415185007207,0.624699663623258,0.09201517490976517,0.3413798074589156,0.4766938971648246,0.5842771666417537,0.8527443620924472,0.08480839716953575
57,sunny,0,0.058280438545874204,0.8765147143681478,0.02722377417284551,0.08945341149361566,0.8055395268320831,0.2990876317964614,0.8032290423406163,0.10595929081384428
58,sunny,1,0.18333333333333332,0.2601010101010101,0.0876050364928152,0.21869728222147458,0.16161616161616163,0.4676508122750078,0.7798148889314769,0.1808457120221826
59,sunny,1,0.22351694915254236,0.486228813559322,0.08233393636567785,0.11868248236278756,0.2298728813559322,0.3445032399888099,0.6398588667067003,0.19573778664007976
60,sunny,1,0.23104145601617795,0.6638018200202225,0.08661305450702186,0.2051063780233975,0.44337714863498484,0.4528867165455369,0.6791409674958082,0.13870219473026826
61,sunny,1,0.22870211549456831,0.6152086906803887,0.09649577151538988,0.12606742923436376,0.3602058319039451,0.3550597544560123,0.6809050798805806,0.41321091043621566
62,sunny,1,0.21771009588268472,0.3761985335589397,0.10272137661957738,0.17420084669987315,0.350253807106599,0.41737374941396727,0.7338684486178034,0.15921834046647423
63,sunny,1,0.16068559185859668,0.8441349758971612,0.06827730468526132,0.20549223658081384,0.8441349758971612,0.45331251535868033,0.8109994570633855,0.06793324721425795
64,sunny,1,0.18115942028985507,0.7821557971014492,0.09420138217113926,0.20959357367468734,0.7767210144927537,0.4578139072534684,0.76882291640915,0.1321842142654163
65,sunny,1,0.19581958195819582,0.7772277227722773,0.08099440656304215,0.216883853347698,0.7772277227722773,0.46570790561004866,0.7531526087790589,0.1441381393041265
66,sunny,0,0.11290322580645161,0.9887992831541219,0.051331875050476455,0.07456671019826144,0.9887992831541219,0.273069057562847,0.711303681366042,0.11198959870686626
67,sunny,1,0.19070904645476772,0.4640586797066015,0.09608825495480863,0.23489265048753483,0.21466992665036674,0.48465725052611647,0.7962485371742695,0.1500186969653387
68,sunny,0,0.08326105810928014,0.6795316565481353,0.06309475964417471,0.35853456191278693,0.6795316565481353,0.5987775562867957,0.9241344967353953,0.08977093005458904
69,sunny,1,0.16240357287860333,0.6187576126674786,0.09508359985006158,0.33102789795685916,0.6187576126674786,0.5753502393819431,0.8242198182153847,0.10359118881007538
70,sunny,1,0.17608409986859397,0.28602715724923344,0.07549729607483768,0.2424859674997978,0.12264564169951818,0.49242864203841535,0.8167751192010402,0.193065539838362
71,sunny,1,0.18819599109131402,0.8880846325167038,0.08859659423463769,0.1151742690382481,0.8880846325167038,0.33937334756614007,0.6638182337983413,0.4928293811956854
72,sunny,1,0.19112789051439358,0.7881075979235489,0.1069927506956077,0.2506929214634353,0.7881075979235489,0.5006924419875292,0.7634407587768031,0.08111854463352118
73,sunny,1,0.16750874465604354,0.7190050524679362,0.1032815880730543,0.2647053581267602,0.7190050524679362,0.5144952459710004,0.7822576621422354,0.08789465261425208
74,sunny,1,0.1906106600776562,0.8506883162725026,0.09230623349536068,0.18554246551795678,0.8506883162725026,0.43074640511321366,0.7526497144192562,0.08361814192673186
75,sunny,1,0.13417379558757317,0.840162089149032,0.09540572941532485,0.2660925636855311,0.840162089149032,0.5158416071678699,0.7961464981998306,0.06727582523329007
76,sunny,1,0.19842829076620824,0.7540275049115913,0.09290678722888836,0.20768247212712934,0.7442043222003929,0.45572192412383383,0.7477847653396548,0.10797026079587041
77,sunny,1,0.2023851280252543,0.3605752367590319,0.1000388322190166,0.19999808663083815,0.3423360224482638,0.44721145628308556,0.7646357323770667,0.16804286077812394
78,sunny,1,0.1662062615101289,0.8342541436464088,0.09358628250788902,0.20760948263955345,0.8305709023941068,0.45564183591890844,0.7759979347242928,0.08148087964467556
79,sunny,1,0.19215686274509805,0.5498039215686275,0.0953999792315226,0.24662645293406654,0.5427450980392157,0.4966149946730028,0.7777431225099076,0.11108342945021146
80,sunny,1,0.2290881688018086,0.6522230595327807,0.09348747986333854,0.19101645622255256,0.6522230595327807,0.4370542943646162,0.6612005655001739,0.16384591515581362
81,sunny,1,0.18796758104738154,0.6723815461346634,0.09791016681412217,0.28805642176766827,0.6723815461346634,0.5367088799038714,0.8027350780277187,0.0912571512395482
82,sunny,1,0.089198606271777,0.8229965156794425,0.05354500478442364,0.22131498414951944,0.8177700348432055,0.47044126535575026,0.8721407678822104,0.06358133497301359
83,sunny,1,0.13699141470698023,0.8480776409107876,0.0772219206011919,0.1960037225608623,0.8480776409107876,0.4427230766075587,0.7863951289198438,0.0559163867114595
84,sunny,1,0.12830882352941175,0.8944852941176471,0.06707372616174548,0.13591174272205656,0.8944852941176471,0.3686620982987762,0.7959211066791885,0.03596453287197232
85,sunny,1,0.07531212243254128,0.9496576721707611,0.05394583400023237,0.12383838457343833,0.9496576721707611,0.35190678392642327,0.7952931346560769,0.03736308861039382
86,sunny,1,0.16235893702220605,0.9417546414270113,0.07343976704367225,0.12498289798605162,0.9417546414270113,0.35352920386589226,0.6229326536805447,0.32979007402014315
87,sunny,1,0.13692946058091288,0.3397879207007838,0.09561131662148073,0.2624400362346154,0.3397879207007838,0.512289016312682,0.8366866463095874,0.15871595295564053
88,sunny,0,0.0004027386226339106,1.0,0.01748301712663382,0.004899902931891567,1.0,0.06999930665293455,0.6528937933713508,0.05626969273412143
89,sunny,0,0.0881636629322942,1.0,0.02854523164255928,0.028298737346483225,1.0,0.1682222855227072,0.6594820960445378,0.0970975043695023
90,sunny,0,0.07557227971150832,0.9962370649106302,0.026330314475249254,0.03503765103609898,0.9962370649106302,0.1871834689177946,0.6132979651007124,0.09839583371762001
91,sunny,1,0.14765721331689272,0.7743526510480888,0.09339593520156307,0.330317626611323,0.7743526510480888,0.5747326566424802,0.7960236506508421,0.08690312129784096
92,sunny,0,0.0611353711790393,0.9216885007278021,0.04552955258607844,0.1403086824133577,0.9216885007278021,0.3745780057789802,0.780980065326145,0.10416759425749922
93,sunny,0,0.04052888761138258,1.0,0.023065872702044746,0.040010604554789796,1.0,0.20002650963007326,0.7611273282932669,0.10300796374887983
94,sunny,0,0.08097762073027091,1.0,0.02815164021811707,0.028963195954859473,1.0,0.1701857689551611,0.6929965816917053,0.08983694773551353
95,sunny,0,0.09741609741609741,1.0,0.030681488207515144,0.0386539417652511,1.0,0.19660605729542288,0.6651391518527459,0.0987322163792752
96,sunny,0,0.06247889226612631,1.0,0.027925763472651098,0.02098152610988546,1.0,0.1448500124607708,0.6561873823265895,0.07835455695280476
97,sunny,0,0.008830022075055188,1.0,0.02108060207320907,0.011554063979102299,1.0,0.10748983198006358,0.6119390712081436,0.07436758367806283
98,sunny,1,0.18109069353882631,0.25844694724362777,0.09560429006635654,0.2102113026515214,0.2018375815056313,0.4584880616237694,0.7037804092149376,0.17175866197101247
99,sunny,1,0.14931550461636423,0.21840178287169693,0.07456655435783581,0.21084673431947965,0.1273479783508437,0.4591805029827373,0.7927835685761523,0.19073730733936362
100,sunny,0,0.03819628647214854,1.0,0.021523140085617218,0.015107347134426448,1.0,0.12291194870486127,0.6921542148069469,0.07605242627555
1,sunny,0,0.16679904686258937,1.0,0.061625183603758994,0.09663893511777452,0.9968228752978554,0.3108680348922586,0.7886600756412852,0.1345574607921008
2,sunny,0,0.19143054595715273,1.0,0.055921855415853,0.09057092524117744,1.0,0.300950037782316,0.7645122556174044,0.12575578953073974
3,sunny,0,0.17024539877300612,1.0,0.051865809545043356,0.07422006393543226,1.0,0.27243359546031076,0.7597531395935998,0.143089137495489
4,sunny,0,0.21862615587846765,1.0,0.05692505335618523,0.0733031559925414,1.0,0.2707455558130944,0.7221523139678727,0.13699847177972904
5,sunny,0,0.17963576158940397,1.0,0.055485746355278344,0.0868997007540679,1.0,0.2947875518980879,0.7664905169590546,0.1384755226593949
6,sunny,0,0.21228615863141523,0.9774494556765163,0.06737252178420336,0.12478157628042341,0.9774494556765163,0.3532443577474712,0.7874934940949062,0.12725886622144972
7,sunny,0,0.1826163301141352,0.704126426690079,0.04562498435755889,0.09104420743201688,0.591747146619842,0.3017353267882581,0.8254169467389398,0.18687531202120883
8,sunny,0,0.18823529411764706,0.7205882352941176,0.044323393031368306,0.09578306450540051,0.649264705882353,0.30948839155192964,0.7942275814546094,0.13313148788927334
9,sunny,0,0.15063649222065065,0.7644978783592645,0.04202908021180735,0.0750209553519688,0.7644978783592645,0.27389953514376175,0.765433560262642,0.14889480544693123
10,sunny,0,0.21529968454258674,0.8675078864353313,0.043524616635145466,0.06738749858444036,0.8675078864353313,0.25959102177163285,0.7268635153666692,0.15803488587864167
11,sunny,0,0.16494082840236687,0.8032544378698225,0.0467220278231758,0.05991601910187414,0.7218934911242604,0.24477748896063573,0.7287465642201796,0.12490428123912287
12,sunny,0,0.18818681318681318,0.7967032967032966,0.05372987874449435,0.06791961496862349,0.7259615384615384,0.2606139193685239,0.7349934363558489,0.13247953027364792
13,sunny,0,0.18817591925018023,0.8082191780821918,0.04747297268209524,0.0628724750619792,0.7303532804614276,0.25074384351760104,0.7179574296665131,0.1317641404074247
14,sunny,0,0.23109756097560977,0.7310975609756097,0.053133452050329266,0.07631711173183975,0.6701219512195122,0.2762555189165273,0.7367651535049315,0.16582974653275945
15,sunny,0,0.13194444444444445,0.6477272727272727,0.04291655976875173,0.05996318410239192,0.634469696969697,0.24487381261047886,0.7086441641110542,0.15104228560110913
16,sunny,0,0.20936395759717313,0.9328621908127208,0.04801227553172297,0.06087952964514599,0.9328621908127208,0.2467377750672685,0.6576029929531105,0.1294810503706783
17,sunny,0,0.17219730941704037,1.0,0.041763788561916725,0.06912867289807256,1.0,0.26292332132785895,0.8026158998810627,0.1403921568627451
18,sunny,0,0.24198250728862974,0.892128279883382,0.05806340861597217,0.06763688879525645,0.7259475218658892,0.26007093031566686,0.7026651238099488,0.14273995312410678
19,sunny,0,0.17569124423963134,0.8168202764976958,0.052971995732302615,0.058554989664348314,0.7453917050691244,0.2419813828879162,0.7023877125540282,0.1091149362970995
20,sunny,0,0.1924914675767918,0.7453924914675768,0.06263899239345547,0.07703196003744832,0.6764505119453925,0.27754632052586886,0.7246630383817388,0.1164451582680854
21,sunny,0,0.22455322455322455,0.9906759906759907,0.052397884263545844,0.04795845122862973,0.9906759906759907,0.21899418080996977,0.6885493294501643,0.13315660374483904
22,sunny,0,0.20925925925925926,0.9623456790123457,0.058309039553645,0.08049025100905874,0.9623456790123457,0.28370803832295405,0.723660977121569,0.09507141128056161
23,sunny,0,0.0713224368499257,1.0,0.04022052785196096,0.020536125489882342,1.0,0.1433043107861112,0.6977059085339908,0.029933280890365063
24,sunny,0,0.15595611285266459,1.0,0.047996501671335914,0.027429923710886882,1.0,0.1656198167819506,0.6804485988512456,0.024592783821992745
25,sunny,0,0.1163895486935867,1.0,0.04606833616996767,0.02579894150792746,1.0,0.1606204890663936,0.6490223732626886,0.02989148153323087
26,sunny,0,0.0968586387434555,1.0,0.04437390949325187,0.032282951142737756,1.0,0.17967457010589383,0.6519225349648228,0.034673031516271435
27,sunny,0,0.13174603174603175,0.9896825396825397,0.05394606330639105,0.057513821737845465,0.9896825396825397,0.23982039474958225,0.6710126139835226,0.05908496732026144
28,sunny,0,0.15201192250372578,0.9746646795827124,0.08135939053558573,0.11197403860196395,0.9746646795827124,0.33462522110857684,0.7502620682612504,0.05972356155576985
29,sunny,0,0.1490222521915037,1.0,0.05068442386032631,0.023022069596754402,1.0,0.15173025274069243,0.674878657994623,0.05709148123173747
30,sunny,0,0.11860795454545454,1.0,0.04459336425394788,0.02747913231084039,1.0,0.16576830912704751,0.6439888029825166,0.042460450089126564
31,sunny,0,0.12030075187969924,1.0,0.051072845296413434,0.030323669794896396,1.0,0.17413692829177962,0.6774383270335689,0.05372549019607843
32,sunny,0,0.09571162212554382,1.0,0.045970801352713524,0.022513669720657145,1.0,0.15004555881683784,0.6161036960142925,0.0445923055362605
33,sunny,0,0.10669975186104218,1.0,0.0407979422242148,0.01870631183427526,1.0,0.1367710197164416,0.5668199021040434,0.04762565075658055
34,sunny,0,0.1153612629022465,1.0,0.048485559809720025,0.025416568089791407,1.0,0.15942574475219304,0.6600343902713407,0.03997523721085276
35,sunny,0,0.11345646437994723,1.0,0.04389383592739734,0.022556976604931982,1.0,0.15018980193385964,0.6112727485402565,0.04827978684877645
36,sunny,0,0.08140877598152425,1.0,0.035770662875873785,0.019797393152819164,1.0,0.14070320946168627,0.5999523133849051,0.04273196576552099
37,sunny,0,0.09595959595959595,1.0,0.03438704733243086,0.015355984067565859,1.0,0.12391926431175203,0.6341587361403259,0.044381065557536147
38,sunny,0,0.06938020351526364,1.0,0.03010413790944354,0.014116403745593824,1.0,0.11881247302195937,0.6322998280363609,0.04436161143458309
39,sunny,0,0.10570918822479929,1.0,0.034869955884972534,0.018366052695294267,1.0,0.13552141046821445,0.6487223223955355,0.036054992915988876
40,sunny,0,0.0792167334223409,1.0,0.03378032292450872,0.014909543938262083,1.0,0.1221046433935339,0.6587199957798493,0.03068317669747027
41,sunny,0,0.05569948186528497,1.0,0.03260873798522292,0.016240973634533164,1.0,0.1274400786037625,0.6369015740465513,0.028441532053235803
42,sunny,0,0.09282245008094982,1.0,0.04000396034168402,0.024763126537822,1.0,0.15736304057122816,0.6429409019793074,0.02794831910098092
43,sunny,0,0.07920154539600772,1.0,0.03299338414826265,0.014352481489711468,1.0,0.11980184259731345,0.6067985804845849,0.02358496521596404
44,sunny,0,0.1513872135102533,1.0,0.042696243566055954,0.03391814043022003,1.0,0.1841687824529989,0.6315806182206515,0.0321838264859623
45,sunny,0,0.20554272517321015,0.9035796766743649,0.061466211823264574,0.1148838569412399,0.9035796766743649,0.33894521230021807,0.7232775345160298,0.11172847892043654
46,sunny,0,0.14099685675797036,0.9290525370453525,0.05173473880266545,0.13386793699441293,0.9290525370453525,0.3658796755689129,0.7599464850457728,0.11203676800760717
47,sunny,0,0.19791666666666666,0.8088541666666667,0.05181792166371403,0.15598074932451195,0.6192708333333333,0.39494398251462437,0.8466226448881317,0.12979166666666667
48,sunny,0,0.14185063410051668,0.8135274776890559,0.050227563423802794,0.1345885791976463,0.7393142320338187,0.3668631614071469,0.7981851904927487,0.1261422558689986
49,sunny,0,0.14688427299703263,0.7952522255192879,0.05159147661969899,0.12832913440882276,0.6785361028684471,0.35823056040603624,0.7896141813455776,0.14857159481003082
50,sunny,0,0.1997780244173141,0.8329633740288568,0.07774162652058275,0.15237439017959298,0.8329633740288568,0.39035162376963795,0.7918734975807377,0.11977758917107353
51,sunny,0,0.1460573476702509,0.982078853046595,0.044013583429249915,0.11378282115228322,0.982078853046595,0.3373170928848451,0.8412085733487801,0.12207990723170989
52,sunny,0,0.1406003159557662,0.9815692469720906,0.050703098540589325,0.10390915267146006,0.9815692469720906,0.32234942635509695,0.7886539777595836,0.1239950851325259
53,sunny,0,0.15839243498817968,0.9295508274231679,0.04314599591586853,0.10316668739983723,0.9295508274231679,0.3211957151019254,0.7932820223344106,0.13820052843832567
54,sunny,0,0.12639925373134328,0.8092350746268657,0.0403747377824501,0.09512493545459365,0.7639925373134329,0.30842330562814746,0.7666362163032575,0.11830004389815628
55,sunny,0,0.10822060353798127,0.8761706555671176,0.036275624771651874,0.09937371191767329,0.7924037460978148,0.3152359622848784,0.7901714044559437,0.12337434453490033
56,sunny,0,0.10379625180201826,0.913022585295531,0.0331842441746694,0.06669341043785186,0.8750600672753484,0.25825067364452675,0.742176656107664,0.08953840065579331
57,sunny,0,0.1257934218118869,0.7813040969417195,0.03480673680396268,0.09300711313499196,0.7386035776110791,0.30497067586079807,0.7827466240012495,0.12083319190342033
58,sunny,0,0.14595959595959596,0.8621212121212121,0.04425890345470764,0.08231944470040307,0.847979797979798,0.2869136537364562,0.7039642914898593,0.11396712220241632
59,sunny,0,0.15783898305084745,0.746292372881356,0.04512330260468572,0.0868067548593557,0.6996822033898306,0.2946298607734044,0.7410342938100968,0.1260219341974078
60,sunny,0,0.16481294236602628,0.7482305358948432,0.041899114660350664,0.08441767620622817,0.724469160768453,0.29054720133952106,0.7740339237829373,0.10881659033684253
61,sunny,0,0.180674671240709,0.8067467124070897,0.04732699020329801,0.0971925749384384,0.7547169811320755,0.31175723718694714,0.7522605087236576,0.12348568930144957
62,sunny,0,0.14156796390298929,0.9289340101522843,0.04546091985805437,0.08105078941203321,0.9289340101522843,0.28469420333409184,0.7384569566899739,0.12101124713844928
63,sunny,0,0.12961971076593465,0.9625066952329941,0.048876094093118605,0.07620036118664451,0.9625066952329941,0.2760441290566501,0.7023271679931727,0.13118455737945955
64,sunny,0,0.15081521739130435,0.9171195652173914,0.049107733826042915,0.08921031867630685,0.9171195652173914,0.2986809647036564,0.7265793296835008,0.1555253623188406
65,sunny,0,0.16446644664466448,0.8333333333333334,0.044379506605736856,0.09584997492791221,0.7282728272827282,0.30959647111669764,0.727133850649298,0.13044284820638927
66,sunny,0,0.1442652329749104,0.9843189964157706,0.05864741797960143,0.101961299515306,0.9843189964157706,0.31931379474633725,0.6812489437592709,0.1045224541429475
67,sunny,0,0.006356968215158924,1.0,0.013709024580567728,0.006902618894620635,1.0,0.08308200102682069,0.542639977263522,0.022154465698259743
68,sunny,0,0.03946227233304423,1.0,0.0297125255474978,0.017142584184256713,1.0,0.1309296917595727,0.6762204748912954,0.05586279611584443
69,sunny,1,0.20706455542021923,0.5347137637028014,0.11042491303635919,0.27548114670796714,0.4177831912302071,0.5248629789840079,0.7428257436775431,0.1499685542101534
70,sunny,1,0.18703460359176521,0.6535260621988611,0.10125180648038443,0.16999577248674816,0.6408234778799825,0.41230543591704943,0.6447525493967521,0.49795161165648916
71,sunny,0,0.11024498886414254,0.9894209354120267,0.06048423641628531,0.04569018837348129,0.9894209354120267,0.21375263360595417,0.6321214389604507,0.09369404777501202
72,sunny,0,0.15903728173666823,0.9948088721094857,0.07534060212373939,0.08978376949579117,0.9948088721094857,0.29963939910464243,0.7290501140306762,0.088036347148581
73,sunny,1,0.15079673532841043,0.31830547998445397,0.09613529817785563,0.22498107952703514,0.312475709288768,0.4743217046763042,0.8152087793161945,0.1761916737157358
74,sunny,0,0.056830215319449345,0.9855277091422521,0.04600572146387352,0.040015038176181496,0.9855277091422521,0.20003759190757495,0.5744986398307653,0.07337056954797451
75,sunny,0,0.02341287708239532,1.0,0.023708202085564827,0.010969832089311578,1.0,0.10473696620253795,0.6353540380941438,0.058744073946552955
76,sunny,0,0.03889980353634578,0.9964636542239685,0.022735639600518612,0.01767359963832532,0.9964636542239685,0.13294209129664433,0.5943896872543357,0.057943680419122456
77,sunny,0,0.08453174324798317,0.9824622939319537,0.03161529847312037,0.0337931149950318,0.9824622939319537,0.18382903740984938,0.6645109096208124,0.06568455512685607
78,sunny,0,0.061694290976058934,0.9921731123388582,0.031545630445642854,0.02841633549571192,0.9921731123388582,0.16857145516282382,0.5257508801269155,0.0662477882497382
79,sunny,0,0.06980392156862746,1.0,0.02856332937585822,0.012817370815146514,1.0,0.11321382784424575,0.6219075277765972,0.05380084582852749
80,sunny,0,0.06367746797287113,1.0,0.0290678357817911,0.01664857595049154,1.0,0.12902936080788563,0.655181498502527,0.06243184538321734
81,sunny,0,0.10660847880299251,1.0,0.03652526987705426,0.023365349588623876,1.0,0.1528572850361535,0.6041155229330467,0.05303041416067674
82,sunny,0,0.10940766550522649,1.0,0.03520550800930128,0.01975387575519879,1.0,0.14054848186728588,0.6072301204933686,0.07082872173259548
83,sunny,0,0.10377006345651363,0.9996267263904441,0.03823735424803994,0.028258161628245137,0.9996267263904441,0.16810164076607084,0.6718225362240822,0.060108761683098026
84,sunny,0,0.06764705882352941,1.0,0.033368660236032854,0.02167443842300473,1.0,0.1472224114155339,0.6340683286569593,0.051016435986159174
85,sunny,0,0.019331453886427707,1.0,0.024798215211906526,0.011306375426879721,0.999597261377366,0.10633144138437944,0.6739328110397543,0.04511936067217866
86,sunny,0,0.08190753549326538,1.0,0.03041184552615278,0.02914345836836303,1.0,0.17071455230402308,0.7281387482587859,0.04163686588577914
87,sunny,0,0.0198248040571692,1.0,0.021799213202049424,0.008496087032946261,1.0,0.09217422108673477,0.5904749923932415,0.03548938247498169
88,sunny,0,0.052758759565042286,1.0,0.03483354964959241,0.02094269183066844,1.0,0.14471590040720625,0.6417142277720087,0.05037549453933809
89,sunny,0,0.23818801753531418,1.0,0.05925875150889772,0.059630972306058294,1.0,0.24419453783010442,0.6353931027685521,0.09588836996074611
90,sunny,0,0.19974913766070868,0.9996864220758859,0.048071404783421985,0.05406397211454562,0.9996864220758859,0.23251660610490946,0.6449203509656024,0.09320027791612098
91,sunny,0,0.2037607891491985,0.9580764488286067,0.05973236050695476,0.09087131664124326,0.9580764488286067,0.3014486965326658,0.6333614685568808,0.10540605884770678
92,sunny,0,0.23988355167394468,0.9601164483260554,0.059142241949747605,0.09109835654440805,0.9601164483260554,0.3018250429378054,0.6193978355413053,0.10940206067871108
93,sunny,0,0.17447542397240587,1.0,0.051299420448286004,0.09067998928250871,1.0,0.30113118284646095,0.7634831490217542,0.11294095102829865
94,sunny,0,0.22644287396937574,1.0,0.06003001483786312,0.0703007369037731,1.0,0.2651428613102248,0.6591438393195185,0.08484953463128479
95,sunny,0,0.24383724383724384,0.9833679833679834,0.06697655207930647,0.07824918977500055,0.9833679833679834,0.2797305663938079,0.6697979131145428,0.09832689832689832
96,sunny,0,0.25599459642012834,1.0,0.06464130619250744,0.058693938046394604,1.0,0.24226831828861695,0.6803997254440884,0.08080735840435464
97,sunny,0,0.2683695994954273,1.0,0.05661026191786748,0.0428106100826219,1.0,0.2069072499518127,0.6436690522112567,0.0893897514855832
98,sunny,0,0.23177237700059278,0.9908120924718435,0.05737088903285738,0.06038013693187643,0.9908120924718435,0.24572370038699243,0.6814868790293637,0.10329974313376802
99,sunny,0,0.28653295128939826,0.9828080229226361,0.05878870918293847,0.05445873778271514,0.9828080229226361,0.23336395990537,0.6676949836599438,0.09185784469789189
100,sunny,0,0.2816976127320955,0.9681697612732095,0.06199516380438273,0.05284548543279188,0.9681697612732095,0.22988145952379865,0.637327501702687,0.08720237166484632
1,sunny,0,0.17077045274027006,0.9666401906274821,0.059790628883017144,0.09360010007248283,0.9634630659253376,0.30594133436409476,0.7186238860218379,0.15571960317089503
2,sunny,0,0.165860400829302,1.0,0.05251212411089494,0.0754284020199541,1.0,0.2746423165135957,0.751319954784937,0.15474341775410927
3,sunny,0,0.1664110429447853,1.0,0.04657284162468633,0.0593323815125145,1.0,0.24358239163066467,0.7669771209426166,0.15906712378202817
4,sunny,0,0.19682959048877147,0.9498018494055482,0.05926245555436533,0.08106626906490788,0.9498018494055482,0.2847213884921677,0.6995398689365372,0.15960318077032662
5,sunny,0,0.1837748344370861,0.9561258278145696,0.05403100699995342,0.07803252384213707,0.9561258278145696,0.27934302182466825,0.7470885807568381,0.17062069861057005
6,sunny,0,0.23405909797822705,0.9440124416796267,0.067664023439992,0.10295547868734643,0.9440124416796267,0.32086676158079447,0.7095629255844321,0.19813679748726862
7,sunny,0,0.10798946444249341,0.6725197541703248,0.03789871330498357,0.06500100803805899,0.5715539947322212,0.2549529525972566,0.830396407618382,0.18358381104856342
8,sunny,0,0.15955882352941175,0.711764705882353,0.04360257658765611,0.07620963027927773,0.6441176470588236,0.27606091769621743,0.7526281154833422,0.16612745098039214
9,sunny,1,0.23833097595473834,0.5678925035360679,0.10416415149097127,0.20258873163163174,0.3345120226308345,0.45009857990403807,0.7471773654568198,0.1578778045871814
10,sunny,0,0.10804416403785488,0.8493690851735016,0.039501863790176596,0.04981377519140935,0.8493690851735016,0.22318999796453548,0.7349726872499491,0.16816972845920702
11,sunny,0,0.1989644970414201,0.746301775147929,0.04549018214156689,0.053537766505843444,0.6945266272189349,0.2313822951434345,0.6989859652532768,0.16069729667014737
12,sunny,0,0.21978021978021978,0.8145604395604396,0.049401023961542896,0.04937865899347325,0.7603021978021978,0.2222130936589319,0.7192567314216235,0.1478425985778927
13,sunny,0,0.20187454938716654,0.8370583994232156,0.047711596032849114,0.05490378110883856,0.7397260273972602,0.234315558827916,0.6765521375182754,0.1749720796754174
14,sunny,0,0.20914634146341463,0.7128048780487805,0.057228023268439863,0.07726068820828304,0.6634146341463415,0.27795806915483323,0.7273088337365948,0.17149928263988523
15,sunny,0,0.16792929292929293,0.6679292929292929,0.04527906943135243,0.048086150751355285,0.648989898989899,0.21928554615239756,0.7087653790334609,0.17825064369182014
16,sunny,0,0.18197879858657243,0.9249116607773852,0.047676976669228384,0.04697560872410643,0.9249116607773852,0.21673857230337756,0.7054035344581582,0.1752961962170027
17,sunny,0,0.12556053811659193,1.0,0.03770628917719917,0.05227881265169251,1.0,0.22864560492537903,0.7489197996926051,0.16700254989888333
18,sunny,0,0.1924198250728863,0.782069970845481,0.05138782559410387,0.05483176491640175,0.6756559766763849,0.23416183488434178,0.7463463221008462,0.16418281598353626
19,sunny,0,0.14516129032258066,0.8271889400921659,0.04845168710504178,0.044294329186245915,0.7275345622119815,0.21046217994272964,0.6840186063409348,0.1341827053402006
20,sunny,0,0.19112627986348124,0.7522184300341297,0.053377837413139576,0.06622468048910875,0.6491467576791808,0.2573415638584423,0.677607177028907,0.1475874991634879
21,sunny,0,0.20590520590520592,0.9494949494949495,0.04904611692015555,0.042990996257132916,0.9494949494949495,0.20734270244484834,0.6748399103280527,0.16859393329981565
22,sunny,0,0.2191358024691358,0.8845679012345679,0.06107260337795592,0.06718285179964022,0.8845679012345679,0.2591965505164762,0.7333421361790745,0.15011619462599857
23,sunny,0,0.12704309063893016,1.0,0.03899299963724468,0.018770851482588325,1.0,0.13700675706908885,0.6352507930852619,0.047795938583457154
24,sunny,0,0.12539184952978055,1.0,0.04470502221661127,0.025220179105014895,1.0,0.1588086241518857,0.6191123312995763,0.05602987276415269
25,sunny,1,0.19319081551860648,0.7577197149643705,0.1106074887468908,0.28270364861353847,0.7577197149643705,0.5316988326238252,0.785909473623337,0.3610140810084921
26,sunny,0,0.09620418848167539,1.0,0.03830126668116677,0.02155859552682414,1.0,0.14682845612082196,0.5676114829519582,0.06978492967867776
27,sunny,1,0.2563492063492063,0.8896825396825396,0.10211011658203097,0.12341317040977613,0.8896825396825396,0.35130210703862297,0.6590409398022133,0.49794584500466854
28,sunny,0,0.15350223546944858,1.0,0.07410008290800592,0.07038782740303547,1.0,0.2653070436363035,0.7018539944132928,0.07775342625873002
29,sunny,0,0.16453135536075522,1.0,0.05246290878812968,0.025327202900094787,1.0,0.15914522581621726,0.6320677795515907,0.07559927544854758
30,sunny,1,0.2002840909090909,0.8110795454545454,0.09438586909761656,0.17188657793207118,0.8110795454545454,0.4145920620707434,0.7199046330224406,0.11000445632798574
31,sunny,0,0.10827067669172932,1.0,0.05089892018739696,0.029570900827877725,1.0,0.17196191679519546,0.6352245109859241,0.07493439481055579
32,sunny,0,0.12367930391547545,1.0,0.04483764163587002,0.02125954689764064,1.0,0.14580653928284779,0.6184853153659092,0.06947683983475304
33,sunny,0,0.13089330024813894,1.0,0.04206593163435233,0.020044242325165315,1.0,0.14157769006861678,0.6032080985648712,0.07061012990804262
34,sunny,0,0.12325440194292653,1.0,0.04687734300881697,0.025144576054426056,1.0,0.1585704135531785,0.6169755892173575,0.07060728359346166
35,sunny,0,0.05857519788918206,1.0,0.03750466479094524,0.01899723387507464,1.0,0.1378304533659911,0.6172084396664299,0.07700967458223394
36,sunny,0,0.08140877598152425,1.0,0.03442004747980964,0.017023261191902523,1.0,0.13047322020975233,0.6794699978182086,0.07476792102522302
37,sunny,0,0.10353535353535354,1.0,0.04165627695253045,0.020549450026303918,1.0,0.14335079360193273,0.6268608049209863,0.07306793424440484
38,sunny,0,0.10037002775208141,1.0,0.04069490139179069,0.024805376699731353,1.0,0.157497227593794,0.6261420904627066,0.05922620667138271
39,sunny,0,0.06155218554861731,1.0,0.030720773299076996,0.013114533469520464,1.0,0.11451870357946105,0.6071745750108496,0.05767959280054573
40,sunny,0,0.06497552291944815,1.0,0.03088064828029885,0.013511212785674622,1.0,0.11623774251797316,0.6730668842958737,0.05817953349564125
41,sunny,0,0.05310880829015544,1.0,0.028786422607579326,0.01504333911557031,1.0,0.1226512907211755,0.6379694318550435,0.04784364523011277
42,sunny,0,0.08148947652455478,1.0,0.03215100546391321,0.01655750568967906,1.0,0.12867597168733197,0.6860809103761099,0.05349036538522587
43,sunny,0,0.05730843528654218,1.0,0.028935972234662245,0.01547932107809627,1.0,0.12441591971325965,0.6285664051660268,0.05135916568816838
44,sunny,0,0.10494571773220748,1.0,0.04096809781887604,0.03084619999873892,1.0,0.1756308628878732,0.6984671974875282,0.047654864116937486
45,sunny,0,0.17551963048498845,0.8625866050808314,0.05604104936112414,0.1108621283841706,0.8625866050808314,0.3329596497838298,0.7594586803772247,0.13235746954671015
46,sunny,0,0.1710821733273462,0.9151324651998204,0.05154488166532854,0.11224828382053029,0.9151324651998204,0.33503475016859113,0.7719806925195395,0.15938614332127102
47,sunny,0,0.13489583333333333,0.9453125,0.05907859219087562,0.11444765628337392,0.9453125,0.3383011325481692,0.7684601497743366,0.2092565359477124
48,sunny,1,0.20150305307656177,0.42461249412869895,0.09572645516484468,0.1949418075322605,0.22639736965711602,0.44152214840510606,0.789739410758759,0.19785593899372805
49,sunny,0,0.20375865479723046,0.9010880316518298,0.061641463870178125,0.0943288265680495,0.9010880316518298,0.30712998317984114,0.7377614698952171,0.22828106514613758
50,sunny,0,0.21143174250832408,0.8518312985571587,0.07353612622527482,0.1239762585759279,0.8518312985571587,0.3521026250625347,0.7665811121316037,0.1411677656634241
51,sunny,0,0.15546594982078854,0.9887992831541219,0.04669949628622993,0.09603594238061784,0.9887992831541219,0.3098966640359619,0.8030683185528755,0.1683744465528147
52,sunny,1,0.1943127962085308,0.4939441811479726,0.09297988959519037,0.1713519825422509,0.4939441811479726,0.4139468354055275,0.765842871055135,0.17339363338805772
53,sunny,0,0.15508274231678487,0.924822695035461,0.04582552133546808,0.07646658932623135,0.924822695035461,0.27652592884977595,0.7589078703841317,0.1659203634172345
54,sunny,1,0.20708955223880596,0.6156716417910447,0.0982550259175241,0.21555592114602584,0.41697761194029853,0.464280002957295,0.7635684059559131,0.11003621597892889
55,sunny,0,0.1383975026014568,0.9058272632674298,0.0395789292945895,0.06146584252577687,0.7804370447450573,0.24792305767269182,0.7238014002642317,0.16565464895635673
56,sunny,0,0.1158097068716963,0.9144641999038924,0.03747546565188483,0.06068966700894021,0.8519942335415666,0.24635272884411127,0.7606342091967263,0.149647134202071
57,sunny,0,0.1569532602423543,0.8101557991921523,0.03797450839945009,0.07090618358724006,0.705135603000577,0.26628215033539154,0.7522314656471127,0.1784777615604811
58,sunny,0,0.17626262626262626,0.8535353535353535,0.04412162067582741,0.06818904447643044,0.8146464646464646,0.2611303208676281,0.7413263192138023,0.15370964547435134
59,sunny,1,0.2563559322033898,0.444385593220339,0.0909970127667386,0.12849295884847398,0.1684322033898305,0.3584591452989782,0.6521231249802687,0.20195870721169823
60,sunny,1,0.224469160768453,0.4322548028311426,0.07565812942752903,0.12467503849282859,0.3948432760364004,0.3530935265518593,0.724365085361486,0.1809770217490434
61,sunny,0,0.15494568324757005,0.858776443682104,0.041462464785516476,0.07745999596636524,0.703830760434534,0.278316359501854,0.7678881710372788,0.16908037085617553
62,sunny,0,0.11393119007332206,0.9537507050197406,0.03840269278710488,0.05139281687626058,0.9537507050197406,0.2266998387212937,0.7466930052047431,0.15650000552956658
63,sunny,0,0.19657204070701662,1.0,0.044410641188973136,0.047094457807608715,1.0,0.2170125752291989,0.6645243002895729,0.15874266149952215
64,sunny,0,0.07065217391304347,1.0,0.04228782827336271,0.044717766331269025,1.0,0.21146575687630617,0.7049988235399042,0.16595801364023868
65,sunny,1,0.17546754675467546,0.3278327832783278,0.07558414011131098,0.08905012728105259,0.29757975797579755,0.298412679491091,0.6918233447179569,0.23902802044910373
66,sunny,1,0.2060931899641577,0.828853046594982,0.0837575027656979,0.11360513345649668,0.828853046594982,0.3370536062060406,0.6854573582233845,0.32884601869421604
67,sunny,0,0.015158924205378973,1.0,0.022641927269214764,0.01694437729518614,1.0,0.13017057000407634,0.6898168653697059,0.04018601083465171
68,sunny,1,0.21205550737207285,0.7974848222029488,0.10577252946623508,0.256949615560381,0.7974848222029488,0.5069019782565274,0.7453153330451308,0.13545057224971516
69,sunny,0,0.1514413317092976,0.9602111246447422,0.0562375505851879,0.07949287801123207,0.9602111246447422,0.2819448137689929,0.6900537980615236,0.10922117933653364
70,sunny,1,0.16732369689005694,0.2996057818659658,0.09035020922674362,0.18850277875888163,0.16338151554971528,0.4341690670221471,0.7584997696256208,0.1876392431698917
71,sunny,1,0.2232739420935412,0.8273942093541202,0.08877584482353322,0.12843973358890684,0.826837416481069,0.3583848958716129,0.6744907885512692,0.20158740556356175
72,sunny,0,0.16045304388862672,0.9966965549787635,0.0645481362637219,0.053153036365261155,0.9966965549787635,0.23054942282569513,0.6829973834518138,0.11055714404685894
73,sunny,1,0.19588029537504859,0.7936261173727167,0.09570319722396751,0.21742318176242312,0.7936261173727167,0.46628658758581415,0.7269857504761039,0.08468789770086037
74,sunny,0,0.05153547476173667,1.0,0.03844581067280551,0.016585343809627392,1.0,0.12878409765816348,0.6151668532320125,0.09301301883266543
75,sunny,1,0.1809995497523638,0.33183250787933366,0.09387169772186331,0.20838769619531877,0.19180549302116165,0.4564950122348751,0.7984407318258928,0.16090614543881487
76,sunny,0,0.07426326129666012,1.0,0.04113653764782259,0.02986746518782761,1.0,0.17282206221379146,0.6115070498093987,0.10213028236835009
77,sunny,1,0.18309365135040337,0.748509294984216,0.0864396902488993,0.20327043192498076,0.748509294984216,0.4508552227988279,0.727486955158902,0.132486021416634
78,sunny,0,0.058011049723756904,1.0,0.029226683036905534,0.012392494457269481,1.0,0.11132158127366626,0.5838769569076133,0.09487235041346188
79,sunny,0,0.06588235294117648,1.0,0.033073857639443746,0.015552944664910917,1.0,0.12471144560508837,0.6577257246026786,0.08436447520184544
80,sunny,0,0.06066314996232103,1.0,0.033035070105774146,0.021761308185652608,1.0,0.1475171453955526,0.6199053229022073,0.08439203865419567
81,sunny,0,0.1006857855361596,1.0,0.038327040217233224,0.02622495597366281,1.0,0.1619412114739877,0.6554804126684906,0.10927583003276123
82,sunny,1,0.18954703832752615,0.4083623693379791,0.07003582763491775,0.1338401528527334,0.38013937282229965,0.3658417046384042,0.7664781718995188,0.2595764159322266
83,sunny,1,0.16386711459499814,0.4165733482642777,0.09137544959938078,0.1381994837061928,0.23292273236282196,0.3717519115030786,0.7407428157799335,0.24745112677396455
84,sunny,0,0.05110294117647059,1.0,0.02866795530468308,0.014996011781468133,1.0,0.12245820422278016,0.6069554247861287,0.07991493656286044
85,sunny,1,0.18727345952476843,0.9714055577929923,0.09812995343782464,0.16910889350904384,0.9710028191703585,0.41122851738302857,0.7440904828673999,0.09781968365276034
86,sunny,0,0.052420822715689847,1.0,0.036291160070107464,0.04498712095260745,1.0,0.21210167597783722,0.7658841210334456,0.08087539347737639
87,sunny,1,0.15352697095435686,0.9953895804518211,0.05784377790820402,0.08152539219995122,0.9953895804518211,0.28552651750748337,0.6837021346750681,0.5445176687549155
88,sunny,0,0.10068465565847765,1.0,0.0380273795989429,0.026636473987982315,1.0,0.16320684418241263,0.62933861982458,0.08079252643465763
89,sunny,0,0.2893326838772528,1.0,0.06901879668400066,0.07801673052380838,1.0,0.27931475171177117,0.5966070389438785,0.1328099481390218
90,sunny,0,0.2050799623706491,1.0,0.05317334453805149,0.06790253380357181,1.0,0.2605811462933798,0.6725209589550848,0.12407356169184512
91,sunny,0,0.22318125770653513,0.9284833538840938,0.06321194770185659,0.10074885717904199,0.9284833538840938,0.3174096047365958,0.6247312452157103,0.139497352578516
92,sunny,0,0.23813682678311499,0.9650655021834061,0.060978402912583135,0.10528897947766526,0.9650655021834061,0.32448263355326934,0.6646749756526946,0.14526243685247026
93,sunny,0,0.21644150617993677,1.0,0.05617529896072513,0.09581468801808064,1.0,0.30953947731764464,0.7088260190285585,0.15727755891088832
94,sunny,0,0.26118963486454655,0.9755594817432274,0.06558738118858327,0.08240424165413598,0.9755594817432274,0.28706139004424813,0.6283017029843423,0.12939675281184324
95,sunny,0,0.2655182655182655,0.9881199881199881,0.06901819096731651,0.07156018609698381,0.9881199881199881,0.26750735708945245,0.669238798621482,0.14669019374901726
96,sunny,0,0.2701789935832489,1.0,0.07085906966573073,0.07759520212576287,1.0,0.27855915372818546,0.6599330451299285,0.12170239254094072
97,sunny,0,0.29485966572059286,1.0,0.06526792118077623,0.04629149561734168,1.0,0.2151545853969691,0.6337752418750718,0.11013782996642366
98,sunny,0,0.28986366330764674,0.9407231772377,0.06881607491349438,0.0713980367428686,0.9407231772377,0.2672041106399162,0.6323707833625997,0.13466880528144867
99,sunny,0,0.30054122890799106,0.8758357211079274,0.07324977262439007,0.08010384690191079,0.8328557784145176,0.28302623005988475,0.644987232190304,0.12024520728380496
100,sunny,0,0.3074270557029178,0.8944297082228116,0.07442138773435063,0.07048769459179112,0.8944297082228116,0.26549518751154627,0.6339794841716971,0.12614968533832632
91,sunny,1,0.18588162762022195,0.7324290998766955,0.1182649262035175,0.3347171305065908,0.7274969173859432,0.5785474315098036,0.7782878131996656,0.11474940161021252
92,sunny,1,0.17933042212518194,0.7347889374090247,0.112249359249187,0.29322745198935984,0.7347889374090247,0.5415048032929716,0.7531566971042161,0.1448354596569341
96,sunny,1,0.18304626815265113,0.6828774062816616,0.10420208271336001,0.27357729322437857,0.6724079702803107,0.5230461673928781,0.7941767330969209,0.11661534590195417
1,cloudy,0,0.14853057982525814,0.9801429706115965,0.04269130626034022,0.048186570786310085,0.9769658459094519,0.21951439767429853,0.6781962065249766,0.16958370321917487
2,cloudy,0,0.06427090532135453,0.9709744298548721,0.03903385856262055,0.03975600239423479,0.9709744298548721,0.1993890729058009,0.6206490876451944,0.1341761860238221
3,cloudy,0,0.09125766871165644,1.0,0.03939745170294318,0.03142549375872293,1.0,0.17727237167343063,0.7197900167763319,0.16323228677974258
4,cloudy,0,0.12747688243064728,1.0,0.03886997271906478,0.03471100163351914,1.0,0.186308887693312,0.6447075871556402,0.17148185562203747
5,cloudy,0,0.11009933774834436,1.0,0.03892957343432757,0.038323402914011165,1.0,0.19576364042899072,0.7237129631744906,0.14438384625373327
6,cloudy,0,0.09020217729393468,0.9074650077760498,0.040311813799553335,0.04931722417161997,0.6065318818040435,0.22207481660832226,0.7337298606641252,0.16152837495807032
7,cloudy,0,0.06935908691834942,0.7638279192273925,0.03129470544026047,0.038620531948552195,0.6286215978928885,0.19652107253053602,0.6895055370529526,0.16780801872988002
8,cloudy,0,0.11176470588235295,0.6875,0.03362392375177949,0.04633908424893805,0.6375,0.21526514870953462,0.7769331140209962,0.15854671280276816
9,cloudy,0,0.034653465346534656,0.7623762376237624,0.029789370725075436,0.031245534913558505,0.7623762376237624,0.17676406567387645,0.6929669849573723,0.14019191835149902
10,cloudy,0,0.062302839116719244,0.8272870662460567,0.037729381225322385,0.03286092893486338,0.8257097791798107,0.1812758365995407,0.6403059035948445,0.1606946248530958
11,cloudy,0,0.10872781065088757,0.6923076923076923,0.036203674230298695,0.033343216737007894,0.6545857988165681,0.1826012506446982,0.6914033394774095,0.13481262327416174
12,cloudy,0,0.14285714285714285,0.9182692307692307,0.04244210461272138,0.02518883429343428,0.9182692307692307,0.15870990609736457,0.6536249306485392,0.13594322344322343
13,cloudy,0,0.09805335255948089,0.7591925018024513,0.034000900603184524,0.02362942540317022,0.71521268925739,0.1537186566528937,0.6827195310470944,0.13572529227985353
14,cloudy,0,0.13658536585365855,0.699390243902439,0.03522401769484966,0.037094120688949316,0.651219512195122,0.1925983403068399,0.7546883855545137,0.1496676231468197
15,cloudy,0,0.08017676767676768,0.6136363636363636,0.03098376213415376,0.029042636838130704,0.5511363636363636,0.1704190037470314,0.6107680256162489,0.15371113091701324
16,cloudy,0,0.12279151943462897,0.9602473498233216,0.04033481551438992,0.029687995173420318,0.9602473498233216,0.17230204634136043,0.664875640705346,0.1335238689115222
17,cloudy,0,0.09596412556053811,1.0,0.03255214842221623,0.014950752528145067,1.0,0.12227326988408001,0.6831572180854989,0.1074931856150532
18,cloudy,0,0.20408163265306123,0.8666180758017493,0.03935770249917521,0.03004885827880572,0.8666180758017493,0.1733460650802484,0.6658272487995957,0.15545646830160637
19,cloudy,0,0.11635944700460829,0.8669354838709677,0.03586560361379451,0.027425454583294213,0.7603686635944701,0.16560632410416642,0.5677562318285977,0.1240309026836541
20,cloudy,0,0.13515358361774743,0.7344709897610922,0.040816541743916766,0.035728940437424514,0.6689419795221843,0.18902100528095947,0.6237974069745781,0.1351401994244797
21,cloudy,0,0.14063714063714064,0.9766899766899767,0.034099363302837096,0.020832932353532733,0.9766899766899767,0.14433617825594777,0.6625637518340377,0.13462833462833462
22,cloudy,0,0.09814814814814815,1.0,0.03372652965154428,0.020042380637369905,1.0,0.14157111512370704,0.723394843118615,0.14671992253691601
23,cloudy,0,0.057206537890044575,1.0,0.031793701087676186,0.012535054917005585,1.0,0.11196005947214205,0.6465621336827544,0.06284707047752237
24,cloudy,0,0.04623824451410658,1.0,0.037035143283663315,0.018566508264661163,1.0,0.13625897498756243,0.6787331838661465,0.06124531317229086
25,cloudy,0,0.05859065716547902,1.0,0.03626764439354425,0.020964109426777837,1.0,0.14478988026370432,0.639573779834685,0.07633552233244842
26,cloudy,0,0.05039267015706806,1.0,0.03156651540885464,0.019941598978052658,1.0,0.1412147264914416,0.5233528711453113,0.07337798993943127
27,cloudy,0,0.11825396825396825,1.0,0.0310063629300449,0.012657191232823316,1.0,0.11250418317921923,0.5703788053742318,0.10351696234049175
28,cloudy,0,0.13040238450074515,1.0,0.05644224549642467,0.033871307578867915,1.0,0.18404159198091044,0.6562855674967195,0.07710470179129775
29,cloudy,0,0.126770060687795,1.0,0.03885652745904082,0.016453988700551852,1.0,0.1282731020150049,0.6189686018790888,0.08425422765195087
30,cloudy,0,0.0390625,1.0,0.02971920423506386,0.010182172761747706,1.0,0.10090675280548723,0.6124523988124632,0.0647894385026738
31,cloudy,0,0.10601503759398496,1.0,0.039137373912752814,0.020138739491234004,1.0,0.14191102667246827,0.5984657861377977,0.07725785050862449
32,cloudy,0,0.052827843380981974,1.0,0.03805872396155924,0.022099926523069385,1.0,0.1486604403433186,0.6821583802781037,0.07022508195322877
33,cloudy,0,0.052109181141439205,1.0,0.030014351720907603,0.007417641093989122,1.0,0.08612572840904814,0.549737403433208,0.06897046659855009
34,cloudy,0,0.10746812386156648,0.9726775956284153,0.0398031377705424,0.02153898994573154,0.9726775956284153,0.1467616773743457,0.5279602469938893,0.07345976642022929
35,cloudy,0,0.0891820580474934,1.0,0.035092176230260404,0.018784111460156683,1.0,0.13705514021793083,0.6552929409143178,0.0803849138600031
36,cloudy,0,0.08891454965357967,1.0,0.029203950736566148,0.0095170559271811,1.0,0.09755539927231655,0.5441828427309781,0.0651360775256985
37,cloudy,0,0.05101010101010101,1.0,0.029754543034096685,0.014555566719666777,1.0,0.12064645340691443,0.5971954289723073,0.06869082986730045
38,cloudy,0,0.05596669750231267,1.0,0.025219221003298688,0.009808875008602318,1.0,0.09903976478466778,0.6611211644234376,0.07113057989153108
39,cloudy,0,0.04103479036574487,1.0,0.019184058684523844,0.004739483753910991,1.0,0.06884390861878044,0.609244791406148,0.06562068181420651
40,cloudy,0,0.04539385847797063,1.0,0.02537581140538509,0.01206578818253659,1.0,0.10984438166122375,0.6809607453691379,0.06103475658176043
41,cloudy,0,0.03626943005181347,1.0,0.026643505839916044,0.014065999661102143,1.0,0.11860016720520314,0.6530977854854195,0.06384486437061872
42,cloudy,0,0.06691851052347544,1.0,0.030942830650993413,0.01260299221970096,1.0,0.11226304921790142,0.5395486629512833,0.05770187189824661
43,cloudy,0,0.03670315518351577,1.0,0.025127577090632253,0.010490409011711806,1.0,0.10242269773693626,0.6615643213471197,0.0633511356893047
44,cloudy,0,0.0971049457177322,1.0,0.028863560998078092,0.012955876004319005,1.0,0.11382388152017575,0.6705053798459614,0.06757018850966201
45,cloudy,0,0.14838337182448036,0.9595842956120092,0.04148487183044593,0.046833748559026056,0.9595842956120092,0.2164110638554001,0.7010347924571799,0.11620477290223248
46,cloudy,0,0.07319263583295914,0.9820386169735069,0.034573939736893246,0.06031832807438302,0.9820386169735069,0.24559789916524738,0.7710585577985551,0.13587257983570616
47,cloudy,0,0.07395833333333333,0.8963541666666667,0.03776108361661903,0.05366491093169295,0.8963541666666667,0.2316568819001347,0.7225924417135062,0.1422467320261438
48,cloudy,0,0.1113198684828558,0.8309065288868013,0.037046822316784175,0.05755054004451964,0.759981211836543,0.23989693629665146,0.7816443322572135,0.16677258033321363
49,cloudy,0,0.08803165182987141,0.7591493570722058,0.03600213778621883,0.052844095674990675,0.7591493570722058,0.22987843673339758,0.7716444844672844,0.17364286961075232
50,cloudy,0,0.16481687014428412,0.8690344062153164,0.04894906934364158,0.062242955102204886,0.8690344062153164,0.2494853805380285,0.7449990578801615,0.12896346107810494
51,cloudy,0,0.08826164874551971,0.9014336917562724,0.030373192786741377,0.04904101336737941,0.9014336917562724,0.22145205658873302,0.7504274465194997,0.14607491742216602
52,cloudy,0,0.08109531332280147,1.0,0.034129238491920115,0.03606023242419757,1.0,0.18989531964795123,0.7050240899819772,0.14775165463763176
53,cloudy,0,0.09456264775413711,0.88274231678487,0.03424590778781973,0.046385763728547705,0.88274231678487,0.21537354463477565,0.7382961203143971,0.14860612803040837
54,cloudy,0,0.07229477611940298,0.8666044776119403,0.03174991963821146,0.03291913070548632,0.7868470149253731,0.1814362993049801,0.6903212832771676,0.1298854989757097
55,cloudy,0,0.03850156087408949,0.899063475546306,0.028234343921838677,0.032010521159898615,0.8126951092611863,0.17891484331910143,0.6682781824903121,0.15463263349044093
56,cloudy,0,0.09034118212397886,0.9336857280153772,0.03123384360436164,0.03049077242932957,0.9336857280153772,0.17461607150926736,0.7022835185984887,0.10592004221198331
57,cloudy,0,0.005770340450086555,0.8170802077322562,0.02599885944072382,0.02808808738534071,0.760530871321408,0.16759501002518157,0.7060814160151921,0.11682563388887003
58,cloudy,0,0.11565656565656565,0.8929292929292929,0.03211312640174007,0.030544407817843445,0.8929292929292929,0.17476958493354455,0.6723475918495352,0.1157258863141216
59,cloudy,0,0.07521186440677965,0.7865466101694916,0.031132914353244393,0.03335899993605094,0.6996822033898306,0.18264446319571512,0.6770825362734698,0.13305292455965437
60,cloudy,0,0.051061678463094035,0.8119312436804853,0.03089344306381169,0.033796748903948466,0.7507583417593529,0.18383892108024477,0.69450072905917,0.14070659608636174
61,cloudy,0,0.06460834762721555,0.8513436249285306,0.02807898100032534,0.030964346981708003,0.7398513436249285,0.175966891720312,0.749117436844003,0.15416540544176505
62,cloudy,0,0.05470953186689227,1.0,0.029470867558959845,0.019831885302917344,1.0,0.14082572670828772,0.6206842492334603,0.12651869546464947
63,cloudy,0,0.06802356722013926,0.9571505088377076,0.03196529218282455,0.031153708428202663,0.9571505088377076,0.17650413147629906,0.7001644237286958,0.14519466061732675
64,cloudy,0,0.07110507246376811,0.916213768115942,0.027429118556714392,0.02804180782382101,0.916213768115942,0.1674568834769745,0.6430619288475328,0.1420431940892299
65,cloudy,0,0.10891089108910891,0.8333333333333334,0.03160988905975969,0.03314751855939548,0.8245324532453245,0.1820645999621988,0.6476220679274272,0.1419983174788067
66,cloudy,0,0.08512544802867383,0.9887992831541219,0.03309584162933096,0.03371016808576277,0.9887992831541219,0.18360328996443057,0.6686550382343409,0.12264741021856772
67,cloudy,0,0.0034229828850855745,0.9955990220048899,0.023045124073275868,0.022145523265373016,0.9955990220048899,0.14881372001725182,0.5854823386488189,0.06765233232657367
68,cloudy,0,0.0598438855160451,1.0,0.029394596518016895,0.01923052218366737,1.0,0.13867415831245333,0.6866994575195137,0.07957077019879938
69,cloudy,0,0.06617945594803086,0.9756394640682094,0.033561514700844404,0.03298849928886986,0.9756394640682094,0.18162736382183678,0.5974315603450251,0.12695978919379364
70,cloudy,0,0.04029785370127026,1.0,0.026230052268035715,0.011934453702443306,1.0,0.10924492529377879,0.6157347419840862,0.09491123650511453
71,cloudy,0,0.07628062360801782,1.0,0.03764513873817729,0.024229318736425337,1.0,0.1556576973246917,0.6755320092720464,0.10536704659592122
72,cloudy,0,0.1170363378952336,0.9915054270882492,0.04177665189280923,0.025588556934184957,0.9915054270882492,0.15996423642234833,0.6309160937081328,0.09410284170298606
73,cloudy,0,0.06451612903225806,1.0,0.03260667191923937,0.016637801672295036,1.0,0.12898760278528723,0.636195833912661,0.08878321635688866
74,cloudy,0,0.04765266501941405,1.0,0.026116778219192532,0.01005417512801558,1.0,0.10027050976242008,0.5852932023473134,0.08336482492750012
75,cloudy,0,0.005402971634398919,1.0,0.020703992211480622,0.007133023113013543,1.0,0.08445722652925292,0.6337824358380894,0.07844373228805256
76,cloudy,0,0.05147347740667976,0.9941060903732809,0.024527925064129097,0.012570477677270658,0.9941060903732809,0.11211814160639062,0.5136403955202806,0.0972841788974922
77,cloudy,0,0.052963872325499824,0.9796562609610663,0.02824985137589646,0.019195905006708626,0.9796562609610663,0.13854928728329363,0.5009617468271174,0.09003376868109572
78,cloudy,0,0.03867403314917127,0.9802025782688766,0.03107208635231442,0.020218967580573625,0.9802025782688766,0.14219341609432423,0.621043509101968,0.08971761817065685
79,cloudy,0,0.04980392156862745,1.0,0.024258982149836805,0.008072179978687994,1.0,0.08984531138956554,0.6001933814196612,0.08096578239138792
80,cloudy,0,0.01092690278824416,1.0,0.024952982252617877,0.01191559460592112,1.0,0.10915857550335256,0.641259479079477,0.09413833355497436
81,cloudy,0,0.060785536159601,1.0,0.02936763753952602,0.013733988835845376,1.0,0.11719210227590157,0.604004380569121,0.08121852232164686
82,cloudy,0,0.020905923344947737,1.0,0.027392633654758258,0.014198028127745718,1.0,0.11915547879869275,0.6158364441745973,0.09741477078636333
83,cloudy,0,0.04180664427025009,0.9985069055617768,0.026242886516118613,0.011523855052832186,0.9985069055617768,0.10734922008488086,0.6052767788717454,0.07830109274019424
84,cloudy,0,0.04852941176470588,0.9988970588235294,0.025802325989875453,0.013094242890011692,0.9988970588235294,0.11443007860703275,0.6156743963888919,0.08166089965397924
85,cloudy,0,0.019331453886427707,1.0,0.021173932626016783,0.010513114573340497,0.999597261377366,0.10253348025567306,0.661658092862906,0.057954877480593525
86,cloudy,0,0.019657808518383692,1.0,0.02357452843299849,0.014144797785904717,1.0,0.118931903986713,0.729525383817812,0.06456669307693956
87,cloudy,0,0.0,1.0,0.019177559976360795,0.008924507563370066,1.0,0.0944696118514841,0.5656001580585196,0.06823601732071344
88,cloudy,0,0.009665726943213854,1.0,0.02487188381792866,0.009784594589945114,1.0,0.09891710969263666,0.6079793213328584,0.09063514249840089
89,cloudy,0,0.18460789089137847,1.0,0.04538993191959427,0.043611587696151456,1.0,0.2088338758347205,0.6165035534523143,0.13613936563422252
90,cloudy,0,0.11194731890874883,1.0,0.039214634589722665,0.04042566950006057,1.0,0.2010613575505263,0.611659147633111,0.11549628317931124
91,cloudy,0,0.12515413070283601,0.9935265104808878,0.04594182392875719,0.06531566170719469,0.9935265104808878,0.2555692894445549,0.6247263686873475,0.13916854041246585
92,cloudy,0,0.15283842794759825,0.963901018922853,0.042365659250807326,0.060550201387412975,0.963901018922853,0.2460695051960177,0.6155622761969507,0.1286491423352456
93,cloudy,0,0.1322219028456453,0.9856280540385168,0.03974604628071922,0.05371879218633208,0.9856280540385168,0.231773148113262,0.5817546996264529,0.12306894588821445
94,cloudy,0,0.14045936395759717,0.9531802120141343,0.04484363131545847,0.052940779719654454,0.9531802120141343,0.23008863448604858,0.5726025197086008,0.1143698468786808
95,cloudy,0,0.16245916245916245,1.0,0.04698546323818325,0.041625338536556,1.0,0.20402288728609838,0.596386915915322,0.12398190045248869
96,cloudy,0,0.1691995947315096,1.0,0.04934202063161737,0.04603925145195066,1.0,0.21456759180256152,0.5906211775816571,0.10461489560363152
97,cloudy,0,0.20056764427625354,0.9955849889624724,0.04441620716614264,0.03833205506493491,0.9955849889624724,0.19578573764433124,0.5816646173214687,0.10823702549452452
98,cloudy,0,0.15589804386484885,0.9665085951393005,0.041743285980656936,0.04087793999296713,0.9665085951393005,0.20218293694811917,0.5759893460259334,0.11515278310494322
99,cloudy,0,0.19356892709328238,0.8806112702960841,0.0409082590564836,0.04848843647250584,0.8806112702960841,0.2202009002536226,0.6040219527000235,0.10456892085073444
100,cloudy,0,0.14615384615384616,0.9758620689655172,0.04135321747931146,0.032276035586680185,0.9758620689655172,0.1796553244039268,0.5568064795895536,0.10051282051282052
1,cloudy,1,0.26687847498014294,0.7982525814138205,0.10717564149750318,0.23401015887500634,0.4344718030182685,0.48374596522865837,0.7411901174399146,0.10359295425874877
2,cloudy,0,0.18728403593642018,1.0,0.05417990367280554,0.06896370047699009,1.0,0.2626094066803208,0.7611121655115661,0.14769435071886391
3,cloudy,0,0.16104294478527606,1.0,0.04984051191188646,0.06336387552137501,1.0,0.2517218217027976,0.7677276306000206,0.17036569228918563
4,cloudy,0,0.20871862615587847,1.0,0.055492803629496115,0.06901830275127947,1.0,0.2627133471129312,0.7162876048180205,0.16410236485611418
5,cloudy,0,0.17301324503311258,0.9768211920529801,0.054250986912746935,0.07753199506230471,0.9768211920529801,0.2784456770400731,0.7010254491301471,0.17190624594208542
6,cloudy,1,0.2698289269051322,0.552099533437014,0.11517070646667277,0.17349958754937805,0.5505443234836703,0.41653281689367294,0.6860205388807468,0.17833074131674442
7,cloudy,0,0.1431079894644425,0.9165935030728709,0.04726449658722788,0.09529290803872878,0.9122036874451273,0.30869549403696966,0.7368758097219499,0.2008400902064074
8,cloudy,0,0.15661764705882353,0.6911764705882353,0.043103829152930616,0.08321941038780666,0.6272058823529412,0.28847774678093746,0.7935851456190629,0.16451268742791236
9,cloudy,0,0.1661951909476662,0.8097595473833098,0.04073900467006778,0.0595565276168997,0.6867043847241867,0.24404206116343902,0.790235926930975,0.16014088803838367
10,cloudy,0,0.1971608832807571,0.8911671924290221,0.043206104534039745,0.057882415656413604,0.8911671924290221,0.2405876465166356,0.7331669583071204,0.17419743922805717
11,cloudy,0,0.14644970414201183,0.7396449704142012,0.04452887700328809,0.053783788964556066,0.6952662721893491,0.23191332209374277,0.7189451421005147,0.16051166028541594
12,cloudy,0,0.20947802197802198,0.7802197802197802,0.05482506497898116,0.06257522683629665,0.7074175824175825,0.2501504084272034,0.7459888070790458,0.14864792070674424
13,cloudy,1,0.18385003604902667,0.28406633020908434,0.08752725235419814,0.12771607800351514,0.1651045421773612,0.35737386306711794,0.6907451447610591,0.16724486478080777
14,cloudy,1,0.27134146341463417,0.598780487804878,0.0952764289256065,0.1440226224252284,0.598780487804878,0.3795031257120663,0.7065076754304132,0.1886991869918699
15,cloudy,0,0.18371212121212122,0.6130050505050505,0.04470874992300163,0.05227350198888681,0.5984848484848485,0.2286339913243147,0.7020959271682629,0.19166914240443653
16,cloudy,1,0.24469964664310953,0.4726148409893993,0.09122467571406301,0.1011518230758746,0.21024734982332155,0.3180437439659435,0.6700766083265572,0.19503568211736994
17,cloudy,0,0.13901345291479822,1.0,0.03938124054265719,0.05562940705714553,1.0,0.23585887105882944,0.8008326377323235,0.17149388903543478
18,cloudy,0,0.20918367346938777,1.0,0.050832611618864654,0.0571719499961584,1.0,0.23910656619206092,0.7428138817119594,0.16308809237980906
19,cloudy,0,0.15552995391705068,0.8594470046082949,0.05562766580200937,0.056122565244905984,0.7355990783410138,0.23690201612672268,0.6876710883943127,0.13473615252552634
20,cloudy,0,0.2068259385665529,0.9051194539249147,0.07242926594526164,0.10741030827313547,0.9051194539249147,0.32773511907199615,0.6118825586596105,0.1702629993977113
21,cloudy,1,0.26884226884226886,0.7233877233877234,0.1083087913458385,0.1750522996518933,0.7233877233877234,0.4183925186375747,0.716101816432761,0.11802489449548273
22,cloudy,1,0.27098765432098765,0.8117283950617284,0.11126637449980406,0.18546981220979983,0.8117283950617284,0.4306620626544667,0.6811638177379967,0.15373275236020334
23,cloudy,0,0.11069836552748885,1.0,0.03984922524322909,0.01956933986975895,1.0,0.13989045667864178,0.6920367781591803,0.04710252600297177
24,cloudy,0,0.14733542319749215,1.0,0.050329204846016266,0.03107272292106327,1.0,0.1762745668582489,0.700442469277542,0.0420400762185752
25,cloudy,1,0.20031670625494855,0.8836104513064132,0.11711715805109868,0.22211084870813955,0.8836104513064132,0.47128637653568933,0.7463352280778563,0.1123282567183643
26,cloudy,0,0.10209424083769633,1.0,0.042368484692820126,0.02668694666663842,1.0,0.16336139894919616,0.6126815170453906,0.06486243712144543
27,cloudy,1,0.24523809523809523,0.9380952380952381,0.09807150550633179,0.1471637034770335,0.9380952380952381,0.38361921677235294,0.7036284718256717,0.11843759726112668
28,cloudy,0,0.12593144560357675,0.9850968703427719,0.07443208782090739,0.09112308301552349,0.9850968703427719,0.30186600175495665,0.7496791300047012,0.07880248969930743
29,cloudy,0,0.1706001348617667,1.0,0.058606359989102685,0.0415871770339988,1.0,0.20392934323926706,0.6389755685784637,0.08335514920735658
30,cloudy,0,0.11789772727272728,1.0,0.046089801939097376,0.02664692643320393,1.0,0.16323886312151262,0.6318867354898593,0.07620042335115865
31,cloudy,0,0.13458646616541353,1.0,0.05058862349450511,0.03267332657684224,1.0,0.1807576459706262,0.7308281114032738,0.07528527200353825
32,cloudy,0,0.12057178371659416,1.0,0.04743602757371543,0.023250677297867065,1.0,0.15248172775079338,0.625237568814086,0.07161676354817875
33,cloudy,0,0.09057071960297766,1.0,0.04336480448223644,0.022563353438473262,1.0,0.15021102968315364,0.6001206909178713,0.07959665255680437
34,cloudy,0,0.1323618700667881,1.0,0.04983697127859445,0.027195834769835812,1.0,0.16491159683247208,0.5937872487160092,0.07387882900579781
35,cloudy,0,0.11240105540897098,1.0,0.04179087019643412,0.021307751953191238,1.0,0.14597175053136563,0.621479631799849,0.0821480676703399
36,cloudy,0,0.06986143187066975,1.0,0.032680775536440956,0.013065993266453099,1.0,0.11430657577958102,0.6419057187079722,0.0730494045193135
37,cloudy,0,0.07323232323232323,1.0,0.032005304706252104,0.01197508004051874,1.0,0.1094307088550501,0.6637515910800826,0.07207169736581501
38,cloudy,0,0.10314523589269195,1.0,0.03413744547819816,0.017387083118192873,1.0,0.13186008917861716,0.6074615066733735,0.06905733616295731
39,cloudy,0,0.07091882247992863,1.0,0.03372156153654663,0.018776153215059852,1.0,0.13702610413734986,0.6538636382854734,0.06932710640009795
40,cloudy,0,0.07120605251446373,1.0,0.03431308081173156,0.016160621490782984,1.0,0.12712443309916072,0.6468844170134949,0.06415525711842368
41,cloudy,0,0.06735751295336788,1.0,0.03130485570872373,0.01772554615437581,1.0,0.13313732066695577,0.6419381244526597,0.05902925937214264
42,cloudy,1,0.19481921208850514,0.43119266055045874,0.08189105492474034,0.1441457861495413,0.3950350782514841,0.3796653607448819,0.7306032432785614,0.32678962572616743
43,cloudy,1,0.24597553122987767,0.7327752736638764,0.09494434774331674,0.17987705415343025,0.4365743721828719,0.4241191508920934,0.7259176303849773,0.15549916038533895
44,cloudy,1,0.20325693606755127,0.3353437876960193,0.09175817952553986,0.16945925370319972,0.31544028950542824,0.41165428906207174,0.78134371842944,0.19346011022020387
45,cloudy,0,0.20727482678983833,0.9289838337182448,0.059554397688720624,0.11146165761781082,0.9289838337182448,0.3338587390166848,0.7460110940428101,0.1132409545804465
46,cloudy,1,0.19937135159407274,0.46519982038616975,0.08593429588455598,0.15374460680594346,0.30803771890435566,0.3921028013237644,0.6934579043239948,0.19865289627301302
47,cloudy,1,0.18125,0.8036458333333333,0.10714861483923335,0.22376285556570122,0.8036458333333333,0.47303578677062186,0.7682084907494641,0.09191176470588236
48,cloudy,0,0.15265382808830436,0.900422733677783,0.0577988731758864,0.13291701411132154,0.900422733677783,0.3645778574067843,0.7665610472089923,0.16762725757282715
49,cloudy,1,0.19980217606330367,0.7561819980217607,0.10988445321539225,0.271253998240335,0.7556874381800198,0.5208205048194003,0.7664969636080278,0.09028529314792187
50,cloudy,1,0.206992230854606,0.6664816870144284,0.09645260955730947,0.2669693977748796,0.3645948945615982,0.5166908144866518,0.7847293267132732,0.10107288198298188
51,cloudy,1,0.18951612903225806,0.8481182795698925,0.10685507486073088,0.24525802508698302,0.8481182795698925,0.4952353229394921,0.7688888709602896,0.08898552252442195
52,cloudy,0,0.17377567140600317,0.9989468141126909,0.05794568004267895,0.0831005554443002,0.9989468141126909,0.28827166951384625,0.7621598064438391,0.14320643475926442
53,cloudy,0,0.15319148936170213,0.9309692671394799,0.04709008367688534,0.09907956247571724,0.9309692671394799,0.3147690621324104,0.7617949475739715,0.1469651879664395
54,cloudy,0,0.15111940298507462,0.90625,0.043233216868767584,0.08441464466592222,0.7845149253731343,0.2905419843429211,0.71317484673732,0.1440682616330114
55,cloudy,1,0.20499479708636836,0.6836628511966701,0.10806335125903518,0.24557813097037073,0.6675338189386056,0.4955584031881315,0.7595205266742776,0.0959417273673257
56,cloudy,1,0.22200864968765016,0.3541566554541086,0.10385272447683544,0.19291721391268327,0.3310908217203268,0.43922342140724147,0.7502009042473999,0.1398554616464558
57,cloudy,0,0.10963646855164455,0.7830351990767456,0.03583826659456965,0.0847477416361464,0.7189844200807848,0.291114653764022,0.7893449639256855,0.14535600737698426
58,cloudy,0,0.1803030303030303,0.8994949494949495,0.04342337604410483,0.06773970793884813,0.8575757575757575,0.26026853044278736,0.7425806841603398,0.12146365616953853
59,cloudy,0,0.1853813559322034,0.701271186440678,0.044818385046679746,0.08084370324276975,0.649364406779661,0.28433027141472245,0.7617841283958444,0.16249376869391827
60,cloudy,1,0.17037411526794743,0.3351870576339737,0.07553922195216874,0.12981194738460164,0.29221435793731043,0.3602942511123396,0.6815158474224104,0.22638038026130572
61,cloudy,1,0.25157232704402516,0.7547169811320755,0.11005487156754858,0.15828408875645375,0.4762721555174385,0.39784932921453287,0.6565444945438716,0.17909169385307008
62,cloudy,0,0.13818386914833616,0.961082910321489,0.04344516662220158,0.07157933452964992,0.961082910321489,0.2675431451741007,0.7304897953834322,0.1686783229930438
63,cloudy,1,0.18532404927691484,0.2967327262988752,0.07494836431487858,0.14968331195243487,0.2881628280664167,0.3868892760886955,0.7578453806656618,0.21456462606467333
64,cloudy,0,0.1852355072463768,0.9433876811594203,0.058953169502935596,0.09502165930557947,0.9433876811594203,0.30825583417930547,0.632916180723282,0.15850561238988348
65,cloudy,1,0.25412541254125415,0.7332233223322332,0.12155792683081246,0.20216157433692716,0.7315731573157316,0.44962381424578385,0.7265773683175839,0.16875687568756875
66,cloudy,0,0.16442652329749105,0.9417562724014337,0.05891879336945601,0.10582581614911826,0.9417562724014337,0.3253088012168104,0.5980693707449367,0.14096739054044558
67,cloudy,0,0.0488997555012225,0.9706601466992665,0.03991477398503578,0.057643025110480826,0.9706601466992665,0.24008961891443958,0.783540145875588,0.043898556977803344
68,cloudy,1,0.17649609713790113,0.35429314830875974,0.0994626834417425,0.21377540466739975,0.27189939288811793,0.4623585239480286,0.7822239715955379,0.17509990986854412
69,cloudy,1,0.16159155501421033,0.7535525781567195,0.10393216948272355,0.27203582777614954,0.7535525781567195,0.5215705395976171,0.7883711946159201,0.0731198204007547
70,cloudy,0,0.07796758650897942,1.0,0.03990141488531625,0.02021851445325708,1.0,0.14219182273695308,0.6898211768620559,0.10817379952418989
71,cloudy,1,0.21492204899777284,0.928173719376392,0.09279528765249435,0.11310658309032809,0.928173719376392,0.33631322170014083,0.6182192535567054,0.6274356958819163
72,cloudy,1,0.21330816422840962,0.7852760736196319,0.11003203913685354,0.23615353296790773,0.7852760736196319,0.4859563076737535,0.7354172165417557,0.10717597090747578
73,cloudy,1,0.17877963466770308,0.8150019432568986,0.11405844018275299,0.27026098763752904,0.8150019432568986,0.5198663170830834,0.7440339569304463,0.08431143930560953
74,cloudy,1,0.22343805153547477,0.6406636074832334,0.09138827995447225,0.1979783456537376,0.6254853512177904,0.44494757629830683,0.7344598361167654,0.16220316577036745
75,cloudy,1,0.2219720846465556,0.6159387663214768,0.09268784161910538,0.16233323997720095,0.494822152183701,0.40290599397030685,0.7101867422492525,0.18721296713192254
76,cloudy,0,0.04911591355599214,1.0,0.03427341087988142,0.020488355389296702,1.0,0.14313754011193813,0.6429262193052012,0.09060595554528295
77,cloudy,1,0.2402665731322343,0.5468256752016836,0.10732211531886414,0.19103973002879066,0.5135040336723956,0.4370809193144796,0.712589131288191,0.13499907153320817
78,cloudy,0,0.06583793738489871,0.9990791896869244,0.03521233879866002,0.03086714675940401,0.9990791896869244,0.17569048568264592,0.5878834494600483,0.09983208753114506
79,cloudy,1,0.18705882352941178,0.7023529411764706,0.09239342082114312,0.1299148369285702,0.6952941176470588,0.3604370082671453,0.6575836938161027,0.442237600922722
80,cloudy,1,0.16955538809344387,0.34513941220798794,0.0928138433715649,0.2117034863528286,0.34513941220798794,0.46011247141631423,0.7978429486542647,0.1654845811723333
81,cloudy,1,0.18952618453865336,0.3553615960099751,0.08477790063891869,0.19250768226705386,0.32855361596009974,0.43875697403808167,0.7636039107925437,0.16371448828908122
82,cloudy,1,0.14982578397212543,0.872822299651568,0.0669636687878343,0.1752598184717192,0.872822299651568,0.41864044055934113,0.6576609457262788,0.06754252920680467
83,cloudy,1,0.1623740201567749,0.8062709966405375,0.08414445211991342,0.2204801823294658,0.8062709966405375,0.46955317305867056,0.7705621082641769,0.06646465977208353
84,cloudy,1,0.1426470588235294,0.26066176470588237,0.09127075753229896,0.14585072430220475,0.23161764705882354,0.38190407735739706,0.7798696330874981,0.23870098039215687
85,cloudy,1,0.14901329037454691,0.8445428916633105,0.07808604384134989,0.23084369505481905,0.8413209826822392,0.48046196004972036,0.7870798226792863,0.06281301082656181
86,cloudy,1,0.14925373134328357,0.37277029486712776,0.08969522662928589,0.21306728716991635,0.2304331998543866,0.46159212208389816,0.7892658657100315,0.18594545207963054
87,cloudy,0,0.024435223605348087,1.0,0.02225245788035209,0.009048023395398546,1.0,0.0951210985817476,0.6152257385471175,0.07100588506495267
88,cloudy,1,0.1594844945630286,0.8131292790978655,0.07523653660246933,0.1595967534350914,0.8082964156262585,0.39949562379967496,0.7190344474850764,0.1157470801449859
89,cloudy,0,0.22406234778373113,1.0,0.05881012908009393,0.06458079733352744,1.0,0.2541275217947231,0.6180209211476569,0.1223002206240509
90,cloudy,0,0.18407024145500156,1.0,0.048609038498671896,0.05984647183682231,1.0,0.2446353854960936,0.6562966865969235,0.10796672384852342
91,cloudy,1,0.18896424167694204,0.5816892725030827,0.10119192084466438,0.33860924438569723,0.5736744759556104,0.5819014043510268,0.7962500158102811,0.11445081115060081
92,cloudy,1,0.1737991266375546,0.449490538573508,0.0738881328171262,0.17322138057358727,0.4430858806404658,0.4161987272608931,0.7214793672816714,0.21121328880897336
93,cloudy,0,0.17878700776085082,1.0,0.05415885140237591,0.08686809186219674,1.0,0.2947339340187972,0.7475993097439648,0.13818034255955902
94,cloudy,0,0.22614840989399293,1.0,0.05843104391446421,0.06311709268656271,1.0,0.25123115389330736,0.6611253045898745,0.11507887018175939
95,cloudy,0,0.24888624888624888,0.9854469854469855,0.06513701253272657,0.07560169152140074,0.9818829818829818,0.2749576176820725,0.6576152631162689,0.13149309619897856
96,cloudy,0,0.2613981762917933,1.0,0.06510482808090788,0.06452919374283382,1.0,0.25402597060701065,0.6778440857040197,0.1060174424379681
97,cloudy,0,0.24755597603279722,1.0,0.05804000829657522,0.04543156491784287,1.0,0.21314681540628955,0.6673110748300936,0.10292540857402564
98,cloudy,0,0.26259632483698875,0.9890337877889745,0.05832814636706429,0.06136478342210833,0.9890337877889745,0.24771916240393743,0.6554321485222143,0.11294559317502935
99,cloudy,0,0.276981852913085,0.941738299904489,0.05953341513718609,0.05906469832574496,0.941738299904489,0.24303229893523404,0.6597776264176208,0.10477617344295248
100,cloudy,1,0.19363395225464192,0.5395225464190981,0.0987975518171375,0.22055468744923365,0.5108753315649868,0.4696325025477194,0.7653089885351145,0.14257762521454206
1,cloudy,1,0.22716441620333597,0.8967434471803019,0.11025342175876,0.25297451699741413,0.8911834789515488,0.5029657214934375,0.7306832439276933,0.0772539675123425
2,cloudy,0,0.14858327574291638,1.0,0.04548247515836037,0.061369911554062274,1.0,0.24772951288464254,0.7289535655824614,0.17437565212678022
3,cloudy,0,0.147239263803681,1.0,0.05346814489784594,0.05968426515370908,1.0,0.2443036331160654,0.7333616041908924,0.18710754240346447
4,cloudy,0,0.20805812417437253,0.9801849405548216,0.06014106057882083,0.06130708709367186,0.9801849405548216,0.24760267990002016,0.6637486112091363,0.19190820317558993
5,cloudy,1,0.22847682119205298,0.6208609271523179,0.11263871126751861,0.25606321404015125,0.6142384105960265,0.5060268906294915,0.7665337583578414,0.0965296714712375
6,cloudy,1,0.23950233281493002,0.7939346811819595,0.11861604666607099,0.23117365713846744,0.7939346811819595,0.4808052174617778,0.7313659075214597,0.0935809471533559
7,cloudy,0,0.14135206321334504,0.9473222124670764,0.0388431980789599,0.048071861369206416,0.9473222124670764,0.21925296205343822,0.73084876012655,0.2160340167673742
8,cloudy,1,0.2786764705882353,0.5360294117647059,0.10010334716776279,0.15858061109714255,0.17279411764705882,0.398221811428182,0.6964910677615673,0.12243367935409458
9,cloudy,0,0.12446958981612447,0.9193776520509194,0.03838578871944693,0.05175362673483562,0.9193776520509194,0.22749423450899944,0.6744294455094199,0.2150345286629503
10,cloudy,0,0.13801261829652997,0.8485804416403786,0.04214425535364782,0.0451310364137897,0.8485804416403786,0.21244066563111147,0.7161526572118677,0.19224655161749243
11,cloudy,1,0.25961538461538464,0.5236686390532544,0.11229865436210029,0.23511270645408025,0.3291420118343195,0.48488421963813205,0.7461367627672995,0.0897493908806126
12,cloudy,1,0.31043956043956045,0.5865384615384616,0.10660709745571784,0.13270002373846626,0.3083791208791209,0.36428014458444785,0.6580960881372944,0.12539862098685628
13,cloudy,0,0.1802451333813987,0.7887527036770007,0.045662992646316354,0.04341437797875105,0.7036770007209805,0.2083611719556958,0.7113325960781495,0.19562322405530344
14,cloudy,0,0.18292682926829268,0.75,0.05222034235795346,0.06066285346252905,0.6463414634146342,0.24629830178571888,0.723334977138081,0.20140841702534673
15,cloudy,1,0.24179292929292928,0.4318181818181818,0.09651462250878819,0.18292005171953005,0.21464646464646464,0.4276915380499479,0.6895823281539485,0.10174787086551791
16,cloudy,1,0.2252650176678445,0.592756183745583,0.1165556978649958,0.2816748099765155,0.5335689045936396,0.530730449452936,0.7331538220573507,0.08057576387445436
17,cloudy,1,0.28161434977578476,0.7605381165919283,0.11675012275496924,0.1435275052375571,0.5192825112107623,0.3788502411739461,0.6758036081548524,0.14651191418271342
18,cloudy,1,0.25,0.6625364431486881,0.0831761020121303,0.09283162631738144,0.6581632653061225,0.3046828290491301,0.6873363037860352,0.15783456239638713
19,cloudy,0,0.14746543778801843,0.9349078341013825,0.050591912995070494,0.04290966977474714,0.7644009216589862,0.2071464935130381,0.6166171372437267,0.14796692870696665
20,cloudy,0,0.1849829351535836,0.8464163822525598,0.058830818335522485,0.05765407360972208,0.7781569965870307,0.24011262692686963,0.6349946369197979,0.1723188114836378
21,cloudy,0,0.18803418803418803,0.9875679875679876,0.04824002202807287,0.034293029003580534,0.9875679875679876,0.18518377089685945,0.621540757745397,0.19490226549050077
22,cloudy,0,0.20493827160493827,1.0,0.04908548980739618,0.04882972076266963,1.0,0.2209744798900308,0.7230435127268697,0.18541515371580733
23,cloudy,1,0.1738484398216939,0.5141158989598811,0.08383300842610868,0.1479213136201712,0.4160475482912333,0.3846053998843115,0.7541093055598876,0.1580601928735833
24,cloudy,1,0.23746081504702193,0.713166144200627,0.08532997765442522,0.164422297240255,0.7092476489028213,0.40549019376583567,0.7296976900402803,0.11131599975413363
25,cloudy,0,0.11401425178147269,1.0,0.04048987091296028,0.018856618323827706,1.0,0.13731940257599326,0.6050937559635667,0.11082234952571686
26,cloudy,1,0.24476439790575916,0.4993455497382199,0.08962454301527963,0.15462711588735667,0.42212041884816753,0.39322654524759215,0.7645620187777139,0.4585540498922082
27,cloudy,1,0.22301587301587303,0.7912698412698412,0.12090827638809871,0.2854003467666418,0.7912698412698412,0.5342287401166674,0.7623467705383021,0.08643323996265173
28,cloudy,1,0.2481371087928465,0.8338301043219076,0.1404393085484551,0.24173643010330864,0.8107302533532041,0.49166699106540457,0.7147005159850521,0.08442476841705386
29,cloudy,0,0.18004045853000675,1.0,0.05958148926215353,0.042733541660316204,1.0,0.2067209270013953,0.660759324280882,0.11799611280790132
30,cloudy,1,0.2372159090909091,0.6171875,0.08181304788548853,0.13269883173807118,0.6029829545454546,0.36427850847678506,0.7207698757662386,0.12920844474153298
31,cloudy,0,0.12330827067669173,1.0,0.04838711214934241,0.02894945366990422,1.0,0.1701453897991486,0.6466527647159686,0.11387586613592805
32,cloudy,1,0.2442510876320696,0.4723430702299565,0.09301780678145524,0.16339766998185104,0.4698570540708515,0.4042247765561273,0.7438648359951946,0.10010358400662937
33,cloudy,0,0.07320099255583126,1.0,0.035339539590994125,0.01670360768605405,1.0,0.12924243763584023,0.6073054223055541,0.11174281126842797
34,cloudy,0,0.11839708561020036,0.9854280510018215,0.052337445507609104,0.036251120385262764,0.9854280510018215,0.19039726989970934,0.6195599910166677,0.10722049597009417
35,cloudy,0,0.09762532981530343,1.0,0.04599673409278741,0.026170910191939838,1.0,0.16177425688885064,0.6202526178393273,0.11582596099125665
36,cloudy,0,0.1287528868360277,1.0,0.035980172304185584,0.016585198593601354,1.0,0.1287835338605109,0.6196697419056103,0.112772268260653
37,cloudy,1,0.23686868686868687,0.3505050505050505,0.08506803647728708,0.12199187012631725,0.34494949494949495,0.3492733458572487,0.7196141439500775,0.12632996632996635
38,cloudy,0,0.06290471785383904,1.0,0.030974845043396818,0.021841896963952286,1.0,0.1477900435210447,0.6287550770416703,0.10629409950844353
39,cloudy,0,0.09901873327386262,1.0,0.03672167964946875,0.017880765156229772,1.0,0.1337189782948919,0.6466126172762453,0.09690927218344965
40,cloudy,1,0.19982198486871383,0.586559857587895,0.10294614091861748,0.16348906908714297,0.5585224744103249,0.40433781555420084,0.7185838419689388,0.07034913653935095
41,cloudy,0,0.11075129533678757,1.0,0.0325399227779999,0.018108827023773394,1.0,0.1345690418475713,0.6413309328843902,0.09489992888347049
42,cloudy,0,0.06152185644900162,1.0,0.0379268215596789,0.02333519461321212,1.0,0.15275861551222608,0.6226218650584225,0.09984444938255928
43,cloudy,0,0.05795235028976175,1.0,0.033398052453925554,0.013474652676349404,1.0,0.11608037162392876,0.6135114412781585,0.07979243210484452
44,cloudy,0,0.13811821471652594,1.0,0.039342058736614526,0.024633827447940862,1.0,0.1569516723324121,0.6921534712800915,0.0893824357245914
45,cloudy,0,0.17032332563510394,0.9491916859122402,0.05769667415360717,0.08411998535312253,0.9480369515011547,0.29003445545852397,0.738485919137077,0.14808902775890956
46,cloudy,1,0.19577907498877414,0.8558599012123933,0.11824181389424665,0.26308756084983276,0.8558599012123933,0.5129206184682311,0.7335696957261529,0.08032788328622874
47,cloudy,0,0.15260416666666668,0.8953125,0.054909481051789416,0.10980724759641056,0.8953125,0.3313717664442922,0.7690668582504671,0.20262459150326798
48,cloudy,1,0.22451855331141382,0.7656176608736496,0.0894588414957561,0.16231651307091402,0.7656176608736496,0.4028852356080004,0.7276972715805503,0.34334079333941186
49,cloudy,1,0.218595450049456,0.7992087042532147,0.11730696510888786,0.24312237247446322,0.7992087042532147,0.49307440865904123,0.742678993637746,0.08421675297220767
50,cloudy,1,0.20921198668146504,0.6698113207547169,0.07870639817006629,0.1691453974733983,0.35960044395116536,0.4112728990261798,0.774050352651903,0.4000914017105177
51,cloudy,1,0.2025089605734767,0.6872759856630825,0.10303966523706885,0.2848892051987539,0.6872759856630825,0.533750133675631,0.7674894833356513,0.07814147164242041
52,cloudy,1,0.2143233280674039,0.8214849921011058,0.08399653047430258,0.14530010768058668,0.8214849921011058,0.38118251229638894,0.7202483703305733,0.38665758035705067
53,cloudy,1,0.23073286052009456,0.7494089834515366,0.08968076829976963,0.1643604826100062,0.7451536643026004,0.4054139644980254,0.7015597231792983,0.14011959393686552
54,cloudy,1,0.2080223880597015,0.5774253731343284,0.10192830546867614,0.2273177891288406,0.31203358208955223,0.47677855355378623,0.7338281903287439,0.08802129060579456
55,cloudy,0,0.1425598335067638,0.9063475546305931,0.03523300443827056,0.05437738923562678,0.8163371488033299,0.23318959932987318,0.7174063149970834,0.19014302911591277
56,cloudy,1,0.2388274867851994,0.47092743873137916,0.07847295983801783,0.08524673595672605,0.40269101393560786,0.2919704367855178,0.6650519646020332,0.18880440210683025
57,cloudy,0,0.12348528563185228,0.8551644547028274,0.039002025945197576,0.04834799712940984,0.7432198499711483,0.21988177989412822,0.7384407906659377,0.1905117499971714
58,cloudy,0,0.12575757575757576,0.9176767676767676,0.04215833248126893,0.04950369208455492,0.9176767676767676,0.2224942518011531,0.7062322260974582,0.15629827688651218
59,cloudy,0,0.1705508474576271,0.8728813559322034,0.04197442661949534,0.051033667304279696,0.8728813559322034,0.2259063241794698,0.6672720976940587,0.1968344965104686
60,cloudy,1,0.23154701718907988,0.3710819009100101,0.07377105742254286,0.10277439080806205,0.3392315470171891,0.3205844519125375,0.6611026786524508,0.138028113166399
61,cloudy,0,0.14351057747284163,0.949685534591195,0.04578122254662594,0.05449915345604141,0.949685534591195,0.23345053749358002,0.7105125543342906,0.19597753338041907
62,cloudy,0,0.16187253243090807,1.0,0.0421615571194424,0.044352760300698395,1.0,0.21060095037938076,0.7289606713475717,0.1828561317363945
63,cloudy,0,0.17514729512587038,0.8762720942688805,0.05241995695383455,0.07215734063033775,0.8752008569898232,0.2686211842545888,0.6881178551731085,0.1766470273165506
64,cloudy,0,0.1272644927536232,0.8772644927536232,0.049534031467364535,0.07697865219103281,0.8772644927536232,0.27745026976204723,0.6947677262404249,0.1893453395851094
65,cloudy,1,0.21892189218921893,0.8080308030803081,0.09041496044785445,0.09712922225708845,0.7728272827282728,0.3116556148332458,0.7072682173918237,0.4492655147867728
66,cloudy,0,0.17338709677419356,0.9816308243727598,0.048038047183326694,0.05862139490459956,0.9816308243727598,0.24211855547355218,0.6444256320821413,0.17610338042026846
67,cloudy,0,0.08997555012224939,0.9794621026894865,0.043758745393815975,0.0864222143375596,0.9794621026894865,0.2939765540609652,0.7471428931798573,0.07453856848362818
68,cloudy,1,0.23156981786643538,0.7580225498699046,0.10390768036638502,0.13327749510048795,0.7502168256721596,0.3650719040141106,0.7127491605897452,0.13129772290529396
69,cloudy,0,0.10150223304912707,0.9691433211530653,0.04145783012058792,0.052371184376747607,0.9691433211530653,0.22884751337243672,0.5983963866160146,0.15848996521060718
70,cloudy,1,0.1703898379325449,0.8383705650459922,0.10881749023547731,0.26292020031744007,0.8374945247481385,0.5127574478419987,0.7756588436005152,0.07508352443035908
71,cloudy,1,0.24443207126948774,0.7255011135857461,0.08821530731821912,0.1542907514199277,0.7165924276169265,0.39279861433045776,0.6810443186534958,0.14180095200663786
72,cloudy,1,0.21566776781500707,0.6470033034450212,0.12109788973148444,0.2785107889242119,0.6470033034450212,0.527741213971594,0.7469370185186048,0.08072250136486873
73,cloudy,1,0.19121647881849982,0.7582588418188885,0.1279398729072792,0.289180985603049,0.5911387485425573,0.5377555072735648,0.7528936825372583,0.07554925584691707
74,cloudy,0,0.06530180021178962,1.0,0.03738332158898833,0.018021785638799696,1.0,0.13424524438057273,0.6058507966348492,0.12709176858177088
75,cloudy,1,0.22512381809995496,0.6555605583070689,0.10242278910919701,0.24485314812357833,0.5551553354344889,0.49482638179828115,0.7695793729180729,0.10293367234331824
76,cloudy,1,0.21846758349705306,0.8416502946954814,0.0844620265631778,0.09305834276048992,0.8416502946954814,0.3050546553660342,0.6261166508620741,0.1406957124696637
77,cloudy,0,0.09400210452472817,0.9803577692037881,0.03497519546258932,0.03402953437263495,0.9803577692037881,0.18447095807371672,0.6105761379824818,0.13594266889498696
78,cloudy,0,0.08379373848987108,0.9806629834254144,0.02898499939290232,0.028497616206625574,0.9806629834254144,0.16881236982705258,0.5165597425214102,0.13518759253240892
79,cloudy,0,0.06745098039215686,1.0,0.03211236276792683,0.017837766927545833,1.0,0.13355810318938283,0.6860709232559951,0.12686966551326412
80,cloudy,0,0.01281085154483798,1.0,0.030586245704511832,0.015923777296129506,1.0,0.12618945001912604,0.632295986862946,0.13070023789470575
81,cloudy,0,0.09102244389027432,1.0,0.03718429511321249,0.022470432133608245,1.0,0.14990140804411492,0.6063626232867239,0.11782308933548481
82,cloudy,1,0.22369337979094076,0.6797909407665506,0.07177331739312208,0.09431436925821872,0.6714285714285714,0.3071064461358939,0.6390783260965376,0.15925804468128715
83,cloudy,1,0.24486748786860768,0.9369167599850691,0.08637229904913266,0.08368688970209341,0.9369167599850691,0.28928686403307946,0.6392104719949706,0.41678706570347435
84,cloudy,0,0.05661764705882353,1.0,0.0320023697479759,0.020458776302433587,1.0,0.14303417879106234,0.6395056232667861,0.1250028835063437
85,cloudy,1,0.22754732178815948,0.9218687072090214,0.08629845535911602,0.08045479511408304,0.9214659685863874,0.28364554485146254,0.6357604285076023,0.16448950905372217
86,cloudy,0,0.11248634874408446,1.0,0.03865141449899076,0.03364542651663215,1.0,0.18342689692799188,0.6455579995124474,0.10951983268735233
87,cloudy,0,0.0,1.0,0.02272752781817065,0.010767487480466085,1.0,0.10376650461717443,0.5666953698653833,0.10912230267856336
88,cloudy,0,0.022150624244865084,1.0,0.03190423619585036,0.01628209211258269,1.0,0.12760130137495734,0.6690376872913989,0.11484684087086305
89,cloudy,1,0.21042377009254748,0.6488066244520214,0.0895712775219943,0.206608267185097,0.6488066244520214,0.45454182116181235,0.7409004785118306,0.13683657583832365
90,cloudy,0,0.16933207902163688,1.0,0.04714773843746668,0.0582416537178246,1.0,0.24133307630290673,0.6723941776984926,0.13620595306168878
91,cloudy,1,0.19512946979038223,0.780209617755857,0.09772207531694561,0.27933362678309975,0.7777435265104808,0.5285202236273459,0.7119978366648123,0.08995551364812263
92,cloudy,0,0.20844250363901018,0.9694323144104804,0.06124554024900573,0.07747335953646642,0.9694323144104804,0.27834036634391784,0.5986176459374495,0.13521933955532722
93,cloudy,0,0.22765162402989364,1.0,0.05735002011424347,0.09237173664451341,1.0,0.3039271897091693,0.7204322303589915,0.1426643896995418
94,cloudy,0,0.24911660777385158,0.9628975265017667,0.06415890129784875,0.07890954575348565,0.9628975265017667,0.2809084294810066,0.6284573533670874,0.14184161297027645
95,cloudy,0,0.2696762696762697,0.9901989901989902,0.07176390706936427,0.07258064721525977,0.9901989901989902,0.2694079568521683,0.6350954674518081,0.14678104089868796
96,cloudy,0,0.2576832151300236,1.0,0.06768390885980571,0.06404662362206422,1.0,0.2530743440613138,0.6538406581520065,0.12153154405970426
97,cloudy,0,0.27625354777672656,0.9921160517187008,0.06481704221495642,0.05866801418661488,0.9921160517187008,0.24221481000676834,0.6375858241364531,0.12531334829737634
98,cloudy,1,0.1873147599288678,0.6745702430349734,0.07368879733367212,0.15291864857961188,0.6410788381742739,0.39104814100007157,0.720150647966275,0.14226669921080468
99,cloudy,1,0.17605858007004138,0.641515440942375,0.06806122027685002,0.13175968916691005,0.6402419611588666,0.36298717493447347,0.6840794122087085,0.15487636633768437
100,cloudy,1,0.2090185676392573,0.6177718832891247,0.0946197311436611,0.19440993629883302,0.5997347480106101,0.44091942154869185,0.692799314787474,0.10280647006813336
1,cloudy,0,0.16203335980937253,1.0,0.06187039289785563,0.07743718087978661,0.9968228752978554,0.27827536879822223,0.7862794293457036,0.15252378949991435
2,cloudy,0,0.16655148583275742,1.0,0.05640135806734625,0.07325663793963946,1.0,0.27065963485462596,0.7168767296958439,0.1361112240334973
3,cloudy,0,0.17101226993865032,1.0,0.054743574406452875,0.06036700009951383,1.0,0.24569696803077123,0.7176265817496782,0.16351196920485986
4,cloudy,0,0.21400264200792601,0.9801849405548216,0.05990494032318394,0.0635718282832936,0.9801849405548216,0.25213454401032315,0.6652094463879439,0.15536819747714145
5,cloudy,0,0.18460264900662252,0.9693708609271523,0.05544726698413559,0.06401355076412012,0.9693708609271523,0.2530089934451345,0.7013922094533223,0.16334242306194002
6,cloudy,0,0.20917573872472783,0.9292379471228616,0.05755387360697735,0.08438309873602742,0.9292379471228616,0.2904876911953886,0.7087379492541841,0.14156984722349283
7,cloudy,0,0.1466198419666374,0.9218612818261633,0.04410247891797907,0.05839441946232888,0.9218612818261633,0.24164937298145195,0.7692708274268824,0.19213276179655356
8,cloudy,0,0.21911764705882353,0.7323529411764705,0.04803537182111331,0.07979230210233222,0.6669117647058823,0.2824753123767318,0.7432161086860665,0.14736735870818915
9,cloudy,0,0.16053748231966053,0.7779349363507779,0.04212627642295038,0.04431945152549488,0.7369165487977369,0.21052185522053257,0.716949967261298,0.1488365643287018
10,cloudy,0,0.1829652996845426,0.917981072555205,0.04714374432497634,0.045125037413644736,0.917981072555205,0.21242654592504379,0.6884876408284315,0.16703779303519514
11,cloudy,0,0.19822485207100593,0.7344674556213018,0.048333747848327654,0.05215011134292774,0.6612426035502958,0.2283639887174152,0.7007876021538486,0.133771319178559
12,cloudy,0,0.22527472527472528,0.7541208791208791,0.05811433406937749,0.058670247510769005,0.698489010989011,0.2422194201767666,0.7209143797251673,0.14395335057099762
13,cloudy,0,0.21485219899062724,0.7873107426099495,0.05402862125771321,0.04722436806735341,0.6935832732516222,0.2173116841482607,0.6797060011110057,0.14231872994331116
14,cloudy,0,0.22865853658536586,0.7841463414634147,0.06001110345891696,0.06408182923284209,0.6804878048780488,0.25314389037233764,0.713363322345201,0.18238163558106169
15,cloudy,0,0.19886363636363635,0.7234848484848485,0.04711401092661233,0.04400621833835895,0.6294191919191919,0.2097765914928521,0.5779931395102362,0.15474351356704297
16,cloudy,0,0.2252650176678445,0.9399293286219081,0.05849915989804971,0.0640332666433007,0.9399293286219081,0.25304795324859025,0.6186543640914297,0.15006235709831633
17,cloudy,0,0.17219730941704037,1.0,0.050260922899123615,0.04755530138286074,1.0,0.21807178034505229,0.6983369522558628,0.14210498549195463
18,cloudy,0,0.1989795918367347,0.9176384839650146,0.061697604175085324,0.06074414553205623,0.9161807580174927,0.24646327420542036,0.6544356222851648,0.1657062825130052
19,cloudy,0,0.16186635944700462,0.9245391705069125,0.055072711384970593,0.04823633721918304,0.7419354838709677,0.2196277241588207,0.6178730221133298,0.11997831390620765
20,cloudy,0,0.21706484641638224,0.8450511945392492,0.06048335288501617,0.05894159936022069,0.6225255972696245,0.24277891045191857,0.6231468265385245,0.13842735729103928
21,cloudy,0,0.23076923076923078,0.9735819735819736,0.052955782236433165,0.042842423419949184,0.9735819735819736,0.20698411393135752,0.7076735121080809,0.15287414110943523
22,cloudy,0,0.20308641975308642,0.8993827160493827,0.05485676859618567,0.06425596701959038,0.8993827160493827,0.2534876072307883,0.7135343530487875,0.12577826192205277
23,cloudy,0,0.07578008915304606,1.0,0.04302012679810549,0.024394441996751108,1.0,0.15618720177002693,0.684205633152393,0.046339189464790376
24,cloudy,0,0.13871473354231975,1.0,0.04991267949828762,0.02836517466439454,1.0,0.16841963859477474,0.6652864225655636,0.03348699981560022
25,cloudy,0,0.13539192399049882,1.0,0.050280844725036626,0.028058277708700386,1.0,0.16750605275243155,0.647412152255378,0.05185288683961312
26,cloudy,0,0.10602094240837696,1.0,0.04447978416969682,0.029888323548492336,1.0,0.17288239802967895,0.5883762862072246,0.05615696540396263
27,cloudy,0,0.17063492063492064,1.0,0.043379793962603726,0.024816920755230197,1.0,0.15753387177121686,0.6694488081852695,0.07974167444755681
28,cloudy,0,0.1706408345752608,1.0,0.06999446405550894,0.06256960174998456,1.0,0.25013916476630477,0.730083702272977,0.05677800181175302
29,cloudy,0,0.18341200269723534,1.0,0.05425709586959233,0.026819405735912915,1.0,0.16376631441145922,0.6380646826378761,0.060592598468922294
30,cloudy,0,0.10440340909090909,1.0,0.04445432484209253,0.022672620650512676,1.0,0.15057430275618972,0.6539920272512693,0.050325868983957224
31,cloudy,0,0.13609022556390976,1.0,0.05401235986091191,0.03345447884003964,1.0,0.18290565557149846,0.6632121931574957,0.0560047176765443
32,cloudy,0,0.13238036047234308,1.0,0.05059460898510403,0.02638104990016824,1.0,0.16242244272319092,0.6311836683271159,0.05241107008372025
33,cloudy,0,0.09367245657568238,1.0,0.04225252247550913,0.018547691530845834,1.0,0.1361899097982146,0.6011157890034736,0.053928866832092644
34,cloudy,0,0.10625379477838494,1.0,0.050322113374793906,0.029517981632239346,1.0,0.1718079789539454,0.6015155076496109,0.04557543721799588
35,cloudy,0,0.12401055408970976,1.0,0.045278728218489495,0.026519186109783325,1.0,0.16284712496628034,0.6153844978253928,0.05895183403176574
36,cloudy,0,0.10796766743648961,1.0,0.03867186195394268,0.020620652379823638,1.0,0.1435989288951127,0.6216327606357318,0.05144907847665625
37,cloudy,0,0.09393939393939393,1.0,0.039692470192494764,0.01931260583889293,1.0,0.13896980189556624,0.6349355669893525,0.05326005149534561
38,cloudy,0,0.10499537465309898,1.0,0.03404986923232038,0.016982762075146172,1.0,0.1303179269139368,0.6148482024627117,0.05307721608532404
39,cloudy,0,0.06913470115967886,1.0,0.033373256014270325,0.015050320384122365,1.0,0.12267974724510304,0.6220342837214426,0.04074443336656697
40,cloudy,0,0.0778816199376947,1.0,0.03450768208081832,0.014495874896301868,1.0,0.12039881600872107,0.6279046548774124,0.04429260800893566
41,cloudy,0,0.07124352331606218,1.0,0.027127661741184417,0.01236723260462037,1.0,0.1112080599804725,0.6082695825151537,0.043467438788987095
42,cloudy,0,0.09066378845116028,1.0,0.04125791530614552,0.021740189347104335,1.0,0.14744554705756405,0.6066912491304404,0.0390844735087775
43,cloudy,0,0.062459755312298776,1.0,0.03471727496306433,0.013591602187964852,1.0,0.11658302701493409,0.6309371764493436,0.030915495625165716
44,cloudy,0,0.13811821471652594,1.0,0.03957665866420226,0.03214480089723681,1.0,0.17928971219017784,0.6752277724283727,0.042382743205846875
45,cloudy,0,0.18302540415704388,0.8654734411085451,0.06227911356437496,0.10170519656004876,0.6547344110854504,0.31891252179876656,0.7260898698019145,0.12544491237603586
46,cloudy,0,0.14279299506061965,0.9865289627301302,0.05469601126738961,0.09940361857182779,0.9865289627301302,0.31528339406290934,0.756100434862085,0.13095961330198896
47,cloudy,0,0.17291666666666666,0.903125,0.054453718391720994,0.10453899782135075,0.903125,0.3233249106105973,0.7915583223539254,0.15040236928104575
48,cloudy,0,0.13151714419915453,0.918271488961954,0.053605346823418776,0.10716404770874789,0.918271488961954,0.3273592028777378,0.7771860691124506,0.1603053997550171
49,cloudy,0,0.17359050445103857,0.8184965380811078,0.05248934463758544,0.09654308301728362,0.8184965380811078,0.310713828171975,0.7871614843180523,0.17683908380365004
50,cloudy,0,0.19422863485016648,0.806881243063263,0.06650110274128541,0.1254983689440529,0.781354051054384,0.3542574896089748,0.7722415759315883,0.14494352680028727
51,cloudy,0,0.1774193548387097,0.9798387096774194,0.050734202131242245,0.10370006197779688,0.9798387096774194,0.3220249399934683,0.776697967481976,0.14526495185887975
52,cloudy,0,0.15060558188520273,0.9815692469720906,0.055488515016084906,0.09469602461697015,0.9815692469720906,0.30772719187125813,0.7474631673382703,0.13759563857138432
53,cloudy,0,0.1706855791962175,0.9498817966903074,0.047836259058668416,0.07982911422541204,0.9498817966903074,0.28254046475754946,0.7725452220499552,0.15460807490845038
54,cloudy,0,0.14272388059701493,0.9109141791044776,0.040442245172350996,0.05771261164781544,0.9109141791044776,0.24023449304339173,0.7202104904613461,0.14407740708223588
55,cloudy,0,0.1529656607700312,0.8657648283038502,0.04026684481115388,0.07052648015022657,0.7695109261186265,0.2655682212732287,0.740410703222536,0.15079471955275348
56,cloudy,0,0.10667948101874099,0.8995675156174916,0.04076099226504726,0.0544775466682761,0.8995675156174916,0.23340425589152416,0.7555893478620689,0.10991698938104795
57,cloudy,0,0.15926139642238893,0.8211194460473168,0.03924682067526603,0.06459488028811265,0.7241777264858626,0.25415522872471585,0.7118627346856464,0.14971883733297126
58,cloudy,0,0.16717171717171717,0.8691919191919192,0.04578072791166455,0.06036603066145085,0.8111111111111111,0.24569499519007473,0.7057861575210582,0.13429193899782135
59,cloudy,0,0.14565677966101695,0.8114406779661016,0.04691012300305792,0.0677073432238733,0.6679025423728814,0.26020634739351245,0.6715531254334842,0.14767156862745098
60,cloudy,0,0.1172901921132457,0.7618806875631952,0.040727107253209015,0.07174996990213864,0.7234580384226491,0.2678618485378958,0.7250557459731618,0.1377723586906957
61,cloudy,0,0.14122355631789593,0.931961120640366,0.04703209139242441,0.07045290037088184,0.931961120640366,0.2654296523956618,0.7115752021556884,0.15067209273646565
62,cloudy,0,0.17710095882684715,0.9306260575296108,0.04466400268707126,0.058686704802828275,0.9306260575296108,0.24225338966220528,0.7366852854417174,0.14523074881390796
63,cloudy,0,0.1521156936261382,0.9598286020353508,0.047148477428698314,0.06064109739895905,0.9598286020353508,0.24625413173987365,0.6813027228492075,0.15921316571620614
64,cloudy,0,0.10552536231884058,0.9501811594202898,0.043173827518039345,0.05087188561934034,0.9501811594202898,0.225547967446706,0.7076340378734469,0.17132175333901675
65,cloudy,0,0.09405940594059406,0.847084708470847,0.04072375460815415,0.06694275026263194,0.847084708470847,0.2587329709616305,0.6825501099620482,0.14506784011734505
66,cloudy,0,0.14695340501792115,0.9502688172043011,0.05030898769859392,0.07404381176001174,0.9502688172043011,0.27210992587557653,0.6656172394032256,0.13490231217935203
67,cloudy,0,0.06552567237163814,0.9965770171149144,0.033771452605011104,0.048816365919281506,0.9965770171149144,0.2209442597563501,0.7081977185129721,0.039871518289467375
68,cloudy,0,0.13660017346053774,1.0,0.038461468432682146,0.026632332232373497,1.0,0.16319415501902482,0.6958792573829724,0.07423600836692006
69,cloudy,0,0.1457572066585465,0.976045473000406,0.047793410606277245,0.06006816206910192,0.976045473000406,0.24508807002606617,0.6313202124476919,0.10803977295343635
70,cloudy,0,0.15374507227332457,1.0,0.04697540191710175,0.031194891333031206,1.0,0.17662075566883753,0.6684264702315794,0.09646406087621207
71,cloudy,0,0.1453229398663697,1.0,0.05116284715416562,0.035999688144233176,1.0,0.18973583779621914,0.6315915552736706,0.10370540198261932
72,cloudy,0,0.20670127418593676,1.0,0.057983870976783196,0.0531371473739352,1.0,0.2305149612800332,0.6583547890930104,0.0957221774977098
73,cloudy,0,0.10687912942090945,1.0,0.04899627579721367,0.032925748790664594,1.0,0.18145453642900358,0.6745356507387502,0.0754014159103206
74,cloudy,0,0.11683727497352629,1.0,0.04014277707878227,0.021527339743478098,1.0,0.14672198111897922,0.651018246074154,0.07457624772464581
75,cloudy,0,0.06663665015758667,1.0,0.03331120777708085,0.020579271848544148,1.0,0.14345477283291813,0.709234415058703,0.0708301330437623
76,cloudy,0,0.10294695481335953,0.9984282907662082,0.03812551935475542,0.028506616266061095,0.9984282907662082,0.1688390247130713,0.675328273399655,0.07732193073693132
77,cloudy,0,0.11539810592774465,0.9845668186601193,0.03892476083122554,0.03261495967946462,0.9845668186601193,0.18059612310197753,0.641471759105515,0.08500354192887256
78,cloudy,0,0.07780847145488029,0.9935543278084714,0.03254209058229793,0.02207531677221617,0.9935543278084714,0.14857764560059555,0.5346146991032774,0.08025674358141047
79,cloudy,0,0.09215686274509804,1.0,0.03486261141189949,0.018143630915918096,1.0,0.13469829589092097,0.6884222521700293,0.07358708189158017
80,cloudy,0,0.09721175584024115,1.0,0.03289466530873507,0.017664090844656213,1.0,0.13290632356910717,0.6679550750511551,0.07511857795115032
81,cloudy,0,0.12250623441396509,1.0,0.04042851508862631,0.024946171565537745,1.0,0.15794357082685492,0.6217508395026063,0.06192239988264633
82,cloudy,0,0.11533101045296167,1.0,0.037611226429282815,0.01980923586567286,1.0,0.14074528718814305,0.6214775961310561,0.08799480767916923
83,cloudy,0,0.10563643150429265,0.9981336319522209,0.04144171617073486,0.02609684853560172,0.9981336319522209,0.1615451903821396,0.6704521654152816,0.0727693242283849
84,cloudy,0,0.0713235294117647,1.0,0.03627415524361405,0.019801608702202638,1.0,0.14071818895296598,0.6352018354121736,0.0707439446366782
85,cloudy,0,0.031413612565445025,1.0,0.027742065461239838,0.013647765331066194,0.999597261377366,0.11682365056385711,0.6409998701400798,0.0612067944374689
86,cloudy,0,0.09355660720786313,1.0,0.03525731787474456,0.03611273227788951,1.0,0.1900335030406205,0.7283061576956392,0.0566821559348166
87,cloudy,0,0.036883356385431075,1.0,0.02242872458782109,0.00859492215716272,1.0,0.09270880301871404,0.5768272764923703,0.05408112530397129
88,cloudy,0,0.06766008860249698,1.0,0.03505845397814701,0.023577771462192462,1.0,0.15355055018524832,0.6262532843273716,0.06321574944919571
89,cloudy,0,0.2752070141256697,1.0,0.06678705293122997,0.07257153664561553,1.0,0.26939104782010764,0.6095463772832049,0.11041517435030515
90,cloudy,0,0.2110379429288178,1.0,0.05489581261785952,0.06460173973348456,1.0,0.25416872296465703,0.6096665143046245,0.09762603065685353
91,cloudy,0,0.21794081381011096,0.9457459926017263,0.06899446333180584,0.11014116733344866,0.9457459926017263,0.3318752285625558,0.6584235392053315,0.12412901042044437
92,cloudy,0,0.2314410480349345,0.9342066957787482,0.06440274146457096,0.10410320206935243,0.9342066957787482,0.32265027827254766,0.6250979602727064,0.12268401975054942
93,cloudy,0,0.20551882724920953,0.9968381718884737,0.06056058271976886,0.10558042489152053,0.9968381718884737,0.32493141567340106,0.7214564398680451,0.1172468987595038
94,cloudy,0,0.2588339222614841,0.9567137809187279,0.06864068491882062,0.08881104768168704,0.9567137809187279,0.298011824734669,0.5969545956884957,0.08940275756945888
95,cloudy,0,0.25126225126225127,0.9676269676269676,0.07536897295720645,0.08652956743314716,0.9646569646569647,0.29415908524665213,0.6349770721120706,0.10872190872190872
96,cloudy,0,0.27828436339074636,0.9793988517392773,0.07620926068894976,0.08714112891476991,0.9793988517392773,0.29519676304927517,0.6371217521452037,0.09175358086497011
97,cloudy,0,0.27309996846420687,0.9914853358561968,0.06819859123448554,0.06407100590529814,0.9914853358561968,0.25312251165255556,0.625757574597737,0.09368232944391884
98,cloudy,0,0.2871962062833432,0.945465323058684,0.07295069473257766,0.07694269772000495,0.8781861292234736,0.27738546775201645,0.6006587796748761,0.1164743075653498
99,cloudy,0,0.31359439668895256,0.9083094555873925,0.07423838044831577,0.07575972780180172,0.868831582298631,0.27524485063630477,0.6275860540945813,0.10077844573040932
100,cloudy,0,0.3127320954907162,0.9493368700265252,0.07556159406384529,0.07190370106158117,0.9342175066312998,0.2681486547823449,0.5810562197333552,0.09744629947469705
1,cloudy,0,0.19142176330420968,1.0,0.06618574703030403,0.09243468684035425,0.9968228752978554,0.30403073338127223,0.7615980637512622,0.1338908875702783
2,cloudy,0,0.15480304077401522,1.0,0.056525442282036376,0.07821988043916386,1.0,0.2796781729759472,0.7055825034619686,0.1286068539371519
3,cloudy,0,0.18941717791411042,1.0,0.06067155747628932,0.07084714201750068,1.0,0.2661712644473492,0.6861541000424124,0.14838205220738604
4,cloudy,0,0.1737120211360634,0.9438573315719947,0.06076384744827223,0.0761164935683961,0.9438573315719947,0.27589217743240946,0.6582099105163167,0.14335742222912942
5,cloudy,0,0.20033112582781457,0.9536423841059603,0.05656079457040497,0.0805895429321859,0.9536423841059603,0.2838829740089847,0.7216177420135398,0.1498344370860927
6,cloudy,0,0.223950233281493,0.9152410575427683,0.06451845998947305,0.09784779319610144,0.9152410575427683,0.3128063189836507,0.7009390039552157,0.13498002622510902
7,cloudy,0,0.1562774363476734,0.8867427568042142,0.04539395958291077,0.07474768054390227,0.5785776997366111,0.2734002204532803,0.7420879220785963,0.18045068773778167
8,cloudy,0,0.20955882352941177,0.7676470588235295,0.05306815955816154,0.08769855831334501,0.6110294117647059,0.2961394237742503,0.7279382822720125,0.14262110726643598
9,cloudy,0,0.1746817538896747,0.8451202263083452,0.05193085937354062,0.061824869618890964,0.7977369165487977,0.2486460730011455,0.7048993077674546,0.13941814349502177
10,cloudy,0,0.1498422712933754,0.9353312302839116,0.05220974645765943,0.052237647140393126,0.9353312302839116,0.22855556685496228,0.6800010271059467,0.157524587121915
11,cloudy,0,0.1849112426035503,0.8069526627218935,0.052322311887527784,0.05876706837672798,0.7137573964497042,0.24241919968667494,0.6598365803661278,0.13042116254785938
12,cloudy,0,0.21703296703296704,0.8207417582417582,0.06144986111644483,0.06719421029230813,0.7582417582417582,0.259218460554622,0.7148210372640281,0.13837535014005603
13,cloudy,0,0.23720259552992068,0.8139870223503965,0.05423234664223496,0.055782312844413866,0.7390050468637347,0.2361827954030815,0.6856398825228305,0.13910965972546194
14,cloudy,0,0.2048780487804878,0.7463414634146341,0.06496431664607356,0.07640433519712021,0.6939024390243902,0.2764133412068242,0.7297808464241752,0.16522955523672883
15,cloudy,0,0.17297979797979798,0.8566919191919192,0.05311921190945003,0.059796851201854226,0.8497474747474747,0.2445339469314112,0.5874413996397452,0.15345365418894832
16,cloudy,0,0.21731448763250882,0.9275618374558304,0.059500976308875284,0.06797885002876629,0.9275618374558304,0.26072753983568037,0.6040041174105628,0.1474537518187487
17,cloudy,0,0.16322869955156952,0.9865470852017937,0.052663205189392,0.05824918795047937,0.9865470852017937,0.24134868541278484,0.628859465234419,0.14499604326035348
18,cloudy,0,0.1858600583090379,0.9067055393586005,0.06169997428240568,0.06606814971213106,0.9045189504373178,0.2570372535492298,0.6101156420940343,0.1538758360487052
19,cloudy,0,0.17050691244239632,0.9331797235023042,0.05792473841835091,0.055817878680720814,0.7407834101382489,0.2362580764349037,0.5907297517771041,0.11922833649588868
20,cloudy,0,0.16996587030716723,0.8457337883959044,0.06584930046305489,0.07413633227397753,0.6184300341296929,0.27227987856978625,0.6020240481472119,0.12854179214347855
21,cloudy,0,0.17560217560217561,1.0,0.0563067953676274,0.04876842068863427,1.0,0.22083573236375104,0.6670914713403012,0.1443850267379679
22,cloudy,0,0.20493827160493827,0.8969135802469136,0.05054325352691566,0.05860674901338464,0.8969135802469136,0.24208830829551567,0.7066524356093077,0.1145364318566933
23,cloudy,0,0.0861812778603269,1.0,0.042928688874339774,0.021040438648444477,1.0,0.14505322694943562,0.6412694651019982,0.03765405121929901
24,cloudy,0,0.14106583072100312,1.0,0.048211813619634565,0.025694633044572587,1.0,0.16029545547074187,0.67062636150241,0.037045915544901345
25,cloudy,0,0.13222486144101345,1.0,0.04916395695068157,0.026652150884983385,1.0,0.16325486481260942,0.6375368155339219,0.05641097294024498
26,cloudy,0,0.06871727748691099,1.0,0.04443162812935212,0.03102515944715382,1.0,0.17613960215452348,0.6621300539972962,0.053364644287034184
27,cloudy,0,0.15476190476190477,1.0,0.04366341745471369,0.026253445711375816,1.0,0.1620291508074267,0.6861556321673885,0.07866168689698103
28,cloudy,0,0.1557377049180328,1.0,0.06765642676875366,0.061475920349107135,1.0,0.24794338133756896,0.7366931096231734,0.061938575728353935
29,cloudy,0,0.14227916385704653,1.0,0.0543611213707764,0.028344642070946988,1.0,0.1683586709110849,0.6287267450185005,0.06604788914891647
30,cloudy,0,0.11292613636363637,1.0,0.044253537318526666,0.02133903095792583,1.0,0.14607885185038194,0.6351756788095131,0.05300523618538324
31,cloudy,0,0.12406015037593984,1.0,0.050153601728649216,0.02894406384790623,1.0,0.17012955019016018,0.6778192826091191,0.05713401149933658
32,cloudy,0,0.11870727159726538,1.0,0.04631659129511891,0.022778421734029667,1.0,0.15092521901269404,0.5992749263949108,0.04978856676293886
33,cloudy,0,0.0967741935483871,1.0,0.04079017205765024,0.019195817649484574,1.0,0.1385489720260839,0.5586181413446047,0.05199970807181434
34,cloudy,0,0.12507589556769885,1.0,0.049070537462887726,0.02758925012666675,1.0,0.16610012079064468,0.6132719901030806,0.05085657821112659
35,cloudy,0,0.09076517150395778,1.0,0.04146613185877311,0.022850689530215528,1.0,0.1511644453243405,0.5971950778607533,0.058372393812406234
36,cloudy,0,0.0802540415704388,1.0,0.03565464858660459,0.016688217222264146,1.0,0.12918288285320215,0.619471536932277,0.04669428972512792
37,cloudy,0,0.09848484848484848,1.0,0.03956171687694841,0.017933204173275007,1.0,0.13391491393147742,0.6371528137359107,0.05083977025153496
38,cloudy,0,0.0971322849213691,1.0,0.035382031695093547,0.01866295120602168,1.0,0.13661241234244303,0.5983395844788697,0.052631006148990585
39,cloudy,0,0.07448706512042819,1.0,0.03482144599674884,0.01744555229246418,1.0,0.13208161224206866,0.6752910532279922,0.044515576078781205
40,cloudy,0,0.06853582554517133,1.0,0.03380557267779536,0.015725274373961186,1.0,0.12540045603569863,0.6654623618083495,0.03969911952319869
41,cloudy,0,0.0939119170984456,1.0,0.027864499229284065,0.018961743645270368,1.0,0.1377016472133517,0.6659352951901545,0.040028446611805345
42,cloudy,0,0.06152185644900162,1.0,0.03842005331474257,0.019445052481200154,1.0,0.13944551796741317,0.5995773028225011,0.037920489296636085
43,cloudy,0,0.0721184803605924,1.0,0.031212952163411897,0.011179233319258491,1.0,0.10573189357643459,0.6163629406915887,0.02681211570268803
44,cloudy,0,0.13027744270205066,1.0,0.03473362390005946,0.02111412224863438,1.0,0.14530699311676085,0.6821875759009134,0.031831405662385584
45,cloudy,0,0.18879907621247113,0.9133949191685913,0.06387524346571068,0.10246073426952339,0.6472286374133949,0.3200948832292128,0.7168398024584596,0.1193406692931214
46,cloudy,0,0.18365514144589135,1.0,0.05638355800277291,0.10739776207381323,1.0,0.3277159777517923,0.7475631549061852,0.14056543138135363
47,cloudy,0,0.11041666666666666,0.8473958333333333,0.05355901455566065,0.11838040817634242,0.8463541666666666,0.3440645407134284,0.802256324349128,0.15302287581699348
48,cloudy,0,0.12259276655706905,0.805072804133396,0.05485851436473892,0.12582343508405747,0.6416157820573039,0.35471599214591026,0.7527681976202867,0.16130006723215357
49,cloudy,0,0.18100890207715134,0.8931750741839762,0.05300425612244832,0.09936142678542298,0.8931750741839762,0.31521647606910236,0.79450998770261,0.17790966040224201
50,cloudy,0,0.1509433962264151,0.8146503884572697,0.07181889311214816,0.1317926482723361,0.8146503884572697,0.3630325719165377,0.7888374857121335,0.12096798763900676
51,cloudy,0,0.1760752688172043,0.975358422939068,0.050172342598181735,0.10245829345410833,0.975358422939068,0.32009107056290764,0.7764081058293734,0.14973469674608195
52,cloudy,0,0.16956292785676672,0.9483938915218536,0.056614672136504625,0.10207204662654298,0.69826224328594,0.319487161911935,0.7446381667817672,0.1378393168747225
53,cloudy,0,0.16879432624113475,0.9631205673758865,0.04914232281187935,0.08748846539554632,0.9631205673758865,0.2957844914723325,0.7899798270956683,0.1449701015157836
54,cloudy,0,0.13852611940298507,0.8138992537313433,0.04737516904201002,0.08287601685779557,0.7402052238805971,0.2878819495171512,0.7294358039936475,0.14257755340942346
55,cloudy,0,0.10301768990634755,0.8350676378772113,0.039588622453702906,0.08546261412786083,0.7330905306971904,0.2923398948618899,0.7538983893494106,0.15756462834873802
56,cloudy,0,0.09274387313791446,0.9375300336376742,0.04157168127679528,0.0647845672934467,0.9375300336376742,0.25452812672364267,0.7098243511610245,0.12383752155355174
57,cloudy,0,0.15522215810732834,0.86266589728794,0.038219917512573684,0.06797202620211984,0.7247547605308713,0.26071445338170235,0.6956625819567045,0.14707579511897084
58,cloudy,0,0.1494949494949495,0.945959595959596,0.04631101439952489,0.06005326583400284,0.945959595959596,0.24505767858608887,0.6724728829648157,0.12500297088532383
59,cloudy,0,0.15360169491525424,0.7860169491525424,0.047960571696964376,0.08052963519986181,0.6626059322033898,0.2837774395540664,0.7073318024243905,0.15710161183117316
60,cloudy,0,0.14155712841253792,0.7467138523761375,0.041699998339174066,0.07731388819928156,0.7204246713852376,0.27805375055784015,0.7411325926176557,0.14880747040980194
61,cloudy,0,0.14408233276157806,0.9433962264150944,0.046102124065014925,0.07552561291371963,0.9433962264150944,0.274819236797062,0.7317205117458315,0.16688527898294822
62,cloudy,0,0.1505922165820643,0.9165256627185561,0.043824279210865145,0.06643629792783,0.9165256627185561,0.2577523965510893,0.7421657972474471,0.1568693805779503
63,cloudy,0,0.14515265131226568,0.9442956614890198,0.04884958304782004,0.07229998168876835,0.9442956614890198,0.26888655914487125,0.6690419516110616,0.1552033775481269
64,cloudy,0,0.11594202898550725,0.9583333333333334,0.044011184722269094,0.056714057475995415,0.9583333333333334,0.23814713409150112,0.6735196953457918,0.1458315572605854
65,cloudy,0,0.10561056105610561,0.823982398239824,0.041213922004245465,0.07745981134822516,0.823982398239824,0.2783160278320765,0.7171743215165196,0.13483681701503483
66,cloudy,0,0.15725806451612903,0.956989247311828,0.050887438447214814,0.06873446343844647,0.956989247311828,0.26217258330810733,0.6749066933966023,0.10895354557593646
67,cloudy,0,0.03178484107579462,1.0,0.02501349748748387,0.019232496904759686,1.0,0.1386812781335667,0.593059045717693,0.025608130782875497
68,cloudy,0,0.13226366001734605,1.0,0.04198084075377616,0.03355448060913588,1.0,0.18317882139902494,0.7240703287268058,0.07046919374861826
69,cloudy,0,0.15022330491270808,0.9906617945594803,0.04862505516922739,0.04958003828806063,0.9906617945594803,0.2226657546369909,0.6272970225010659,0.10355934497225606
70,cloudy,0,0.1533070521243977,1.0,0.04030888462705812,0.02123672321055016,1.0,0.145728251243711,0.6475490920968661,0.0909037815739524
71,cloudy,0,0.11804008908685969,1.0,0.0479185919637824,0.03249902126709066,1.0,0.180274849236078,0.6417121138969272,0.10463557360583431
72,cloudy,0,0.21661160924964606,1.0,0.06403372481529646,0.061586362685002574,1.0,0.24816599824513144,0.6846589219412014,0.09270373557634473
73,cloudy,0,0.11892732219199378,1.0,0.04936841809303161,0.028306392765437952,1.0,0.1682450378627493,0.6731692420539138,0.07825152602821152
74,cloudy,0,0.1044828803388634,1.0,0.04311842000990954,0.023268001201396066,1.0,0.1525385236633555,0.649907674080601,0.07327782507284594
75,cloudy,0,0.09995497523638001,1.0,0.03490651651156606,0.019976150590684274,1.0,0.14133701068964305,0.7029359795037354,0.07535203185281317
76,cloudy,0,0.09430255402750491,0.999607072691552,0.03931696557375179,0.02605047373009797,0.999607072691552,0.16140159147325026,0.6548564466372808,0.07650217650911051
77,cloudy,0,0.13083128726762538,0.9915819010873378,0.04042426750156445,0.02900096266103928,0.9915819010873378,0.17029669010594212,0.6154505789880125,0.08872428662801493
78,cloudy,0,0.05939226519337017,0.9958563535911602,0.033118284644890375,0.021108647381212726,0.9958563535911602,0.14528815292794084,0.546298085863265,0.08394359585454808
79,cloudy,0,0.10705882352941176,1.0,0.03433957719822844,0.015886204843876775,1.0,0.12604048890684602,0.673729046269656,0.07848981161091888
80,cloudy,0,0.06556141672946496,1.0,0.03223790425705286,0.01640832071118282,1.0,0.12809496754823285,0.6801011755117241,0.07015825169555387
81,cloudy,0,0.16427680798004987,1.0,0.043452350165780994,0.02751495708595771,1.0,0.16587633069837818,0.6339970648238465,0.07476651508483692
82,cloudy,0,0.08606271777003484,1.0,0.035233856513491944,0.01790924554959215,1.0,0.1338254293831787,0.614517743899103,0.07136844981895198
83,cloudy,0,0.10563643150429265,1.0,0.039467956784505376,0.02357384423862423,1.0,0.15353776160483854,0.6491343737689234,0.07194812228736214
84,cloudy,0,0.03713235294117647,1.0,0.03156034025196971,0.0156804446303591,1.0,0.1252215821268806,0.5852661265196063,0.06331314878892734
85,cloudy,0,0.016109544905356425,1.0,0.024735685687484472,0.012467886514847433,0.999597261377366,0.11165969064459846,0.6267175140569726,0.05411859467911208
86,cloudy,0,0.10265744448489261,1.0,0.03707024432793761,0.03829211780560527,1.0,0.19568371880564123,0.7350395804897728,0.060372456226757173
87,cloudy,0,0.008298755186721992,1.0,0.0199725259495791,0.008296440151068006,1.0,0.091084796486944,0.586987098602499,0.04601017908315931
88,cloudy,0,0.05074506645187273,1.0,0.03129104680754566,0.013845616416322601,1.0,0.11766739742308657,0.6501350177203336,0.05175744079347406
89,cloudy,0,0.2489040428641013,0.9829517778860205,0.06606965297506485,0.08414926356883429,0.9829517778860205,0.29008492475279424,0.6243438940827127,0.1079988156977355
90,cloudy,0,0.20445280652242082,0.9858889934148636,0.055947951375776316,0.07328281559812827,0.9858889934148636,0.27070798953508607,0.6011957440652071,0.1040500740904703
91,cloudy,0,0.21300863131935882,0.9318742293464858,0.06726107080953393,0.12001714952107927,0.9318742293464858,0.346434913830981,0.6411943891368962,0.11063683179807066
92,cloudy,0,0.2131004366812227,0.8919941775836973,0.06677303734433525,0.12068847567141866,0.8919941775836973,0.34740246929378416,0.6125332078372006,0.10372577560864228
93,cloudy,0,0.23426271917217592,0.9827536648462202,0.062157402304517086,0.11583835456729136,0.9827536648462202,0.34035034092430605,0.7140461725152591,0.11961178837732277
94,cloudy,0,0.24440518256772673,0.9549469964664311,0.0683177400527749,0.09891428040992765,0.9549469964664311,0.3145064075816702,0.6083391890681192,0.09635672879281276
95,cloudy,0,0.2649242649242649,0.893970893970894,0.07459186505454012,0.10379884470470589,0.8375408375408375,0.3221782809326319,0.6396351749353467,0.11200405318052377
96,cloudy,0,0.2674772036474164,0.9726443768996961,0.07405240776143904,0.08964894484266962,0.9726443768996961,0.2994143364013648,0.6179456377406293,0.0900927746985319
97,cloudy,0,0.27057710501419113,0.9971617786187322,0.06884370217112606,0.07092613195179383,0.9971617786187322,0.2663196048956851,0.6217154130597946,0.08701158167461245
98,cloudy,0,0.2851215174866627,0.9312388855957321,0.07251390082678845,0.08607346923839745,0.8666271487848252,0.29338280324244886,0.592951423441332,0.10386810325790068
99,cloudy,0,0.31996179560649474,0.9032155364533588,0.0769722628364569,0.08735037788260468,0.8634192932187201,0.29555097340831865,0.630576901854282,0.09066801505702568
100,cloudy,0,0.2992042440318302,0.9320954907161804,0.07666067925633324,0.080703245168034,0.9159151193633952,0.284083165935671,0.5997504767338291,0.09312321214958132
1,cloudy,0,0.17394757744241462,1.0,0.06514501553485834,0.05036001674224127,0.9968228752978554,0.22441037574551065,0.638530336664128,0.1515083555264838
2,cloudy,0,0.15342087076710437,1.0,0.0551613809557168,0.04283510690282471,1.0,0.20696643907364476,0.6006218191423522,0.14869710150819138
3,cloudy,0,0.17254601226993865,1.0,0.055123804610420095,0.04042733544478625,1.0,0.20106550038429333,0.6011898915309852,0.1590340430650788
4,cloudy,0,0.20541611624834874,1.0,0.059629049692167535,0.04525756342123719,1.0,0.21273825095933543,0.6338441781630124,0.15281425648198513
5,cloudy,0,0.201158940397351,1.0,0.06003479297843079,0.044219181993221834,1.0,0.21028357518651294,0.6134680317992092,0.17160758343072327
6,cloudy,0,0.18429237947122862,0.9805598755832037,0.05127359512292487,0.054608969961301594,0.9805598755832037,0.23368562206798604,0.6183772484512788,0.1506784984600372
7,cloudy,0,0.24319578577699735,0.9446883230904302,0.05442902631876487,0.047209283037215465,0.9446883230904302,0.21727697309474714,0.6270425079410782,0.18086040386303776
8,cloudy,0,0.22058823529411764,0.7404411764705883,0.05513314414536372,0.05762144420764438,0.6867647058823529,0.24004467127525322,0.6975914925567888,0.14224048442906576
9,cloudy,0,0.18033946251768035,1.0,0.04939394970868202,0.03335898615545678,1.0,0.1826444254705212,0.6831447840154904,0.17297057436836122
10,cloudy,0,0.2200315457413249,0.8588328075709779,0.057956428298510804,0.05957143753894667,0.8588328075709779,0.2440726071048258,0.6888366375715855,0.16764396610379168
11,cloudy,0,0.21375739644970415,0.7581360946745562,0.05805719523472411,0.05857905698536521,0.632396449704142,0.2420311074745666,0.6645075867857835,0.1457042580345748
12,cloudy,0,0.20054945054945056,0.8241758241758241,0.0680162992927687,0.06179727161197465,0.8241758241758241,0.24859057023944947,0.7046714136556552,0.13546918767507002
13,cloudy,0,0.24585436193222782,0.8125450612833454,0.061010851555835494,0.041999175722185124,0.8125450612833454,0.20493700427737574,0.6622592828825384,0.152918557473458
14,cloudy,0,0.26158536585365855,0.9201219512195122,0.06620642809840666,0.05370847994445005,0.9201219512195122,0.23175090063352516,0.6058361655535945,0.18989478718316594
15,cloudy,0,0.20265151515151514,0.8914141414141414,0.056496349877136864,0.04335654375494094,0.6079545454545454,0.20822234211280244,0.5611335958024212,0.1691077441077441
16,cloudy,0,0.1519434628975265,0.9522968197879859,0.05557576404945089,0.04812502434755291,0.9522968197879859,0.21937416517801933,0.6178272191959798,0.17924201482713226
17,cloudy,0,0.2547085201793722,1.0,0.053035315927276096,0.03109887629707339,1.0,0.17634873488934755,0.6451196937964929,0.17083267387672557
18,cloudy,0,0.25072886297376096,0.8739067055393586,0.06353036151080053,0.057646029755541714,0.8739067055393586,0.24009587617354386,0.6121855287499989,0.1625936088721203
19,cloudy,0,0.1693548387096774,0.9066820276497696,0.06745511885360939,0.05893983612093712,0.7235023041474654,0.2427752790564499,0.5974492907849679,0.12722734254992318
20,cloudy,0,0.2068259385665529,0.931740614334471,0.06739490178800304,0.059876147990484026,0.6286689419795222,0.24469603182414715,0.5944189549181206,0.14073479221039953
21,cloudy,0,0.24786324786324787,1.0,0.05592502969597018,0.03739150378658763,1.0,0.1933688283736229,0.6351741360503745,0.15637216813687402
22,cloudy,0,0.1728395061728395,1.0,0.04257642222433685,0.026425821918703254,1.0,0.16256021013367095,0.6845319494390167,0.10910433309126119
23,cloudy,0,0.21916790490341753,1.0,0.059828312542412235,0.03395548660064182,1.0,0.18427014571178324,0.6046919889561434,0.06462430440229584
24,cloudy,0,0.18260188087774296,1.0,0.06643621384121243,0.04610769451837041,1.0,0.21472702326062829,0.6434975066266835,0.051429098285082055
25,cloudy,0,0.17656373713380838,1.0,0.06898184875245823,0.049469101948087436,1.0,0.22241650556576828,0.6230724555979462,0.07147625479328706
26,cloudy,0,0.1806282722513089,1.0,0.055938316932566276,0.042580039926615514,1.0,0.20634931530445044,0.5926097003081876,0.06932296478800945
27,cloudy,0,0.24603174603174602,1.0,0.059444451077587966,0.036558147790706694,1.0,0.19120185090816116,0.6217849263066062,0.09679116090880796
28,cloudy,0,0.16840536512667661,1.0,0.06532181940651464,0.050584023871068945,1.0,0.22490892350253455,0.7221920146449218,0.09091493527366237
29,cloudy,0,0.200944032366824,1.0,0.07364650176429059,0.04314486010701992,1.0,0.20771340858745715,0.6480454218745308,0.0858143931881586
30,cloudy,0,0.24076704545454544,1.0,0.07038024502509695,0.047763447842245586,1.0,0.21854850226493336,0.6683365794471312,0.062786876114082
31,cloudy,0,0.26842105263157895,1.0,0.07265336060060794,0.04856126923964959,1.0,0.22036621619397467,0.6458107218996293,0.06897832817337461
32,cloudy,0,0.24798011187072716,1.0,0.06729906407808708,0.04198662162013292,1.0,0.2049063728148369,0.64714619063505,0.0599812330152695
33,cloudy,0,0.25,1.0,0.058860043961986006,0.0334198039258534,1.0,0.18281084192643882,0.6105321238701541,0.0644212523719165
34,cloudy,0,0.24043715846994534,1.0,0.07064845497759584,0.04200177590094078,1.0,0.20494334802803624,0.6449359440808644,0.05835922711525412
35,cloudy,0,0.24749340369393139,1.0,0.06893306075397086,0.0473726930413559,1.0,0.21765268902854357,0.6514817449801567,0.07161674168348078
36,cloudy,0,0.2817551963048499,0.9913394919168591,0.05962097496641392,0.034172404370957754,0.9913394919168591,0.18485779499647223,0.6448863950604958,0.062156409908074084
37,cloudy,0,0.1984848484848485,1.0,0.05481800277849761,0.03250975848057623,1.0,0.18030462689730464,0.6392621454696539,0.06829075064369182
38,cloudy,0,0.23589269195189638,1.0,0.054129886080886445,0.03547852693549052,1.0,0.188357444598005,0.6507902075901396,0.06650704685204331
39,cloudy,0,0.18599464763603926,1.0,0.05023294944541623,0.027059687840230964,1.0,0.16449829129881854,0.6614543856426292,0.06534781620052124
40,cloudy,0,0.17089452603471295,1.0,0.049309812422479254,0.037401671050409736,1.0,0.19339511640786006,0.7058058489662242,0.05555991867151845
41,cloudy,0,0.10103626943005181,1.0,0.04088538788152699,0.03177668311519609,1.0,0.17826015571404646,0.5981818191034912,0.06037793355684243
42,cloudy,0,0.2018348623853211,1.0,0.05510015254271397,0.03309118309133188,1.0,0.18190982131631014,0.5920289113719951,0.059526152608911885
43,cloudy,0,0.14810045074050227,1.0,0.04940776928402978,0.023453883650807986,1.0,0.15314660835554925,0.6660734511358299,0.05537669027688345
44,cloudy,0,0.15500603136308805,1.0,0.04218071239075666,0.02900883786779025,1.0,0.17031981055587825,0.6700251053752696,0.05642990609995506
45,cloudy,0,0.23498845265588914,1.0,0.06724550457083878,0.07043862946995312,1.0,0.2654027683916525,0.6913909032679023,0.12175429063080197
46,cloudy,0,0.18590031432420295,1.0,0.0621756791734066,0.0866393643025531,1.0,0.2943456544652105,0.7279253884169097,0.14116590506880797
47,cloudy,0,0.19322916666666667,1.0,0.058112491208547244,0.06904070668265945,1.0,0.2627559831529236,0.7004786138663203,0.16123978758169935
48,cloudy,0,0.17426021606387976,0.9835603569751057,0.061720885945199984,0.07445758093484858,0.9835603569751057,0.2728691644998543,0.694008090558436,0.15882076644655044
49,cloudy,0,0.16765578635014836,1.0,0.056245730679822505,0.06022540325106911,1.0,0.2454086454285364,0.7115900303038082,0.18026803203971994
50,cloudy,0,0.21032186459489458,0.9589345172031076,0.06819447809592216,0.0883180142896339,0.9589345172031076,0.297183469071942,0.7008074131291672,0.15133729407412244
51,cloudy,0,0.1724910394265233,1.0,0.05605473209478884,0.06173010369509775,1.0,0.24845543603450854,0.6608806055222337,0.16099866469885443
52,cloudy,0,0.19957872564507637,0.9868351764086362,0.06527804851302108,0.06898097597139685,0.9868351764086362,0.2626422966153716,0.6809965729250508,0.16476163925285756
53,cloudy,0,0.1867612293144208,1.0,0.05746582785539838,0.06950150296653056,1.0,0.2636313770523732,0.7664846883635422,0.17137903861308118
54,cloudy,0,0.18796641791044777,0.9435634328358209,0.05275919955459644,0.06568195620907324,0.9435634328358209,0.2562849121760258,0.6555426163335503,0.13986501316944688
55,cloudy,0,0.19458896982310095,0.9464099895941728,0.049144925331008345,0.06237915718478832,0.7294484911550468,0.24975819743261346,0.6498789154208459,0.16188406684213746
56,cloudy,0,0.20086496876501683,1.0,0.04892615352007159,0.048282798300507,1.0,0.21973347105187915,0.6702994427473408,0.13003552213773545
57,cloudy,0,0.13329486439699942,0.9140219272937103,0.04477457775823616,0.05271260291627205,0.7062896710905944,0.22959225360684984,0.5887014914506749,0.16772003665863347
58,cloudy,0,0.18333333333333332,0.9914141414141414,0.05464663817279921,0.05159032825507491,0.9914141414141414,0.22713504409288082,0.6786925428141641,0.14612398494751436
59,cloudy,0,0.1996822033898305,0.916843220338983,0.051432546235266836,0.04662719655092549,0.916843220338983,0.2159333150556567,0.6248034759976718,0.1640142073778664
60,cloudy,0,0.17138523761375127,0.9489383215369059,0.04565605784721678,0.044451819694507115,0.9489383215369059,0.2108360018936688,0.5996302508172424,0.14772497472194135
61,cloudy,0,0.21040594625500286,0.9514008004574043,0.05213614247467269,0.050192635172123176,0.7009719839908519,0.22403712900348277,0.5990057871837625,0.160748438883844
62,cloudy,0,0.17597292724196278,1.0,0.04617517485913165,0.04924049727219245,1.0,0.22190199925235565,0.6303150901058692,0.14957256450239428
63,cloudy,0,0.14675950723085163,0.9507230851633637,0.04348567109297949,0.048017229480906726,0.9507230851633637,0.21912834020479122,0.6503024792800663,0.1630150078242331
64,cloudy,0,0.15217391304347827,1.0,0.04407968326629567,0.028674748670817235,1.0,0.16933620011922212,0.6245591690080254,0.16978722648479683
65,cloudy,0,0.10616061606160616,0.9543454345434543,0.039809329274783235,0.04617659174039609,0.9543454345434543,0.21488739316301478,0.6058161709922163,0.16300610453202183
66,cloudy,0,0.1639784946236559,0.9767025089605734,0.04857265220144739,0.04864296737173714,0.9767025089605734,0.22055150729871956,0.6371488899564858,0.13513071895424839
67,cloudy,0,0.11149144254278728,0.9985330073349633,0.03867167181903674,0.03626629168161819,0.9985330073349633,0.19043710689258592,0.6914095842718894,0.028242964667529603
68,cloudy,0,0.1717259323503903,1.0,0.0433101723763682,0.03653045607337314,1.0,0.19112942231214206,0.7012250428835579,0.06735030525653453
69,cloudy,0,0.17945594803085668,0.9906617945594803,0.05340288472147692,0.05607293407631613,0.9906617945594803,0.23679724254373433,0.6543037807391408,0.09718739302460733
70,cloudy,0,0.20017520805957073,1.0,0.057668247679935954,0.04720702647962066,1.0,0.2172717802192007,0.673152803743946,0.09395274535569813
71,cloudy,0,0.18485523385300667,1.0,0.06077334110031345,0.043135505125758956,1.0,0.20769088840331673,0.635633318708992,0.11566225599371152
72,cloudy,0,0.25625294950448324,1.0,0.06725163784202683,0.06268493239066242,1.0,0.25036959158544475,0.679707177843689,0.11170640979374288
73,cloudy,0,0.24212980956082394,1.0,0.06752409071846416,0.050159564966625124,1.0,0.2239633116531034,0.6480566655034554,0.09138641853943287
74,cloudy,0,0.19272855630074126,1.0,0.05534854518034605,0.03689281350418328,1.0,0.19207502051069336,0.6600646858780528,0.09141283057522338
75,cloudy,0,0.2030616839261594,1.0,0.05046762290126759,0.0342238127631354,1.0,0.1849967912238896,0.6651887308905703,0.08739924605591899
76,cloudy,0,0.20353634577603144,0.999607072691552,0.052818312108409336,0.03639939896093945,0.999607072691552,0.19078626512655322,0.6869961977968941,0.09941985438576216
77,cloudy,0,0.21080322693791653,0.985619081024202,0.058485029048372376,0.050855655235786584,0.985619081024202,0.22551198468326816,0.678436615621423,0.09975447211504736
78,cloudy,0,0.21915285451197053,1.0,0.05375185856062419,0.035722746198388056,1.0,0.18900461951600034,0.6311092722427046,0.10552486187845304
79,cloudy,0,0.20705882352941177,1.0,0.05402810745634495,0.04102441798846775,1.0,0.20254485426311808,0.7109751397612866,0.09372549019607843
80,cloudy,0,0.19819140919366993,1.0,0.0512768987942088,0.03544158565516223,1.0,0.18825935741726685,0.6601094579371061,0.09331382892267684
81,cloudy,0,0.21384039900249377,0.9607231920199502,0.05883454959024757,0.04654324369722691,0.9607231920199502,0.21573883214949252,0.6257001646486503,0.08301061072808176
82,cloudy,0,0.24529616724738676,1.0,0.051993785253979664,0.03457407616905927,1.0,0.1859410556307005,0.6864591832136769,0.10016806722689077
83,cloudy,0,0.1948488241881299,1.0,0.055607128759167686,0.04047800019175601,1.0,0.20119145158717855,0.6916745704437385,0.0988984768972912
84,cloudy,0,0.1801470588235294,1.0,0.0495302430711003,0.0321977652659544,1.0,0.17943735749824896,0.6810788833142414,0.08748558246828143
85,cloudy,0,0.1220298026580749,1.0,0.039597329087348594,0.02094504586634548,0.999597261377366,0.14472403347870552,0.6664789674300895,0.06981276602465392
86,cloudy,0,0.18565708045140153,1.0,0.04492025406974895,0.02157592341388854,1.0,0.14688745151948324,0.6075005536852481,0.07486384433642404
87,cloudy,0,0.09497464269248501,1.0,0.028397149522967412,0.01188946596898132,1.0,0.1090388278045088,0.6200135656187318,0.07891230258816297
88,cloudy,0,0.1099476439790576,1.0,0.03684230125997431,0.024645195376395108,1.0,0.15698788289672266,0.6421506032504035,0.08326423602062653
89,cloudy,0,0.24987822698490014,1.0,0.07847123017600013,0.0965627128872961,1.0,0.3107454149095303,0.676318819615732,0.10275541292990649
90,cloudy,0,0.22922546252743806,1.0,0.06932888744374463,0.08800133550333097,1.0,0.2966501904656914,0.6675517450301403,0.0950682185699617
91,cloudy,0,0.21794081381011096,1.0,0.07230696085921666,0.09734925032728134,1.0,0.31200841387257705,0.6554013592656428,0.11088585865912333
92,cloudy,0,0.2215429403202329,0.9912663755458515,0.07524982718517992,0.11204248437299008,0.9912663755458515,0.33472747776809436,0.7000189693915222,0.1210526015355196
93,cloudy,0,0.23138832997987926,0.9798792756539235,0.07078614395385958,0.10618779502609667,0.9798792756539235,0.32586468821597814,0.7269222724662069,0.11594722396000653
94,cloudy,0,0.2617785630153121,0.9517078916372202,0.07544615827995571,0.10547621281491372,0.9517078916372202,0.3247710159711204,0.6158240375136702,0.08820757985172868
95,cloudy,0,0.25274725274725274,0.9578259578259578,0.08186838289743238,0.1050022466817885,0.9578259578259578,0.3240405016071116,0.6676974638871371,0.10160321925027808
96,cloudy,0,0.2573454913880446,0.9675785207700102,0.08421563108218343,0.1103206952476463,0.9675785207700102,0.3321455934490872,0.6901551999074604,0.07979551158524877
97,cloudy,0,0.2674235257016714,1.0,0.07717172316035269,0.08142312549591592,1.0,0.28534737688634165,0.6659219303061108,0.08919311654021432
98,cloudy,0,0.2833432128037937,0.9344991108476586,0.0837054089072955,0.09995981026534494,0.8716656787196206,0.31616421408082374,0.6310681555495086,0.10340551158222626
99,cloudy,0,0.2808022922636103,0.8669213626233684,0.07612220300512419,0.09726793180221988,0.8293537090098695,0.31187807201247714,0.6786773417406088,0.08961552147124371
100,cloudy,0,0.2649867374005305,0.7562334217506631,0.08136624751321095,0.09309804727243781,0.7469496021220159,0.3051197261280198,0.6656806719599833,0.09774795859988558
1,cloudy,0,0.18506751389992057,1.0,0.059608004886795664,0.09113633375808322,0.9968228752978554,0.30188794901102495,0.7738681934378867,0.14290520020557865
2,cloudy,0,0.17000691085003455,1.0,0.05511935679664622,0.07266681682208699,1.0,0.26956783343360347,0.7332267304478937,0.13358266596203097
3,cloudy,0,0.17484662576687116,0.9808282208588958,0.054562686684895556,0.06742838867507957,0.9808282208588958,0.25966976850430545,0.7379910432346877,0.15691687718032
4,cloudy,0,0.20343461030383092,0.9669749009247027,0.05804129863628563,0.06887031648254137,0.9669749009247027,0.2624315462792942,0.6828214075046941,0.13866656305851272
5,cloudy,0,0.2152317880794702,1.0,0.05503901640904188,0.06680231194288695,1.0,0.25846143221549894,0.7197388449352043,0.15349954551356967
6,cloudy,0,0.20917573872472783,0.9611197511664075,0.05691117697779296,0.0839922219221146,0.9611197511664075,0.2898141161539834,0.7339177019974752,0.1408257859909127
7,cloudy,0,0.16505706760316066,0.7901668129938543,0.041907875712536485,0.05893477906022512,0.7901668129938543,0.24276486372666273,0.7991288164443361,0.17415689717502453
8,cloudy,0,0.1875,0.6875,0.04561857454063378,0.08651330058042621,0.6147058823529412,0.2941314341929917,0.7701450393835352,0.13510957324106113
9,cloudy,0,0.17043847241867044,0.7949080622347949,0.04056016149678423,0.052762481966593514,0.7949080622347949,0.22970085321259368,0.7482908266206271,0.15841861497074078
10,cloudy,0,0.19873817034700317,0.8217665615141956,0.04346555874424911,0.05191386239703842,0.8201892744479495,0.22784613755128352,0.7184158555408843,0.15851735015772872
11,cloudy,0,0.20192307692307693,0.7869822485207101,0.0474098525656467,0.05824091860907163,0.7152366863905325,0.24133155328110667,0.715989301999982,0.13115500638125072
12,cloudy,0,0.22252747252747251,0.7644230769230769,0.055704859987735035,0.06037553482931635,0.7087912087912088,0.24571433582376986,0.734636824598908,0.13678086619263088
13,cloudy,0,0.19754866618601297,0.7995674116798847,0.04918076588911901,0.05058768839335844,0.7281903388608507,0.22491707003550984,0.7235619764723048,0.15143135841214642
14,cloudy,0,0.18597560975609756,0.7207317073170731,0.05365196122862756,0.06634503720140585,0.651829268292683,0.25757530394314954,0.7337259863777045,0.1779818268770923
15,cloudy,0,0.1590909090909091,0.7310606060606061,0.046752242605548104,0.04943023057635881,0.634469696969697,0.22232910420446264,0.6242699818463648,0.1560135670429788
16,cloudy,0,0.24028268551236748,0.9222614840989399,0.05293998928607475,0.05550549941102865,0.9222614840989399,0.23559605134855008,0.6518730787446771,0.15459363957597172
17,cloudy,0,0.21255605381165918,1.0,0.04692141617192829,0.04910011669631563,1.0,0.22158546138299695,0.7465125729984883,0.15637386793282335
18,cloudy,0,0.2602040816326531,0.9365889212827988,0.06064534149267369,0.05736995391863617,0.9365889212827988,0.2395202578460456,0.664487316656141,0.16072714800205798
19,cloudy,0,0.1543778801843318,0.9009216589861752,0.053102235591565405,0.04651179553252,0.7407834101382489,0.21566593503036124,0.6410034154471749,0.11274961597542242
20,cloudy,0,0.1849829351535836,0.7228668941979522,0.05654812050528267,0.0603313179432487,0.6266211604095563,0.2456243431405949,0.6732035036413679,0.14296192197015326
21,cloudy,0,0.19813519813519814,1.0,0.045652921477677584,0.03943409407264532,1.0,0.19858019557006515,0.7088314697115381,0.1606471959413136
22,cloudy,0,0.18641975308641975,0.9567901234567902,0.04750678081664218,0.049881415921010065,0.9567901234567902,0.22334147828159923,0.7209740776662544,0.13384168482207698
23,cloudy,0,0.09806835066864784,1.0,0.04472235455734296,0.023492538181968215,1.0,0.15327275746840407,0.7025511758680881,0.03713544853305364
24,cloudy,0,0.13244514106583072,1.0,0.04882603914991545,0.026240745644139425,1.0,0.16198995538038594,0.6555977516688242,0.04232896920523695
25,cloudy,0,0.1393507521773555,1.0,0.047754117180387454,0.024999742883559474,1.0,0.15811306993275248,0.6576773577677353,0.05044944343533138
26,cloudy,0,0.11125654450261781,1.0,0.04518259312236021,0.032910136602263065,1.0,0.18141151176885953,0.6265609892912469,0.043991889949697154
27,cloudy,0,0.176984126984127,1.0,0.04213736621807328,0.023745682053988384,1.0,0.15409634017064902,0.6680961960140521,0.07873949579831933
28,cloudy,0,0.18926974664679583,1.0,0.07207861826907468,0.06210363017502453,1.0,0.24920599947638605,0.721924753018211,0.053893807895736535
29,cloudy,0,0.16790289952798382,1.0,0.049394265919874364,0.023245294903981716,1.0,0.15246407742147564,0.6378364118451922,0.058048735340393745
30,cloudy,0,0.10653409090909091,1.0,0.04291463983047581,0.01884666845793576,1.0,0.13728316888073266,0.5738982259847509,0.04571078431372549
31,cloudy,0,0.16090225563909774,1.0,0.05062759107724769,0.028283835796009786,1.0,0.16817798844084733,0.6364752642761644,0.0573374613003096
32,cloudy,0,0.13735239279055314,1.0,0.0481712743043375,0.023633072736685547,1.0,0.15373051986084463,0.6038700601872022,0.04602054619237378
33,cloudy,0,0.08436724565756824,1.0,0.041743962788439656,0.017882816506602228,1.0,0.133726648453486,0.5924398575595206,0.04812922687685496
34,cloudy,0,0.1281117182756527,1.0,0.0489772472551561,0.027287032485656105,1.0,0.16518787027398865,0.6364772875594191,0.04718978058740193
35,cloudy,0,0.11081794195250659,1.0,0.042949996660521905,0.02365472470654251,1.0,0.15380092557115027,0.6355041535142584,0.053409902219462985
36,cloudy,0,0.13452655889145496,1.0,0.037753557480948836,0.016845453297991662,1.0,0.12979003543412593,0.657790864863784,0.054707240864013046
37,cloudy,0,0.06818181818181818,1.0,0.03698619338859368,0.016315078677759696,1.0,0.12773049235699244,0.6203905700800473,0.048235294117647064
38,cloudy,0,0.09158186864014801,1.0,0.03616172415611991,0.01680801268591414,1.0,0.12964571989045431,0.5992330164680667,0.047243837405452474
39,cloudy,0,0.07314897413024085,1.0,0.03299595460818263,0.01496482517439135,1.0,0.12233080223063753,0.6595045541217055,0.04321596613667769
40,cloudy,0,0.07343124165554073,1.0,0.03262010808336331,0.015865013580932015,1.0,0.12595639555390595,0.6595328571249098,0.04361545241149419
41,cloudy,0,0.07707253886010362,1.0,0.028482852793821622,0.01379826106404122,1.0,0.11746599960857278,0.6379288911069233,0.03536777405262623
42,cloudy,0,0.08526713437668645,1.0,0.040138715917934165,0.021327453589974236,1.0,0.14603921935553557,0.5993644432858307,0.030308032549231242
43,cloudy,0,0.08564069542820348,1.0,0.03295243800489506,0.0119322904914307,1.0,0.10923502410596475,0.6093697997015434,0.03110235723394316
44,cloudy,0,0.17310012062726177,1.0,0.039362858061322246,0.026455373757298926,1.0,0.16265107979137097,0.697758400117415,0.04253884907400837
45,cloudy,0,0.2107390300230947,0.9284064665127021,0.06164250975517189,0.09069046496966449,0.9284064665127021,0.30114857623715324,0.7348727477412061,0.11936331114431915
46,cloudy,0,0.16030534351145037,0.9766502020655591,0.05365900367466907,0.1070373162921292,0.9766502020655591,0.32716557932051654,0.7743007344565714,0.14130149590145893
47,cloudy,0,0.1953125,0.8333333333333334,0.052439569435641896,0.12872881021655666,0.8307291666666666,0.3587879739017972,0.8134168303059421,0.1442830882352941
48,cloudy,0,0.15171441991545326,0.7867543447627995,0.05091364662724608,0.11314832286287489,0.7186472522310944,0.33637527088487773,0.7895982558214599,0.14510724909973383
49,cloudy,0,0.17260138476755688,0.7967359050445104,0.05080910622096998,0.1044178414415815,0.6899109792284867,0.32313749618634713,0.8016386346897286,0.16532068811698764
50,cloudy,0,0.2008879023307436,0.8362930077691454,0.06751099147096866,0.11979806008493414,0.8346281908990011,0.3461185636237013,0.7763915037088569,0.1166895170942961
51,cloudy,0,0.14292114695340502,1.0,0.04697583119000658,0.09677885881205185,1.0,0.3110930066910085,0.7998525998422262,0.1456637852273526
52,cloudy,0,0.1769352290679305,1.0,0.05203094370040588,0.08713591124648126,1.0,0.29518792530603494,0.7551907428723967,0.1535565674400355
53,cloudy,0,0.13380614657210402,0.9484633569739953,0.04189690347909306,0.07701002302844992,0.9484633569739953,0.2775067981661889,0.7846628729873475,0.15193621656700504
54,cloudy,0,0.11986940298507463,0.8484141791044776,0.04239360849225569,0.06774980453308524,0.7845149253731343,0.2602879262145773,0.712107792510966,0.12287276851038924
55,cloudy,0,0.1571279916753382,0.8938605619146722,0.0395602260854544,0.07185640006085381,0.8069719042663892,0.26806044105920185,0.7341114278490412,0.13440248107567687
56,cloudy,0,0.12349831811629025,0.9620374819798174,0.03713201771657168,0.05035304244896279,0.9620374819798174,0.22439483605681035,0.7515006241473552,0.10864120756423665
57,cloudy,0,0.1350259665320254,0.8315060588574726,0.038900841549919005,0.06270565054735674,0.7322562031159838,0.2504109633130242,0.7247095434077354,0.153092789337316
58,cloudy,1,0.2085858585858586,0.7631313131313131,0.08203023205261056,0.09588805478150135,0.7570707070707071,0.30965796418225927,0.6431609487651052,0.1508476926123985
59,cloudy,0,0.16896186440677965,0.7865466101694916,0.04669994103356654,0.061562982413676214,0.6800847457627118,0.24811888766008167,0.7046777139834614,0.15240528414755733
60,cloudy,0,0.15217391304347827,0.7598584428715874,0.03901902637352501,0.06735988734429466,0.7320525783619818,0.2595378341288504,0.7730879269725915,0.1266638910366978
61,cloudy,0,0.1783876500857633,0.8101772441395083,0.04540403304796863,0.07177441271735989,0.7524299599771298,0.2679074704396275,0.7439938555026572,0.13984910144732565
62,cloudy,0,0.2222222222222222,0.9379582628313593,0.04302739778450861,0.05620744801061808,0.9379582628313593,0.23708110007045707,0.7218051730452123,0.1352001150149851
63,cloudy,0,0.17407605784681307,0.9169791108730584,0.04740257193334856,0.06337705412259542,0.9169791108730584,0.25174799725637426,0.657778492020177,0.137124673115095
64,cloudy,0,0.0756340579710145,0.9243659420289855,0.0434446393203086,0.05511831691684915,0.9243659420289855,0.23477290498873404,0.7231932398210555,0.15924090650753053
65,cloudy,0,0.12321232123212321,0.841034103410341,0.03830105515893966,0.06762736833449433,0.7519251925192519,0.26005262608651797,0.7175677470585906,0.15203520352035202
66,cloudy,0,0.14516129032258066,0.9843189964157706,0.051977352701647224,0.06806499142237032,0.9843189964157706,0.2608926818106831,0.7114493679411437,0.12063918757467144
67,cloudy,0,0.023960880195599023,0.9985330073349633,0.025099953143381454,0.02143763789647139,0.9985330073349633,0.14641597555072805,0.5842459933124005,0.02441727791361043
68,cloudy,0,0.13529921942758022,1.0,0.04186728230893978,0.03456161321434456,1.0,0.18590753942308139,0.7082124963227556,0.06509361767256772
69,cloudy,0,0.12383272431993504,0.9796995533901746,0.041847475186729655,0.04600490723001696,0.9796995533901746,0.2144875456291506,0.5395329672622128,0.08963721907764324
70,cloudy,0,0.11519929916776171,1.0,0.03603978439086075,0.025204802091111478,1.0,0.15876020310868677,0.6097816708287365,0.07914594659589635
71,cloudy,0,0.13808463251670378,1.0,0.05198856968538152,0.03810308118269119,1.0,0.19520010548842232,0.6681056836036084,0.09168522642910171
72,cloudy,0,0.22510618216139688,1.0,0.059990807893772195,0.05199529102135093,1.0,0.22802475966734606,0.6619338312614581,0.08445345103591224
73,cloudy,0,0.14457831325301204,1.0,0.04452220946790558,0.02758251340719434,1.0,0.1660798404599256,0.657305725897711,0.06235644665950329
74,cloudy,0,0.08753971055418285,1.0,0.03891567074022848,0.019177465736611218,1.0,0.1384827272139425,0.6376051058354197,0.065139843441789
75,cloudy,0,0.10850968032417829,1.0,0.03371065639894345,0.01968872494263567,1.0,0.14031651699866152,0.6785115513919566,0.06400226006656602
76,cloudy,0,0.10333988212180746,0.9964636542239685,0.037974912373710736,0.030674321159138186,0.9964636542239685,0.17514086090669473,0.6660619177976851,0.07116606957124696
77,cloudy,0,0.09154682567520168,0.985619081024202,0.03879249696217769,0.032250402204552095,0.985619081024202,0.1795839697872616,0.6162374126705793,0.07594308154689446
78,cloudy,0,0.08195211786372007,0.9848066298342542,0.03279196291742,0.026396763833196165,0.9848066298342542,0.16247080917259002,0.5093368542132353,0.07808290903838516
79,cloudy,0,0.07607843137254902,1.0,0.032499827935016594,0.01675964930295493,1.0,0.1294590641977414,0.6487770955040849,0.06523183391003459
80,cloudy,0,0.09532780708364733,1.0,0.03259949379434877,0.017957254125619493,1.0,0.13400467949149944,0.6791345391818393,0.07149844112475434
81,cloudy,0,0.09164588528678304,1.0,0.03975227436495547,0.023907913271535398,1.0,0.15462183956846265,0.6323398556016813,0.06257028996137108
82,cloudy,0,0.13240418118466898,1.0,0.03693708369899879,0.020512510693467993,1.0,0.1432218932058503,0.6167712899475789,0.07286192525790804
83,cloudy,0,0.08025382605449795,0.9977603583426652,0.03800535577399469,0.025161327702914682,0.9977603583426652,0.1586232256099802,0.6821407613887812,0.06843935035753757
84,cloudy,0,0.04963235294117647,1.0,0.03113272179697101,0.017109595781965678,1.0,0.13080365354976015,0.574586122482698,0.056448961937716265
85,cloudy,0,0.02053966975432944,1.0,0.026584580557752657,0.012176644792245839,0.999597261377366,0.11034783546697162,0.6465953629027655,0.04904408803392481
86,cloudy,0,0.06443392792136876,1.0,0.03448556909383478,0.0350355516799422,1.0,0.1871778610838958,0.7286645525363495,0.04654203873030829
87,cloudy,0,0.012909174734900875,1.0,0.021675836697062276,0.00762615712044213,1.0,0.08732787138389513,0.6044113876906555,0.04161852846256068
88,cloudy,0,0.05557792992347966,1.0,0.032445293274878134,0.014845055941410296,1.0,0.12184028866270095,0.6738533271836913,0.05979326084038126
89,cloudy,0,0.28056502679006334,1.0,0.06959873540935958,0.07380335426443506,1.0,0.27166772768298236,0.6083909068617318,0.10876861216966086
90,cloudy,0,0.2094700533082471,1.0,0.05509053227580084,0.056438771253590335,1.0,0.23756845593131748,0.5865067473142133,0.09119706835383887
91,cloudy,0,0.21300863131935882,0.9577681874229347,0.06561583007960013,0.09547629250643007,0.9577681874229347,0.3089923826025976,0.6422349951177747,0.11145644447668093
92,cloudy,0,0.2590975254730713,0.9475982532751092,0.06402127618778498,0.09344013721100054,0.9475982532751092,0.3056797952286028,0.617599472954747,0.11334417901076005
93,cloudy,0,0.23311296349525726,1.0,0.061122359424101165,0.10089197537259491,1.0,0.31763497189792395,0.7165293776579359,0.12110759796876498
94,cloudy,0,0.26501766784452296,0.9608362779740872,0.06839519342765801,0.08971839326741227,0.9608362779740872,0.2995302877296589,0.626487769161236,0.08587611723134483
95,cloudy,0,0.26433026433026435,0.9664389664389664,0.0742442485389551,0.08254324367266694,0.9664389664389664,0.2873034000367328,0.6425544191922576,0.09654140242375538
96,cloudy,0,0.27220533603512326,0.9864910503208375,0.07311939454865837,0.0753292438023442,0.9864910503208375,0.2744617346777948,0.6549524391283368,0.07486474495235446
97,cloudy,0,0.282876064333018,1.0,0.06867677232209458,0.05925360032676556,1.0,0.243420624283904,0.6458810202227805,0.08820870511560033
98,cloudy,0,0.2889745109662122,0.9537640782454061,0.0735099708625718,0.07308670315379025,0.9537640782454061,0.27034552549245244,0.649292462920798,0.09471157757708894
99,cloudy,0,0.31805157593123207,0.9204075135307227,0.07462323937294296,0.06716117877836342,0.9204075135307227,0.25915473906213526,0.6431645368244846,0.08748306708866291
100,cloudy,0,0.30610079575596816,0.9427055702917772,0.07345858005765524,0.06553236005426773,0.9334217506631299,0.25599289063227465,0.593855656863154,0.09349976595412701
1,cloudy,0,0.15329626687847497,1.0,0.053728083619723394,0.09367433847372365,0.9968228752978554,0.3060626381538976,0.8003730001202571,0.14787958074413243
2,cloudy,0,0.15411195577055978,1.0,0.049225878686291885,0.08025384954617959,1.0,0.2832911038952328,0.7497745810853241,0.1446915186254184
3,cloudy,0,0.12576687116564417,1.0,0.045012533436016335,0.06144360608705161,1.0,0.2478782081729889,0.774710890446628,0.15392457596535547
4,cloudy,0,0.19088507265521795,0.9438573315719947,0.0556479087467822,0.0771660002096383,0.9438573315719947,0.2777876890894165,0.6813368923774039,0.15827181599191856
5,cloudy,0,0.1879139072847682,0.9602649006622517,0.05405839709526002,0.07279671336342537,0.9602649006622517,0.26980866065311054,0.7188605905807653,0.16522529541617972
6,cloudy,0,0.20684292379471228,0.9502332814930016,0.05221872641729824,0.08399571802305734,0.9502332814930016,0.2898201477176101,0.7585891280469054,0.1459244350928552
7,cloudy,0,0.09482001755926252,0.6619841966637401,0.03639830986633445,0.06325717427843994,0.5680421422300264,0.25150978962744164,0.8282029779210294,0.18281258069514023
8,cloudy,0,0.19044117647058822,0.6845588235294118,0.04422700835790176,0.0780710570129402,0.5992647058823529,0.279411984376011,0.7434141310933757,0.16108419838523647
9,cloudy,0,0.13861386138613863,0.7715700141442716,0.04087816302236645,0.05820389265439747,0.7715700141442716,0.241254829287203,0.7524477591995252,0.15456083423468397
10,cloudy,0,0.15930599369085174,0.8036277602523659,0.040475190068795124,0.05510130322392857,0.6908517350157729,0.2347366678299932,0.7533428441573333,0.16198119626399454
11,cloudy,0,0.17751479289940827,0.7344674556213018,0.04218832792364768,0.04844388652165615,0.6760355029585798,0.22009971949472393,0.707218860699692,0.15297018215570252
12,cloudy,0,0.23695054945054944,0.7726648351648352,0.051452510128974394,0.0552827029407888,0.7108516483516484,0.23512274016093976,0.7387620264715984,0.1412276449041155
13,cloudy,0,0.1925018024513338,0.7937995674116799,0.04648893319007527,0.04734693446427153,0.7123287671232876,0.21759350740376315,0.6762137540662595,0.16158446074897154
14,cloudy,0,0.1823170731707317,0.7103658536585366,0.05516000308822514,0.0742983554579406,0.6652439024390244,0.272577246772251,0.726352447500128,0.1685318029650885
15,cloudy,0,0.14962121212121213,0.6180555555555556,0.04482915195047419,0.04569613310943131,0.6022727272727273,0.21376653879742571,0.6901967373921839,0.16924886116062587
16,cloudy,0,0.21024734982332155,0.931095406360424,0.047017750627364,0.05067445339032644,0.931095406360424,0.22510986959777315,0.6948198770446812,0.17073373519018914
17,cloudy,0,0.09865470852017937,1.0,0.036821291846058694,0.04593601042061662,1.0,0.21432687750400467,0.7645946236514796,0.16717137079046865
18,cloudy,0,0.15597667638483964,0.8389212827988338,0.04864201950287597,0.04740573685762944,0.8360058309037901,0.21772858530204398,0.7081244213978605,0.17168010061167324
19,cloudy,0,0.16071428571428573,0.8525345622119815,0.044555263570845445,0.039640084635596706,0.7523041474654378,0.19909817838342145,0.6609164339678265,0.13129122616788652
20,cloudy,0,0.1802047781569966,0.7617747440273037,0.051474069276222306,0.05539750295988572,0.6737201365187714,0.2353667414055897,0.6599838253910756,0.13972562403801111
21,cloudy,0,0.1888111888111888,0.9665889665889665,0.045274113791469055,0.040008258741415885,0.9665889665889665,0.2000206457879183,0.7161986033921228,0.15665554489083902
22,cloudy,0,0.18703703703703703,0.8895061728395062,0.050534352927215566,0.051585383694885745,0.8895061728395062,0.22712415920567708,0.7063941631079718,0.1269934640522876
23,cloudy,0,0.09955423476968796,1.0,0.033894836950774415,0.014420573392733997,1.0,0.12008569187348674,0.6489367836877004,0.039332226204003146
24,cloudy,0,0.09796238244514106,1.0,0.041677131140739926,0.02176500684914813,1.0,0.14752968124803947,0.677134717699924,0.05433954145921692
25,cloudy,0,0.06967537608867776,1.0,0.03857222589303257,0.0198053395394595,1.0,0.14073144474302643,0.5345420673181489,0.055165882663437506
26,cloudy,0,0.09293193717277487,1.0,0.03945926394778698,0.021000210950740495,1.0,0.1449144953092702,0.6155465390425381,0.05858998049481573
27,cloudy,0,0.18888888888888888,1.0,0.04151892234204345,0.024591234276329754,1.0,0.15681592481737866,0.6771357378364551,0.07846560846560847
28,cloudy,0,0.12071535022354694,1.0,0.06474972272272857,0.054502076896591964,1.0,0.2334567987799712,0.7102533244692896,0.060848601735776275
29,cloudy,0,0.1449763991908294,1.0,0.048697397926291276,0.022564212185138637,1.0,0.15021388812336442,0.6517072948626146,0.06209987703780096
30,cloudy,0,0.15198863636363635,1.0,0.042410752068589956,0.020497964336616797,1.0,0.14317110161138244,0.6484957924082977,0.05377673796791444
31,cloudy,0,0.12180451127819548,1.0,0.046182902136124054,0.02484943247626572,1.0,0.15763702761808762,0.6451271599222336,0.05683620816747752
32,cloudy,0,0.10876320696084525,1.0,0.0439902392284587,0.020391413673228262,1.0,0.14279850725140042,0.5956660226309797,0.053025262311263845
33,cloudy,0,0.1346153846153846,1.0,0.039365295553043265,0.015570084331660712,1.0,0.12478014397996467,0.6330095270411289,0.05568286868097115
34,cloudy,0,0.11171827565270188,1.0,0.044735195848466885,0.022601805723734197,1.0,0.15033896941157404,0.5921523710227143,0.05497577294427182
35,cloudy,0,0.07968337730870713,1.0,0.041751693815974225,0.021468650326424,1.0,0.14652184248917974,0.5689037284732382,0.06379429872212737
36,cloudy,0,0.08314087759815242,1.0,0.034392814419599016,0.015188084226636542,1.0,0.12323994574259006,0.652353521188529,0.05315400987184712
37,cloudy,0,0.08888888888888889,1.0,0.037149635398649315,0.01882246084235063,1.0,0.13719497382320764,0.6037887038033298,0.057777777777777775
38,cloudy,0,0.12812210915818686,1.0,0.040736751064574736,0.02721535651895163,1.0,0.16497077474192703,0.632135638286491,0.05330576263808021
39,cloudy,0,0.07270294380017842,1.0,0.033061967444445506,0.017097962608612825,1.0,0.1307591779134942,0.6486050301714756,0.04779695999720138
40,cloudy,0,0.07165109034267912,1.0,0.031147503503196276,0.011445740722591453,1.0,0.10698476864765122,0.6177773718698043,0.05357033779243785
41,cloudy,0,0.07577720207253887,1.0,0.028594169906982617,0.0174088848430467,1.0,0.1319427331953022,0.6777197825417746,0.049235497307731385
42,cloudy,0,0.05612520237452779,1.0,0.03262968490897785,0.016713209751087844,1.0,0.12927957979158133,0.688537842766759,0.04618054453297779
43,cloudy,0,0.031551835157759174,1.0,0.02848683603137925,0.012728581761967766,1.0,0.11282101649058018,0.654601726067838,0.03514260823453657
44,cloudy,0,0.08443908323281062,1.0,0.037396191447387844,0.020864805174954724,1.0,0.14444654781252034,0.6818829601658294,0.04590222096076066
45,cloudy,0,0.1558891454965358,0.8239030023094688,0.05490780127520952,0.11521302651780434,0.73094688221709,0.33943044430016045,0.7845044481369199,0.1282955214418331
46,cloudy,0,0.15806017063313876,0.9425235743152223,0.0476745302230019,0.10816456359139813,0.9425235743152223,0.32888381473006256,0.7787559505192868,0.14615459115842117
47,cloudy,0,0.10885416666666667,0.9098958333333333,0.04670395865137878,0.10369708225201846,0.9098958333333333,0.322020313415192,0.8015030614921662,0.174515931372549
48,cloudy,0,0.13104744011272898,0.9168623767026773,0.048090948478178686,0.1023568711358394,0.9168623767026773,0.3199326040525401,0.7742266195368395,0.16500796654970115
49,cloudy,0,0.19831849653808112,0.9248269040553907,0.053939967735618606,0.0874929601395564,0.9233432245301681,0.29579208937961204,0.7836845044929349,0.18062683035627702
50,cloudy,0,0.17425083240843509,0.8435072142064373,0.06703207856783829,0.11775177720682008,0.8435072142064373,0.3431497882948787,0.7796776342023564,0.13584688037257078
51,cloudy,0,0.15681003584229392,1.0,0.04410741124572715,0.08782039369323129,1.0,0.29634505849301973,0.8200335309082389,0.1629313374095158
52,cloudy,0,0.17061611374407584,1.0,0.055656570446489514,0.08213492544452512,1.0,0.28659191447862786,0.7426955222368476,0.15784778366322832
53,cloudy,0,0.18770685579196217,0.9569739952718677,0.04408095507082188,0.07625150462544635,0.9569739952718677,0.2761367498639874,0.7748451775986113,0.15155054929773326
54,cloudy,0,0.15485074626865672,0.8801305970149254,0.04174229970692368,0.06799321271168303,0.7476679104477612,0.26075508185207635,0.7439967158989781,0.132243195785777
55,cloudy,0,0.09573361082206035,0.9027055150884495,0.0397611167299896,0.061636203895968134,0.7695109261186265,0.248266397033445,0.695134046288816,0.1585256371018751
56,cloudy,0,0.11196540124939933,0.861604997597309,0.03845748446567019,0.06359286157806661,0.8068236424795772,0.25217625101913665,0.7625360501628732,0.14760060679726
57,cloudy,0,0.16099249855741488,0.7864974033467974,0.03924417418187349,0.07287378400123239,0.7028274668205424,0.26995144748867783,0.7332509738559125,0.17986716902571762
58,cloudy,0,0.14898989898989898,0.8550505050505051,0.04365932867335055,0.062332948614765626,0.8171717171717172,0.24966567368135656,0.72544813552479,0.14831055654585068
59,cloudy,0,0.1843220338983051,0.7007415254237288,0.045451371209234454,0.07648936761224026,0.6340042372881356,0.2765671123113525,0.7606913118344923,0.1902106181455633
60,cloudy,0,0.16127401415571285,0.7360970677451971,0.04300160998641223,0.06060677190232014,0.6936299292214358,0.24618442660395914,0.738920229490393,0.14929717084002458
61,cloudy,0,0.09948542024013722,0.775871926815323,0.036546346144746486,0.08027616874311613,0.6626643796455117,0.28333049384617276,0.7719419917463164,0.1728158387425868
62,cloudy,0,0.09137055837563451,0.8725324309080654,0.03834947903786606,0.061010907643375266,0.8725324309080654,0.24700386159607962,0.7418056294701664,0.16000353892261923
63,cloudy,0,0.15640064274236742,0.9603642206748795,0.03996241544636799,0.043419484171470374,0.9603642206748795,0.20837342482060991,0.6610986256495436,0.16401062835418043
64,cloudy,0,0.08605072463768115,1.0,0.039008520594509925,0.044307094503160324,1.0,0.2104925046246548,0.7243294822842473,0.1710908638817846
65,cloudy,0,0.1342134213421342,0.7563256325632564,0.04113516545380122,0.06611110357559793,0.6798679867986799,0.25712079568871504,0.7437764935324955,0.17392954981772688
66,cloudy,0,0.1778673835125448,0.8736559139784946,0.04922910993680651,0.07045060192816772,0.8736559139784946,0.2654253226957965,0.6920541562366991,0.13504462716986435
67,cloudy,0,0.0,1.0,0.019575236775042446,0.017662992093496317,1.0,0.13290218994996403,0.659485119880168,0.028012848171053262
68,cloudy,0,0.06548135299219428,1.0,0.036950932931279205,0.03243274607666061,1.0,0.18009093835243517,0.7063633054018772,0.07160689080489091
69,cloudy,0,0.13317092976045472,0.9951278928136419,0.04152106533164656,0.032751712229293316,0.9951278928136419,0.1809743413561528,0.64682804181663,0.08637481789305247
70,cloudy,0,0.09286027157249234,1.0,0.03988814538640117,0.023467831158807573,1.0,0.15319213804503012,0.6563372603675655,0.09545060249242053
71,cloudy,0,0.1291759465478842,1.0,0.04260995274555739,0.02353405714285213,1.0,0.15340813910237008,0.6483569138085487,0.10208742739857636
72,cloudy,0,0.20198206701274185,1.0,0.05626623051518498,0.04174353905631988,1.0,0.20431235659235075,0.662583564966252,0.09301649871841139
73,cloudy,0,0.11193159735717062,1.0,0.043637468864499505,0.029237122184395167,1.0,0.1709886609819352,0.6658136513667721,0.07214893730519802
74,cloudy,0,0.08718672785033534,1.0,0.03515334677030341,0.018528316790541705,1.0,0.13611875987732808,0.6356658486439688,0.07114885488258134
75,cloudy,0,0.06933813597478614,1.0,0.033582644236127515,0.020456151858643346,1.0,0.14302500431268422,0.7147834620248814,0.07330384652735475
76,cloudy,0,0.10530451866404715,1.0,0.04072555449497298,0.02792045702023505,1.0,0.16709415615225762,0.6484164818855996,0.07903386108863977
77,cloudy,0,0.12311469659768502,1.0,0.0393425413100608,0.02491197469452229,1.0,0.15783527709141035,0.6319494636223877,0.08199255851060172
78,cloudy,0,0.08977900552486189,1.0,0.03512192673437479,0.018953290773306885,1.0,0.1376709510873913,0.6535350336710068,0.07527714584913155
79,cloudy,0,0.09215686274509804,1.0,0.03265557742039984,0.015218205008838616,1.0,0.12336208902591839,0.6478186052249368,0.07353940792003076
80,cloudy,0,0.033534287867370005,1.0,0.030032351697828117,0.01781135116643235,1.0,0.13345917415611544,0.6967775509582032,0.06868951046884465
81,cloudy,0,0.10224438902743142,1.0,0.03559832026389085,0.020881970496409576,1.0,0.1445059531521438,0.6452840915355215,0.09701359346731211
82,cloudy,0,0.06829268292682927,1.0,0.02984501145313307,0.013846405676383301,1.0,0.11767075115075668,0.6614173822072934,0.08644530983124957
83,cloudy,0,0.06308324001493094,1.0,0.03252499170660681,0.01716245932238768,1.0,0.13100556981436964,0.6440022601800878,0.08793008804865732
84,cloudy,0,0.04963235294117647,1.0,0.028571468483205673,0.019477403520604928,1.0,0.13956146861008925,0.5873013037092746,0.06735149942329874
85,cloudy,0,0.003624647603705195,1.0,0.02102389041155184,0.010436912231828074,0.999597261377366,0.10216120707894985,0.6493310318491192,0.06325681299503289
86,cloudy,0,0.04768838733163451,1.0,0.03421114457348997,0.03814547451843416,1.0,0.19530866472953565,0.7558785673730243,0.05849518547863266
87,cloudy,0,0.034578146611341634,1.0,0.02530440713605893,0.01125073556264382,1.0,0.10606948459686141,0.5389859169781452,0.05306502499570598
88,cloudy,0,0.09706000805477245,1.0,0.03323313322522656,0.017409100372259984,1.0,0.13194354994564902,0.6020382642293814,0.06294725703410643
89,cloudy,0,0.2810521188504627,0.9853872381880175,0.0724371479005225,0.0864881921293577,0.9853872381880175,0.294088748729627,0.5954586877135574,0.12657899009579476
90,cloudy,0,0.22075885857635622,1.0,0.05599262158666748,0.07927750046431953,1.0,0.28156260487557566,0.653213989011463,0.11835906516887093
91,cloudy,0,0.22657213316892724,0.9180024660912454,0.06279789619800404,0.10305157272468461,0.9180024660912454,0.3210164679960899,0.5950461531377449,0.13638451681535746
92,cloudy,0,0.23930131004366811,0.9481804949053857,0.06277140371796362,0.12064648850883214,0.9481804949053857,0.347342033892865,0.6672105628063619,0.13957245197933613
93,cloudy,0,0.23771198620293188,1.0,0.05690720191386991,0.09808005122506135,1.0,0.3131773478798576,0.6815501774671481,0.14992363142440074
94,cloudy,0,0.24734982332155478,0.9496466431095406,0.06704394380211064,0.09191019211299158,0.9496466431095406,0.30316693769768427,0.6215530840087288,0.11029931407191852
95,cloudy,0,0.2658152658152658,0.9705969705969706,0.072151713744563,0.08532122620883575,0.9705969705969706,0.2920979736472606,0.661638991339486,0.13707670178258413
96,cloudy,0,0.26815265113137454,0.9793988517392773,0.07387422082176888,0.0869158367595048,0.9793988517392773,0.2948149194995138,0.6324530131867155,0.10804908251716763
97,cloudy,0,0.2781456953642384,1.0,0.06745840208372589,0.059109847112099385,1.0,0.24312516758266592,0.6232600956466203,0.10028382213812678
98,cloudy,0,0.2729697688203912,0.8927089508002372,0.06939368814201505,0.08310635557875826,0.8346176644931832,0.28828172952644476,0.6399309038431203,0.12169531713100179
99,cloudy,0,0.2948105698822031,0.8535498248965298,0.07278676086076802,0.08266457763314865,0.830945558739255,0.2875144824754896,0.6284674522104218,0.11278910800232222
100,cloudy,0,0.3074270557029178,0.9122015915119364,0.07351769603550841,0.07233191273143355,0.9122015915119364,0.26894592901070946,0.6186333737894711,0.10852135018463618
1,cloudy,0,0.15011914217633043,0.9722001588562351,0.059421907740927205,0.10189732386109969,0.9690230341540905,0.31921360224949635,0.7514427698643318,0.1812331604603716
2,cloudy,0,0.17829993089149965,1.0,0.04875081142370674,0.07867886820285001,1.0,0.28049753689266155,0.7771665474941737,0.17696112308088405
3,cloudy,0,0.11809815950920245,1.0,0.04420016956962268,0.07482726188239977,1.0,0.27354572174026004,0.7966183348673683,0.1891254661373752
4,cloudy,0,0.18295904887714662,1.0,0.05144296981686156,0.08030865914888428,1.0,0.28338782463063633,0.7914344445548148,0.1868909783199938
5,cloudy,1,0.2251655629139073,0.7740066225165563,0.1314412959635472,0.2869977970471863,0.7690397350993378,0.5357217533824684,0.772269362443459,0.08895922607453577
6,cloudy,1,0.2511664074650078,0.69751166407465,0.11300989410794841,0.20716430359268934,0.40435458786936235,0.45515305512837034,0.7238839841239985,0.15772573415058092
7,cloudy,1,0.26865671641791045,0.6672519754170325,0.10893192483678786,0.17464440503095366,0.32484635645302895,0.4179047798613384,0.7012649349933355,0.17171925837938337
8,cloudy,0,0.11544117647058824,0.7338235294117647,0.04146768535028004,0.09437925654758816,0.6573529411764706,0.3072120709666014,0.7902647916429398,0.19720588235294118
9,cloudy,0,0.128005657708628,0.768033946251768,0.04067852511540251,0.08247109884393854,0.6760961810466761,0.2871778174649612,0.7459846557921251,0.19876861635743406
10,cloudy,1,0.21529968454258674,0.33990536277602523,0.10358629147969621,0.1304198593062929,0.15378548895899052,0.3611368982896831,0.7195172187383135,0.16799962887363146
11,cloudy,0,0.22189349112426035,0.764792899408284,0.0503975721377919,0.06090544448185333,0.7144970414201184,0.24679028441543913,0.6973024713714713,0.2023320570831883
12,cloudy,1,0.27815934065934067,0.41483516483516486,0.10680483126991373,0.1605640913982486,0.33653846153846156,0.40070449385831525,0.7264128159324407,0.1512335703512174
13,cloudy,0,0.17087238644556596,0.7476568132660418,0.045593610670474856,0.07311225926056023,0.726027397260274,0.2703927869980267,0.7343793534720741,0.20534091069737195
14,cloudy,0,0.250609756097561,0.7634146341463415,0.061826002632401365,0.09399241080342274,0.6615853658536586,0.30658181747034957,0.7000310672004133,0.19413916786226687
15,cloudy,1,0.28914141414141414,0.6477272727272727,0.11029675242758649,0.16554228569427415,0.6382575757575758,0.40686888022343776,0.7019224116971005,0.15157456922162804
16,cloudy,0,0.21024734982332155,0.9169611307420494,0.04367582945921177,0.05251723240286569,0.9169611307420494,0.2291663858485046,0.7024708617039612,0.22285041224970553
17,cloudy,1,0.20358744394618833,0.4295964125560538,0.08251917688304629,0.10296539189813635,0.3004484304932735,0.3208822087591276,0.7091088524784255,0.2502980743867053
18,cloudy,1,0.27988338192419826,0.5473760932944607,0.10462407075720871,0.1978433380359028,0.5298833819241983,0.4447958386000287,0.7421037105446617,0.16813582575887498
19,cloudy,1,0.2367511520737327,0.7154377880184332,0.10239770435702542,0.15892286424271612,0.7096774193548387,0.3986513065859889,0.7365637192712676,0.14787656998283186
20,cloudy,0,0.24095563139931742,0.8771331058020477,0.0664080681143194,0.09823758471802253,0.8675767918088737,0.3134287554102567,0.6288892000075568,0.17046376229672755
21,cloudy,0,0.2066822066822067,0.9611499611499611,0.06222761419176563,0.0716248565218972,0.9611499611499611,0.26762820576668894,0.6319134523113145,0.19777564483446836
22,cloudy,1,0.26728395061728394,0.7666666666666667,0.1077773239658213,0.16890382315174174,0.7567901234567901,0.41097910305968327,0.7149016693809953,0.13868312757201645
23,cloudy,0,0.0787518573551263,0.9985141158989599,0.036057151759098904,0.014880775459672,0.9985141158989599,0.12198678395495145,0.5826020263440722,0.07733881071001952
24,cloudy,0,0.12304075235109718,0.9929467084639498,0.044788690146422686,0.043178299125865266,0.9929467084639498,0.207793886160939,0.5870668978925213,0.08028766365480362
25,cloudy,1,0.220110847189232,0.41884402216943784,0.09597874291302029,0.17823764780495374,0.21298495645288995,0.42218200791240945,0.7431264446515143,0.16866160557651408
26,cloudy,0,0.09293193717277487,1.0,0.036755212236888934,0.017764308267634456,1.0,0.13328281309919315,0.6611505817463628,0.11309670465044656
27,cloudy,1,0.2126984126984127,0.46111111111111114,0.0897505190163298,0.16349681484794354,0.3349206349206349,0.4043473937691988,0.7233814446438056,0.20823529411764707
28,cloudy,1,0.21684053651266766,0.4016393442622951,0.10381947703144606,0.159640172441938,0.31594634873323396,0.399549962385104,0.7528583696634568,0.2158995938166623
29,cloudy,0,0.12002697235333783,0.9217801753202967,0.05851422850867692,0.07959508953804982,0.9217801753202967,0.2821260171236425,0.7874655795233793,0.12587891528830006
30,cloudy,1,0.24644886363636365,0.6654829545454546,0.10732343087707016,0.17207192044699907,0.3380681818181818,0.4148155258027345,0.6770520911951797,0.14115697415329767
31,cloudy,0,0.09849624060150376,1.0,0.04804595091794234,0.025627612631060788,1.0,0.16008626621625227,0.6133637161316243,0.11933067964027717
32,cloudy,0,0.12181479179614667,1.0,0.040193032993663405,0.018241994586555225,1.0,0.13506292824663335,0.6039657667697544,0.10335246590867546
33,cloudy,0,0.10483870967741936,1.0,0.03895000117355223,0.01757547619444815,1.0,0.13257253182483977,0.5843429221702403,0.10910329392302827
34,cloudy,0,0.12082574377656345,1.0,0.044615816053085657,0.022642852873308174,1.0,0.15047542282149656,0.6360861101448233,0.0999273783587509
35,cloudy,0,0.09076517150395778,1.0,0.03543051111648158,0.014811614031747059,1.0,0.12170297462160512,0.6435004776089319,0.10529256557504267
36,cloudy,1,0.23441108545034642,0.5669745958429562,0.0865485949155312,0.11604403454234996,0.5669745958429562,0.34065236611881905,0.6434217062052378,0.4824842639134176
37,cloudy,0,0.1101010101010101,0.9954545454545455,0.04910486570879601,0.046656322580207334,0.9954545454545455,0.21600074671215222,0.5938791632285385,0.11971281441869677
38,cloudy,0,0.09343200740055504,1.0,0.03780067798179781,0.024519438516658044,1.0,0.15658684017712995,0.6435659175444771,0.10260470515680832
39,cloudy,1,0.21454058876003568,0.775200713648528,0.09677764199286107,0.1776612899415513,0.7729705619982159,0.4214988611390917,0.7048219596930363,0.1404523272288398
40,cloudy,0,0.07387627948375612,1.0,0.030459505887788355,0.013308686729866785,1.0,0.1153632815494895,0.6745116418870095,0.10240407689555574
41,cloudy,0,0.03432642487046632,1.0,0.03172740255400201,0.017231355996345715,1.0,0.13126825966830563,0.6479268395393083,0.08695519658640657
42,cloudy,0,0.11063140852671344,1.0,0.032716803296369674,0.01812937040775056,1.0,0.1346453504869387,0.7099004885619513,0.09089235262372623
43,cloudy,0,0.06825499034127495,1.0,0.02779671034917615,0.010248335982697237,1.0,0.10123406532732565,0.642882513470434,0.09403179172506092
44,cloudy,0,0.11399276236429433,1.0,0.03575876558482736,0.023105299803941493,1.0,0.15200427561072583,0.6656762068400468,0.0996428486955699
45,cloudy,1,0.22748267898383373,0.45092378752886836,0.08138147780013685,0.14523779130785003,0.2222863741339492,0.38110076267025506,0.6767206257369877,0.22414527011728477
46,cloudy,1,0.19577907498877414,0.6079928154467894,0.08730540033255144,0.13926839155440449,0.4508307139649753,0.37318680517189307,0.6521113454538408,0.21262227387587276
47,cloudy,1,0.17864583333333334,0.7520833333333333,0.11475774863868526,0.3354795250858377,0.7494791666666667,0.5792059435864223,0.7908041215565017,0.11240196078431373
48,cloudy,1,0.18036636918741192,0.371066228276186,0.08397316465711326,0.1972081749029641,0.18036636918741192,0.44408127060591523,0.7488077949150441,0.21802926901150313
49,cloudy,1,0.22255192878338279,0.76162215628091,0.09348270812321768,0.23240993218539788,0.76162215628091,0.4820891330297727,0.7492579473974231,0.1614825158550067
50,cloudy,1,0.1825749167591565,0.7358490566037735,0.10337957252041428,0.2880459688417616,0.39844617092119866,0.536699141830655,0.8056771600005508,0.09720136667319537
51,cloudy,1,0.1971326164874552,0.7719534050179212,0.0844458050467709,0.13581337929854062,0.7719534050179212,0.36852866821801067,0.6906881729897599,0.18788741302972803
52,cloudy,1,0.21274354923644023,0.8888888888888888,0.10935214874620208,0.19741441378588534,0.8888888888888888,0.44431341841754607,0.729836055106236,0.11214984150584932
53,cloudy,1,0.19858156028368795,0.4723404255319149,0.08531161753295247,0.1426772305822403,0.3333333333333333,0.3777263964594483,0.7119402012926839,0.1854688731284476
54,cloudy,1,0.20848880597014927,0.6044776119402985,0.10696956940215853,0.24834074967171665,0.36800373134328357,0.49833798738578683,0.765797538870656,0.14096978343576239
55,cloudy,0,0.10822060353798127,0.9198751300728408,0.04069817216102031,0.08446309825907615,0.9198751300728408,0.2906253572196964,0.7215354604301817,0.1951521087102895
56,cloudy,1,0.20855358000961077,0.7078327727054301,0.10123845271622832,0.23701548826247604,0.7039884670831331,0.4868423649010797,0.7494115979561174,0.09805429139459725
57,cloudy,1,0.2140796306982112,0.6687824581650318,0.09393698726637739,0.22253949383570656,0.45816503173687245,0.4717409181274257,0.7385951271646312,0.13887059728680856
58,cloudy,1,0.20303030303030303,0.65,0.10488167532455814,0.1949967910201946,0.65,0.44158440984730724,0.7516742793619682,0.14229748465042583
59,cloudy,1,0.22351694915254236,0.4221398305084746,0.08714906067744582,0.1582086152469533,0.3087923728813559,0.3977544660301796,0.678835236730542,0.2668639913592556
60,cloudy,1,0.2462082912032356,0.7214357937310415,0.11805161867778897,0.16499618576598254,0.7214357937310415,0.4061972252071431,0.6903467371274566,0.14308570748825314
61,cloudy,1,0.1646655231560892,0.3493424814179531,0.07060686654588201,0.11663653954458394,0.15494568324757005,0.3415209210935458,0.7006716496363495,0.2727429679704929
62,cloudy,0,0.12351945854483926,0.9379582628313593,0.04099574388454398,0.06424916156056172,0.9368302312464749,0.25347418322298965,0.747825861844776,0.19426252170354888
63,cloudy,1,0.21531869309051954,0.7471880021424746,0.11084576899987857,0.2689191790705483,0.7471880021424746,0.5185741789469934,0.7828893538163451,0.102412384343132
64,cloudy,1,0.2259963768115942,0.7336956521739131,0.10236183154845438,0.190781168729152,0.7336956521739131,0.43678503720840983,0.7456365232668022,0.20532466609832337
65,cloudy,1,0.23432343234323433,0.7211221122112211,0.09161814240041599,0.1494027018867963,0.7211221122112211,0.3865264569040473,0.6845969074059128,0.1866843547099808
66,cloudy,1,0.20654121863799282,0.9041218637992832,0.11884560013997607,0.2578757882723713,0.9005376344086021,0.5078147184479506,0.7290257053866522,0.09205495818399044
67,cloudy,1,0.16723716381418094,0.8024449877750611,0.10092153429386955,0.29842851584377167,0.8024449877750611,0.546286111706834,0.7616277857370635,0.14147562203365452
68,cloudy,1,0.17909800520381614,0.6834345186470078,0.0955845722631417,0.26930192708374046,0.36947094535993064,0.5189430865554916,0.785808129360967,0.14212029998469466
69,cloudy,1,0.18311002842062526,0.1847340641494113,0.06657235063783246,0.1210566764104867,0.08404384896467722,0.34793199969316807,0.6316577143860781,0.24943437383073408
70,cloudy,1,0.16688567674113008,0.4196233026719229,0.07171574918171023,0.1124426204256879,0.16644765659220323,0.3353246492963019,0.611357712238006,0.15431192187781814
71,cloudy,1,0.17037861915367483,0.8663697104677061,0.08035207858736856,0.10938575793430261,0.8663697104677061,0.33073517795103474,0.5652029383092716,0.52651207476309
72,cloudy,1,0.2288815478999528,0.854648419065597,0.11174949149189738,0.20333436895834311,0.854648419065597,0.4509261236148812,0.7328333774245283,0.11853352950429817
73,cloudy,1,0.17800233190827827,0.8130586863583366,0.118422147926168,0.31162253017047126,0.8130586863583366,0.5582316097915553,0.7780736880078764,0.08575325971818964
74,cloudy,1,0.20084715848923404,0.6981997882103776,0.10217590008416316,0.2954407270731787,0.6981997882103776,0.5435445952938717,0.7863466558355593,0.16143490929728757
75,cloudy,1,0.11796488068437641,0.35164340387212967,0.04796000428295831,0.06447015286593127,0.19225574065736156,0.2539097336967043,0.6124591921081565,0.2444226677613864
76,cloudy,1,0.193713163064833,0.812966601178782,0.09328633828669619,0.20756738879546055,0.812966601178782,0.45559564176521766,0.7618037373272879,0.12185369236103086
77,cloudy,1,0.21781830936513505,0.4100315678709225,0.10123381773582646,0.19279345171747658,0.4100315678709225,0.43908251128629183,0.7635425904993328,0.18560532596061927
78,cloudy,0,0.15239410681399632,1.0,0.03934544347462549,0.026105492200740696,1.0,0.16157194125447866,0.6912883371597243,0.14261004585996462
79,cloudy,1,0.18509803921568627,0.42,0.10083650342470037,0.23269617769169018,0.41333333333333333,0.4823859219459977,0.7686900321456221,0.18288196847366398
80,cloudy,1,0.1586284853051997,0.42991710625470986,0.09365006192959739,0.25560137190953985,0.3319517709118312,0.5055703431863264,0.7766365061648624,0.2274982638119302
81,cloudy,1,0.18765586034912718,0.6449501246882793,0.09231322548055272,0.20588824668628786,0.6449501246882793,0.45374910103083166,0.7369404670077354,0.1258483692728962
82,cloudy,1,0.1564459930313589,0.39825783972125434,0.07327366385946973,0.18902159359223736,0.3878048780487805,0.43476613666687214,0.8016539452697211,0.21865682858509256
83,cloudy,1,0.20940649496080627,0.8137364688316536,0.11732505446540908,0.1891287376947647,0.8137364688316536,0.4348893395965975,0.7495975371839086,0.12375264402140101
84,cloudy,0,0.033823529411764704,1.0,0.023594844464045472,0.00961765396826347,1.0,0.09806963836103134,0.5955509209477835,0.12702277970011533
85,cloudy,1,0.18364881192106322,0.8695126862666129,0.08449201193499231,0.1892642068614578,0.8691099476439791,0.435045063023887,0.747637355474401,0.19058065433180926
86,cloudy,1,0.19257371678194393,0.7320713505642519,0.09134317102220862,0.14388908370990053,0.6807426283218057,0.37932714602292905,0.662639329899298,0.4492316038173551
87,cloudy,0,0.03826648224988474,1.0,0.022936502074154253,0.007753475850342157,1.0,0.08805382359864991,0.6239133423821306,0.10793263363436661
88,cloudy,1,0.16592831252517115,0.8505839710028191,0.08880996200631676,0.19688937198369102,0.8505839710028191,0.443722178827801,0.769176589689672,0.1733797667274723
89,cloudy,1,0.1602532878714077,0.6892352654651729,0.06865870048557131,0.1039205923969399,0.6794934242571846,0.3223671701599589,0.6595842667178903,0.23082242151609791
90,cloudy,0,0.17685794920037629,0.9981185324553151,0.04831123592057271,0.06842428308548318,0.9981185324553151,0.26158035684179953,0.6414342275403782,0.16761539360178063
91,cloudy,1,0.2059186189889026,0.7077681874229347,0.10914215840711287,0.30021100945809515,0.7043773119605425,0.5479151480458403,0.7626680517950525,0.14660549793283525
92,cloudy,1,0.17467248908296942,0.7726346433770015,0.10430543703269025,0.260460264065607,0.7726346433770015,0.5103530778447476,0.7080304784911908,0.18860747210092188
93,cloudy,0,0.20551882724920953,0.9770048864616269,0.0514025441997208,0.10050364419354979,0.9770048864616269,0.31702309725562555,0.6983130552109814,0.20011610277913983
94,cloudy,0,0.21937573616018846,1.0,0.061551449103367344,0.08191525871890608,1.0,0.2862084183229174,0.6563011583111128,0.1687359985219058
95,cloudy,1,0.1995841995841996,0.7543807543807544,0.1267797074027839,0.336516259419833,0.743985743985744,0.580100214979992,0.7711230743419591,0.10768764886411945
96,cloudy,0,0.2580209388720027,1.0,0.0644091379648847,0.062310184540477355,1.0,0.2496200804031546,0.6741586487487888,0.16105316831224215
97,cloudy,0,0.2797224850204983,0.9959003468937244,0.057387531872315885,0.04251944517948149,0.9959003468937244,0.2062024373752199,0.6177764573969333,0.145758435824661
98,cloudy,1,0.21932424422050978,0.2871962062833432,0.10166560876796471,0.1479181556675739,0.2697095435684647,0.3846012944174446,0.6891854681769392,0.21055824819554378
99,cloudy,1,0.17828716969118116,0.21267112384590894,0.0819023881557262,0.11336042273518919,0.07831900668576887,0.33669039596517925,0.6680415979916325,0.24975310722824628
100,cloudy,1,0.2039787798408488,0.5838196286472148,0.0991912338349755,0.17204337980304993,0.540053050397878,0.4147811227660318,0.7277216716120622,0.19482290528943672
1,cloudy,1,0.2819698173153296,0.8332009531374106,0.1285573429881322,0.22049022201835372,0.7974583002382843,0.46956386362065144,0.7293537076572957,0.11453223068417201
2,cloudy,0,0.1465100207325501,1.0,0.04540960792509329,0.05810591082144641,1.0,0.2410516766617615,0.7521722052251866,0.18578261988969744
3,cloudy,1,0.25153374233128833,0.7668711656441718,0.10334735293914661,0.1732733958191079,0.7446319018404908,0.4162612110431476,0.7444141464627008,0.1213611211355708
4,cloudy,1,0.22655217965653898,0.7410832232496698,0.09847794840297477,0.15205250678861085,0.73778071334214,0.38993910651358227,0.6932366577150446,0.1367290905794286
5,cloudy,1,0.2433774834437086,0.6415562913907285,0.10287787901831694,0.14607090777448753,0.40728476821192056,0.3821922392912859,0.6997039709295686,0.12220166212180236
6,cloudy,1,0.24183514774494558,0.6804043545878694,0.09406443170238434,0.1402455870217938,0.36858475894245724,0.3744937743431709,0.7210230862162619,0.39046747781538743
7,cloudy,1,0.29850746268656714,0.636523266022827,0.09963752974676315,0.11379290896972787,0.3617208077260755,0.3373320455719081,0.7278635872759875,0.152348981734924
8,cloudy,1,0.23455882352941176,0.5433823529411764,0.12077507323057797,0.25812994519675025,0.2551470588235294,0.5080649025437107,0.7791636240976423,0.08403114186851211
9,cloudy,0,0.14992927864214992,0.9434229137199435,0.04163872910702262,0.047053548056941875,0.9434229137199435,0.21691829811461705,0.7641785870558448,0.20093463127825387
10,cloudy,0,0.1719242902208202,0.9108832807570978,0.04683184831388411,0.059632673772350486,0.9108832807570978,0.2441980216388955,0.6444539699559299,0.2028545803179316
11,cloudy,1,0.27218934911242604,0.6930473372781065,0.10315018390821885,0.11411253244689215,0.525887573964497,0.33780546538931566,0.7073451601956913,0.22209653092006035
12,cloudy,0,0.18063186813186813,0.8131868131868132,0.048279197825523444,0.049908735480501516,0.8131868131868132,0.2234026308719338,0.7420130825585232,0.17383107088989444
13,cloudy,0,0.15356885364095169,0.8601297764960346,0.04476165965371027,0.040914711442942335,0.7527036770007209,0.2022738525933155,0.7092262568569704,0.2151010079590596
14,cloudy,0,0.2329268292682927,0.7109756097560975,0.05664103335974854,0.060330985680014625,0.6615853658536586,0.24562366677503744,0.7174387339725903,0.19642276422764227
15,cloudy,0,0.16792929292929293,0.6502525252525253,0.04347823800042139,0.0374002281846657,0.6243686868686869,0.1933913860146457,0.6314493773664558,0.20804862348979997
16,cloudy,0,0.1775618374558304,0.9187279151943463,0.04444859089027681,0.04887718564577108,0.9187279151943463,0.2210818528187492,0.7196448474913077,0.21731795191574863
17,cloudy,1,0.2547085201793722,0.7085201793721974,0.12710342701825145,0.21740781998524275,0.704932735426009,0.46627011483178155,0.7248024110856632,0.1224690055394355
18,cloudy,1,0.26457725947521865,0.543002915451895,0.10173208599264617,0.23308861116209884,0.3112244897959184,0.48279251357296216,0.7723947076996024,0.09119076201909335
19,cloudy,1,0.21831797235023043,0.5432027649769585,0.11367331726411634,0.18935911758349663,0.41877880184331795,0.4351541308358415,0.6989838779853026,0.09955498328363603
20,cloudy,1,0.2935153583617747,0.6191126279863481,0.10055937681235703,0.11742294954201683,0.6191126279863481,0.3426703219451851,0.692760151345114,0.14314930067590176
21,cloudy,1,0.25485625485625485,0.8352758352758353,0.09796101624435993,0.10389222319380077,0.7847707847707848,0.32232316577280135,0.7037386345267842,0.48349254231607175
22,cloudy,1,0.24691358024691357,0.6919753086419753,0.13126885779331315,0.2585540551067757,0.6790123456790124,0.5084821089347941,0.7369411236569288,0.07976519002662794
23,cloudy,1,0.19390787518573552,0.5794947994056464,0.09189998936646908,0.13248325965309948,0.5564635958395245,0.3639824991027721,0.7053399879682088,0.13705678408064564
24,cloudy,1,0.17084639498432602,0.7907523510971787,0.10711333376319941,0.243945266192228,0.7907523510971787,0.4939081556243306,0.7965259152391899,0.08536173089925625
25,cloudy,0,0.1227236737925574,1.0,0.04052644585347913,0.015225258963129165,1.0,0.12339067615962385,0.6291548150385299,0.0967817055563318
26,cloudy,1,0.2244764397905759,0.6982984293193717,0.11682118445182511,0.2704373692083541,0.4594240837696335,0.5200359306897496,0.7664247932236546,0.08571501899188995
27,cloudy,1,0.1992063492063492,0.8587301587301587,0.10438367747665615,0.2544090044635623,0.46825396825396826,0.5043897346928884,0.7785727873867231,0.10386865857454093
28,cloudy,1,0.2585692995529061,0.7287630402384501,0.10025700403025778,0.11029277669747718,0.7287630402384501,0.33210356321105194,0.655137723213394,0.12827795797901873
29,cloudy,1,0.23128792987188132,0.8819959541469993,0.10522853188924261,0.18475468731529024,0.8819959541469993,0.42983099855093077,0.7316763584948724,0.08124495921092645
30,cloudy,0,0.07244318181818182,1.0,0.03765680196705371,0.016576987906550565,1.0,0.1287516520536749,0.6650476492879117,0.1078125
31,cloudy,1,0.22105263157894736,0.750375939849624,0.1038149625360567,0.23754546536663657,0.737593984962406,0.48738636149018016,0.7560087597348819,0.09591331269349845
32,cloudy,0,0.10254816656308266,1.0,0.04405283987818675,0.023623591370638925,1.0,0.1536996791494339,0.583538558375425,0.1105911600190107
33,cloudy,0,0.0707196029776675,1.0,0.036742647743719,0.015386131674544536,1.0,0.12404084679872407,0.5725691478173741,0.1158006130491899
34,cloudy,1,0.19854280510018216,0.6854887674559805,0.09557254041463373,0.2170300144294221,0.6854887674559805,0.46586480273725567,0.7629449343856637,0.07590032977368238
35,cloudy,0,0.14195250659630607,1.0,0.043809262472252065,0.024606399861507013,1.0,0.1568642721001408,0.6245153801229777,0.1149154120751203
36,cloudy,1,0.22575057736720555,0.6125866050808314,0.10741477763648821,0.18084784341950136,0.3804849884526559,0.42526208791697073,0.757329467622842,0.06249377349092062
37,cloudy,0,0.06868686868686869,1.0,0.03540094584726817,0.01911625003858993,1.0,0.13826152768789274,0.5981317829143274,0.1109090909090909
38,cloudy,1,0.1549491211840888,0.833950046253469,0.09514465474723713,0.2033192397730238,0.833950046253469,0.4509093476221399,0.7078028684858767,0.08184687380965337
39,cloudy,0,0.08786797502230152,1.0,0.030655381917941513,0.01505173039092366,1.0,0.12268549380804425,0.6292954025894079,0.09895401514753985
40,cloudy,0,0.06186025812194036,1.0,0.03250942117709074,0.01667648969510963,1.0,0.1291374836951287,0.6723925004361717,0.09811949701999179
41,cloudy,1,0.21308290155440415,0.7746113989637305,0.09198381765294746,0.17781863850794363,0.43523316062176165,0.4216854734371859,0.7468698134006863,0.0831479223813878
42,cloudy,1,0.23745277927684835,0.7895304910955208,0.09676239437320397,0.1367978375157412,0.7895304910955208,0.36986191682267205,0.7049321191452093,0.13507296064675195
43,cloudy,0,0.04764971023824855,1.0,0.027613415794025133,0.007278713493814298,1.0,0.08531537665517452,0.5698367381608254,0.08642096890269309
44,cloudy,0,0.13510253317249699,1.0,0.033778734625126566,0.01559037910688827,1.0,0.12486143963165038,0.6928556417734157,0.09923602734217933
45,cloudy,1,0.23729792147806006,0.644919168591224,0.08924221204891444,0.12270571013830121,0.6327944572748267,0.3502937483574339,0.7193899760909788,0.4915070416157225
46,cloudy,1,0.2263134261338123,0.7759317467444993,0.1035738550914358,0.20308394363907165,0.7732375392905254,0.45064835918826074,0.7245246116124572,0.11445098919675639
47,cloudy,1,0.19635416666666666,0.7369791666666666,0.07904565641722604,0.17960028935185185,0.7369791666666666,0.42379274339215844,0.7029484637775392,0.15373366013071896
48,cloudy,1,0.22592766557069047,0.7477689055894786,0.09305737571949199,0.15653812145252805,0.7477689055894786,0.39564898768040346,0.6928506318472099,0.42370992549203806
49,cloudy,1,0.23837784371909002,0.6933728981206726,0.12731100118684557,0.26294274876784746,0.6874381800197824,0.5127794348136901,0.7524384488737191,0.09182133783285817
50,cloudy,1,0.22475027746947837,0.6986681465038845,0.09208075340198098,0.14586263274680594,0.2957824639289678,0.38191966792351234,0.7327993491536628,0.4504211007377424
51,cloudy,1,0.2060931899641577,0.7374551971326165,0.09595569085103033,0.17568997985182,0.732078853046595,0.41915388564561823,0.7613068846148175,0.12081312811863096
52,cloudy,1,0.21853607161664035,0.8525539757767245,0.09502318706461275,0.19967741700595038,0.8525539757767245,0.446852791203043,0.7347785602238899,0.09317390990097987
53,cloudy,1,0.21891252955082743,0.5810874704491725,0.08408959624247743,0.12366961119201775,0.23356973995271868,0.3516669037484445,0.7251428422357272,0.1452500811199184
54,cloudy,1,0.22294776119402984,0.4594216417910448,0.10193710295786353,0.22711555292224428,0.292910447761194,0.4765664202629517,0.7878149911075407,0.10843027509511267
55,cloudy,1,0.21123829344432882,0.6300728407908429,0.09113535672015001,0.228203416053678,0.33350676378772115,0.47770641198719327,0.7729939380060238,0.08175511619840445
56,cloudy,1,0.2340221047573282,0.7208073041806824,0.10510164488809252,0.209386063681488,0.7208073041806824,0.4575872197532269,0.6752355635175542,0.08790268630277676
57,cloudy,1,0.1944604731679169,0.586266589728794,0.08707883153333226,0.22066672094702658,0.2827466820542412,0.4697517652409904,0.7546664862503986,0.09178688209271013
58,cloudy,1,0.20555555555555555,0.5222222222222223,0.09045152021300919,0.21484563308101107,0.30808080808080807,0.46351443675576176,0.7201407506880659,0.10158645276292336
59,cloudy,1,0.1996822033898305,0.590042372881356,0.09184744362813342,0.23948166907759602,0.3522245762711864,0.4893686433330154,0.7430366420452151,0.11098579262213361
60,cloudy,1,0.2345803842264914,0.6445904954499494,0.08069461479678362,0.09696128110576045,0.4453993933265925,0.3113860644052017,0.6610500665674068,0.3188445448958147
61,cloudy,1,0.24928530588907946,0.7941680960548885,0.09648027782531526,0.10676744155382245,0.7890222984562607,0.32675287535662556,0.6467827898939555,0.3537416338748192
62,cloudy,1,0.2430908065425832,0.5634517766497462,0.09501140429662251,0.12303576876777186,0.41624365482233505,0.350764548903922,0.6722901608095857,0.15288145715138848
63,cloudy,1,0.21746116764863418,0.6802356722013926,0.11656150872564931,0.26062684856465457,0.6405998928762721,0.5105162569053552,0.7451842377216804,0.08872995368474117
64,cloudy,1,0.21240942028985507,0.6345108695652174,0.11236694704468314,0.23432174653553264,0.6163949275362319,0.48406791520976955,0.7899871583165428,0.088384484228474
65,cloudy,1,0.23927392739273928,0.6028602860286029,0.10211559473156294,0.11714410769438846,0.42024202420242024,0.3422632140537286,0.6730319977253977,0.17189758191505425
66,cloudy,1,0.2078853046594982,0.7329749103942652,0.10953697108335567,0.25970958039737946,0.717741935483871,0.509617091939997,0.8253401582526212,0.09885972310070981
67,cloudy,1,0.18141809290953545,0.669437652811736,0.068146638551709,0.16921381105048408,0.6665036674816626,0.41135606358784127,0.6419846688399449,0.1504578359461144
68,cloudy,1,0.191673894189072,0.5941023417172593,0.07108685473291645,0.16412781072447424,0.5424978317432784,0.4051269069371649,0.6805022226172299,0.13241331224597383
69,cloudy,1,0.1904181892001624,0.831506293138449,0.10457811164152615,0.2795602454674074,0.82907023954527,0.5287345699568049,0.7324409557674016,0.08259495434389752
70,cloudy,1,0.19185282522996058,0.8335523434077967,0.11386057353974419,0.2738064182429722,0.8335523434077967,0.5232651509922787,0.7198670084755869,0.09166988740305584
71,cloudy,1,0.15812917594654788,0.9420935412026726,0.10419747147169033,0.23339852203220865,0.9420935412026726,0.48311336354132106,0.7760673575998045,0.07228481593082667
72,cloudy,1,0.22652194431335534,0.8352996696554978,0.12558560389009207,0.2513174137263046,0.8352996696554978,0.5013156827053235,0.7304034112948842,0.0870258816126734
73,cloudy,1,0.19782355227361056,0.7909055577147299,0.12366615232623336,0.2764460601819058,0.6579867858530898,0.525781380596447,0.7437920750830773,0.07988538594606127
74,cloudy,1,0.17860924814684082,0.6685492410871867,0.0997457332111151,0.15797653197861106,0.6685492410871867,0.3974626170831806,0.709803522524759,0.12615186561740827
75,cloudy,1,0.18505177847816298,0.7766771724448447,0.10392985812356602,0.26319043375406476,0.7766771724448447,0.5130208901731632,0.7402468511843373,0.09089881787924535
76,cloudy,1,0.19803536345776032,0.4943025540275049,0.09672764100682289,0.19632709710469967,0.4664047151277014,0.44308813694873356,0.7334594330269029,0.1335043722793636
77,cloudy,1,0.19501929147667485,0.620834794808839,0.09822631332714274,0.25843646148548916,0.620834794808839,0.508366463769483,0.719243354358515,0.10423587183031754
78,cloudy,1,0.19705340699815838,0.8411602209944752,0.06754063873149743,0.1013554573498193,0.8411602209944752,0.3183637186455443,0.620470081182226,0.3366175567833027
79,cloudy,1,0.22901960784313727,0.908235294117647,0.08758135191459207,0.10012043639442493,0.908235294117647,0.3164181353753684,0.6224049280604905,0.14362322183775472
80,cloudy,1,0.16767143933685003,0.7479276563677468,0.0920236635769828,0.2405965482731964,0.6303692539562924,0.49050642021608276,0.7180253042365677,0.08924893242903792
81,cloudy,0,0.09476309226932668,1.0,0.0320017182986183,0.027331555429609758,1.0,0.16532257991457114,0.6448016232093511,0.11997457337049533
82,cloudy,1,0.20452961672473868,0.7682926829268293,0.08081391584168937,0.09012848732405677,0.7682926829268293,0.30021406916408294,0.6156071979461178,0.13111020017763203
83,cloudy,1,0.20530048525569242,0.3400522583053378,0.08738988536638305,0.10802767722002259,0.24561403508771928,0.3286756413548509,0.7280540615917885,0.14180883999736513
84,cloudy,1,0.18713235294117647,0.7386029411764706,0.08671675006028332,0.20402992713741988,0.40845588235294117,0.4516967203084608,0.7860057301770558,0.06570501730103806
85,cloudy,1,0.1743858236004833,0.8570277889649618,0.09091494307990856,0.20348954248673448,0.8566250503423278,0.45109815172170065,0.7785886291428318,0.0768551641357308
86,cloudy,1,0.16527120495085548,0.805242082271569,0.09229489933980586,0.2458882400284886,0.8037859483072443,0.49587119298108917,0.7913498879196545,0.0838047923938414
87,cloudy,1,0.16090364223144307,0.7856154910096819,0.07167463981460845,0.11848421644247989,0.7699400645458737,0.3442153634608425,0.6838910400284115,0.13604534483226208
88,cloudy,1,0.2045912202980266,0.9069673781715667,0.10098390261840812,0.23316847658137646,0.9069673781715667,0.4828752184378242,0.7396051330620773,0.10770810136378353
89,cloudy,0,0.2503653190452996,1.0,0.0587122583046442,0.06779471055179066,1.0,0.2603741741259887,0.5722113196535173,0.1625282943182144
90,cloudy,0,0.1523988711194732,1.0,0.04730274995238857,0.055746364813407424,1.0,0.2361066810012106,0.6162204539916154,0.1484022897337047
91,cloudy,1,0.19297163995067818,0.8486436498150431,0.10419549077906265,0.2616489207723339,0.8486436498150431,0.5115162957055561,0.7221639394234275,0.09747709194651967
92,cloudy,1,0.18748180494905387,0.8154294032023289,0.10259470975888055,0.2565204021521595,0.8148471615720524,0.5064784320700729,0.7551807215963623,0.09367126180894483
93,cloudy,0,0.21356711698764014,1.0,0.05102291457559896,0.08488763409986666,1.0,0.29135482508423755,0.7127439842310193,0.1910127431254192
94,cloudy,1,0.16283863368669022,0.5409305064782096,0.08683124376135032,0.15776238980697263,0.5365135453474676,0.39719313917409577,0.7022704871195423,0.14191320815723227
95,cloudy,0,0.2373032373032373,1.0,0.060742710834006106,0.0720341509790086,1.0,0.26839178634788474,0.6702327956114876,0.17408526820291526
96,cloudy,0,0.23843296183721716,1.0,0.06761082915625002,0.08854231608229264,1.0,0.2975606090904719,0.6925397170043925,0.14047983259497654
97,cloudy,1,0.19173762220119836,0.6455376852727847,0.08144693770038222,0.14625301942167188,0.6455376852727847,0.38243041121447424,0.7560337963407068,0.14011414720413554
98,cloudy,0,0.27860106698280973,0.942501481920569,0.06416366393399021,0.0660433298155402,0.942501481920569,0.2569889682759558,0.6438882961908187,0.17177725862129084
99,cloudy,1,0.19611588666029928,0.35370900986946835,0.07997193180709668,0.10179407262856945,0.35370900986946835,0.31905183376462426,0.6420704137397291,0.17036287931282032
100,cloudy,1,0.21724137931034482,0.6527851458885942,0.09626155554765915,0.1838328834793743,0.6326259946949602,0.4287573713411517,0.6938681051155229,0.14180995475113123
1,rainy,0,0.13343923749007147,1.0,0.044601472373871014,0.04642340572976845,0.9968228752978554,0.21546091462204564,0.6921331462599677,0.19988163653070443
2,rainy,0,0.09536973047684866,0.9689011748445059,0.03860638633406702,0.04559452202245886,0.9689011748445059,0.21352873816528506,0.6377893632552084,0.17842188706858003
3,rainy,0,0.11733128834355828,1.0,0.04267913921973934,0.036790279252143905,1.0,0.1918079228085845,0.5983246354987537,0.21024299290268256
4,rainy,0,0.12219286657859973,0.9834874504623514,0.03947216623920012,0.03736842660957831,0.9834874504623514,0.19330914776486474,0.624363645315326,0.20793897479731654
5,rainy,0,0.12251655629139073,1.0,0.03886165297906824,0.03553854782973308,1.0,0.18851670437850615,0.7166087556001175,0.21921503700818076
6,rainy,0,0.12208398133748057,0.9805598755832037,0.04442278429897241,0.04432823954818261,0.9805598755832037,0.21054272618208072,0.7181010109391628,0.19545024852864942
7,rainy,0,0.13871817383669885,0.7085162423178226,0.03694687070017124,0.037233001916055435,0.6005267778753293,0.19295854973557255,0.7258639412582949,0.22188366127838316
8,rainy,0,0.1213235294117647,0.6941176470588235,0.03275653871319099,0.044146745662102284,0.6235294117647059,0.21011126971702943,0.7059318260378283,0.1822289504036909
9,rainy,0,0.09618104667609619,0.7772277227722773,0.032778220961876825,0.030775317336916103,0.7241867043847242,0.1754289523907502,0.6428378358509957,0.17694206395429457
10,rainy,0,0.05993690851735016,0.8004731861198738,0.032960311907829574,0.02849318489640636,0.8004731861198738,0.16879924435970192,0.6709475642198485,0.19165274942784685
11,rainy,0,0.10946745562130178,0.7255917159763313,0.03336624795690356,0.028445403338269986,0.6760355029585798,0.16865765128884602,0.6994990459241158,0.15062942336697993
12,rainy,0,0.14354395604395603,0.7912087912087912,0.037428676404450606,0.02775714482915802,0.7266483516483516,0.16660475632213512,0.6500800742982586,0.17128851540616247
13,rainy,0,0.10237923576063446,0.809661139149243,0.032725156208599226,0.025494051595483055,0.7231434751261716,0.15966856796340054,0.6746221280170196,0.15439444703620453
14,rainy,0,0.15426829268292683,0.7390243902439024,0.03646090953564713,0.03911519572964318,0.6640243902439025,0.19777561965430213,0.73313684075163,0.1788904830224773
15,rainy,0,0.06818181818181818,0.6862373737373737,0.026436763269025984,0.024675625395191296,0.6332070707070707,0.15708477136626356,0.6555432560563087,0.1491062586650822
16,rainy,0,0.06802120141342756,0.8392226148409894,0.03191469400298046,0.023672421063631304,0.7128975265017667,0.15385844488890205,0.6747723678026007,0.1387722580198157
17,rainy,0,0.09955156950672646,1.0,0.03213045752984472,0.023181181330763526,1.0,0.1522536742767265,0.7005951463624213,0.1530220698144729
18,rainy,0,0.1260932944606414,0.7995626822157434,0.03604908357850202,0.026356819851034552,0.7981049562682215,0.16234783599122765,0.6597575838576455,0.17836563196707256
19,rainy,0,0.09216589861751152,0.8577188940092166,0.03453723590383045,0.021501948721787383,0.8577188940092166,0.1466354279217249,0.5799657943585074,0.1298725941989699
20,rainy,0,0.14334470989761092,0.595221843003413,0.04165271397367667,0.03980351003984003,0.5249146757679181,0.1995081703586097,0.6685545352311016,0.13729773137924112
21,rainy,0,0.1452991452991453,0.7731157731157731,0.033696197125292426,0.022916527382498424,0.7070707070707071,0.15138205766370869,0.7547080677103127,0.13996678702561058
22,rainy,0,0.145679012345679,1.0,0.03260555348268096,0.02083484488660845,1.0,0.1443428033765745,0.6239627904494065,0.1345122246429436
23,rainy,0,0.07057949479940565,1.0,0.030342839026359626,0.010906556371739961,1.0,0.1044344596947768,0.5987511437067286,0.07541590187337938
24,rainy,0,0.08072100313479624,1.0,0.03468453035438458,0.01600427811869276,1.0,0.12650801602543912,0.6727195945849596,0.08524187104308809
25,rainy,0,0.13380839271575615,1.0,0.03622354114632059,0.016229762524304484,1.0,0.1273960852000739,0.6422630069060836,0.06469501498144785
26,rainy,0,0.056282722513089,1.0,0.037698299777047126,0.022059426377548697,1.0,0.14852416092188064,0.6104241877752898,0.07749717688122369
27,rainy,0,0.10714285714285714,1.0,0.03356290485412078,0.015813980842881818,1.0,0.12575365140973768,0.5637288290592932,0.10171490818549642
28,rainy,0,0.11773472429210134,1.0,0.04785344770375167,0.026506781650205993,1.0,0.16280903430155833,0.6000845954714108,0.1003769615148593
29,rainy,0,0.12542144302090358,1.0,0.03965520660419914,0.01609771006820872,1.0,0.12687675148824043,0.6423328397506393,0.09900440284003015
30,rainy,0,0.06747159090909091,1.0,0.029715637727122934,0.010457013910733634,1.0,0.1022595419055534,0.5258873416451966,0.07911931818181818
31,rainy,0,0.09473684210526316,1.0,0.03666333189344566,0.017679077314484537,1.0,0.13296269143817951,0.640371018676657,0.09201533244876899
32,rainy,0,0.09509011808576756,1.0,0.03464696411862751,0.017479795290541538,1.0,0.1322111768745046,0.6745683734352735,0.07435381859393851
33,rainy,0,0.043424317617866005,1.0,0.028015030017225405,0.00842934982696571,1.0,0.09181149071312213,0.5569763412923853,0.0786430204836277
34,rainy,0,0.12325440194292653,1.0,0.03749432040160453,0.01753583040542827,1.0,0.13242292250750345,0.558719517629354,0.07810278938533519
35,rainy,0,0.07018469656992084,1.0,0.031676611967066816,0.01586027890493505,1.0,0.12593759925032336,0.6528543780802997,0.08177143152775622
36,rainy,0,0.04676674364896074,1.0,0.025695533768399885,0.007840557316284252,1.0,0.08854692155170756,0.5828523256924493,0.06882896345605218
37,rainy,0,0.05808080808080808,1.0,0.02808450686566453,0.011791841247123012,1.0,0.10859024471435275,0.622930651665097,0.07947118241235888
38,rainy,0,0.05411655874190564,1.0,0.02371939301184811,0.010062898296249055,1.0,0.10031399850593661,0.5953762492225882,0.07112151058388202
39,rainy,0,0.032114183764495985,1.0,0.0192269128479418,0.005226437611247812,1.0,0.07229410495502253,0.6273846403454135,0.059437477042556544
40,rainy,0,0.03960836671117045,1.0,0.022140144669774254,0.009920602898104286,1.0,0.09960222335924176,0.6680238339165048,0.06284283183678456
41,rainy,0,0.0025906735751295338,1.0,0.022549574887652184,0.015462959049374272,1.0,0.12435014696161108,0.7001237873216732,0.05757391039317281
42,rainy,0,0.06368051807879115,1.0,0.02848606753231231,0.010106476026666063,1.0,0.10053097048505034,0.5228944921501107,0.06273874903442218
43,rainy,0,0.03734707018673535,1.0,0.023494740419759238,0.009483674649342789,1.0,0.09738416015627382,0.6175590758924433,0.0565433127533048
44,rainy,0,0.0428226779252111,1.0,0.02581358121631294,0.007748683452012499,1.0,0.08802660650060581,0.6966327453731331,0.07117954540078998
45,rainy,0,0.13394919168591224,0.9018475750577367,0.04075845412669687,0.04539853856739604,0.8273672055427251,0.21306932807749696,0.7161805329363221,0.13502241543268578
46,rainy,0,0.051189941625505164,0.9681185451279749,0.03354450586201886,0.04567606074101525,0.9681185451279749,0.2137195843646886,0.7772553205961327,0.15406816520950545
47,rainy,0,0.09635416666666667,0.8979166666666667,0.03702409072450226,0.05092872691526229,0.8979166666666667,0.22567393937994323,0.6950252581396611,0.16557598039215685
48,rainy,0,0.07045561296383279,0.8219821512447159,0.03380487711258828,0.055239958173200356,0.8219821512447159,0.23503182374563739,0.7959849732221285,0.16166293666362738
49,rainy,0,0.09841740850642927,0.8753709198813057,0.03729128402135843,0.049250636955937684,0.8753709198813057,0.22192484528762815,0.7424367730682311,0.18535714978375128
50,rainy,0,0.10321864594894561,0.8257491675915649,0.0493216387846713,0.05532291924841339,0.8257491675915649,0.23520824655698913,0.7620834383163775,0.1480381275706731
51,rainy,0,0.10439068100358423,0.9560931899641577,0.028629373369119495,0.038339565205427854,0.9560931899641577,0.19580491619320456,0.7810362553521456,0.17259821491320543
52,rainy,0,0.13480779357556608,1.0,0.03522229853212052,0.034432946108800835,1.0,0.18556116541130266,0.7107992062410059,0.18484444857458518
53,rainy,0,0.10401891252955082,0.9304964539007092,0.03233322410684628,0.03453766668996089,0.9304964539007092,0.18584312387054003,0.6700863866160899,0.18009919807166366
54,rainy,0,0.05363805970149254,0.871268656716418,0.02835110314263663,0.029789518369329304,0.7789179104477612,0.17259640311816846,0.7115139302250082,0.1480428738659643
55,rainy,0,0.02809573361082206,0.8595213319458896,0.024926750829984568,0.03213836604442391,0.7762747138397502,0.17927176588750363,0.7382826532968438,0.15896431413356185
56,rainy,0,0.037962518020182606,1.0,0.026423717358738608,0.01858247254171948,1.0,0.1363175430446114,0.6649355326049713,0.14277826459752568
57,rainy,0,0.017311021350259664,0.8234275822273515,0.024682132234641076,0.027301291403657994,0.7461050201961916,0.16523102433761644,0.689530888500808,0.17183621284636186
58,rainy,0,0.05505050505050505,0.8818181818181818,0.027627647065891013,0.024539607140182676,0.8818181818181818,0.1566512277008472,0.7069866827386093,0.1448663101604278
59,rainy,0,0.09110169491525423,0.7658898305084746,0.03154208412528327,0.03295490244606272,0.6822033898305084,0.18153485187716084,0.659223178915308,0.16471003655699568
60,rainy,0,0.0692618806875632,0.8088978766430738,0.027216543614357717,0.026198714335301933,0.7376137512639029,0.1618601690821492,0.7369316861461555,0.1283352167965265
61,rainy,0,0.04059462550028588,0.8118925100057176,0.02614039379444781,0.0314654455101668,0.722698684962836,0.17738502053489974,0.7791102923650485,0.13838047511743407
62,rainy,0,0.038917089678511,0.9858996051889453,0.029631816463214982,0.0201501770357373,0.9858996051889453,0.1419513192462025,0.6574601112573609,0.13549871161098392
63,rainy,0,0.04552758435993572,0.9619710765934655,0.029154925939382844,0.028166341854897615,0.9619710765934655,0.1678283106478094,0.7092295833652416,0.1559049329426468
64,rainy,0,0.03940217391304348,0.9039855072463768,0.025465614085998445,0.021419956938588808,0.9039855072463768,0.14635558389958617,0.7215040041303944,0.17728402955385053
65,rainy,0,0.06655665566556655,0.8267326732673267,0.02809534080157147,0.025156382764781514,0.8267326732673267,0.15860763778829037,0.6579591082278308,0.17592484738669945
66,rainy,0,0.034050179211469536,0.9887992831541219,0.031925993971358875,0.026783770291791634,0.9887992831541219,0.16365747856969945,0.6276000014372054,0.1486190174994729
67,rainy,0,0.0,1.0,0.02167229820334972,0.011514329407639657,1.0,0.10730484335592526,0.5766457255050222,0.053718778464931206
68,rainy,0,0.0372940156114484,1.0,0.026862852475147043,0.009902355349597235,1.0,0.0995105790838202,0.6245041644112912,0.10271244664387871
69,rainy,0,0.04709703613479497,0.9878197320341048,0.029367663594640773,0.019845472341147075,0.9878197320341048,0.1408739590596753,0.5450570030318561,0.14123219730441913
70,rainy,0,0.030661410424879545,1.0,0.02394524715025538,0.007625344282593165,1.0,0.08732321731700662,0.6054504814741775,0.11367395841385174
71,rainy,0,0.06180400890868597,1.0,0.035657129761588115,0.01813553576286189,1.0,0.1346682433347294,0.629249538836881,0.13777457530896547
72,rainy,0,0.11467673430863615,1.0,0.04062873015894267,0.019895985198201342,1.0,0.14105312899117603,0.677839848745978,0.12630449064949248
73,rainy,0,0.06995724834823164,1.0,0.0323681387648407,0.01455010743085789,1.0,0.12062382613255927,0.5946649772134371,0.0966659808112907
74,rainy,0,0.05118249205788916,1.0,0.02441543783909106,0.010728588183244086,1.0,0.10357889834924913,0.6450793906538447,0.09614418305267747
75,rainy,0,0.04187303016659163,1.0,0.021313744959484713,0.004829656487116297,1.0,0.06949572999196639,0.6162793984632373,0.0975589515409946
76,rainy,0,0.05029469548133595,0.9984282907662082,0.022636058797861815,0.009314445103221672,0.9984282907662082,0.09651137292164935,0.6035162203286545,0.09907315381948457
77,rainy,0,0.057523675903191865,0.9940371799368642,0.026612263602197116,0.014624285201154491,0.9940371799368642,0.12093091085886391,0.535855587480686,0.10795936754217646
78,rainy,0,0.0570902394106814,0.9958563535911602,0.029115594720851644,0.01414268216600314,0.9958563535911602,0.11892300940525824,0.6486496564964138,0.09995847326039072
79,rainy,0,0.042352941176470586,1.0,0.023754792649005284,0.007409237015130814,1.0,0.08607692498649575,0.5436130895799474,0.09270742022299115
80,rainy,0,0.01544837980406933,1.0,0.02212571836911422,0.008161485409047882,1.0,0.09034093982823005,0.6411482746882687,0.08988134816850629
81,rainy,0,0.06359102244389027,1.0,0.026555167275145338,0.012142161443211867,1.0,0.11019147627294892,0.6098623418431257,0.102733362671752
82,rainy,0,0.028222996515679444,1.0,0.023280655877244823,0.011738976229233805,1.0,0.10834655614847112,0.6272354168125084,0.08788686206189793
83,rainy,0,0.032848077640910786,1.0,0.023867391969008937,0.009008702937906595,1.0,0.09491418723197599,0.6542733845836209,0.09080356293319866
84,rainy,0,0.036397058823529414,1.0,0.02232601668927579,0.00928468222063912,1.0,0.09635705589441346,0.637714923354423,0.09151528258362168
85,rainy,0,0.0076520338300443014,1.0,0.019148867183533796,0.008978583358366064,0.999597261377366,0.09475538696225172,0.6280033382545983,0.08008970805398277
86,rainy,0,0.019657808518383692,1.0,0.023583334855578265,0.013555002687142704,1.0,0.11642595366645146,0.7394775656371669,0.08026867099224108
87,rainy,0,0.0,1.0,0.01782507528857222,0.012535321277863179,1.0,0.11196124900099666,0.690275203012431,0.08449723826829027
88,rainy,0,0.0,1.0,0.02179151754799072,0.007533970096194979,1.0,0.08679844524065497,0.5572607073179283,0.10656306018178516
89,rainy,0,0.13054067218704335,1.0,0.04150131676036461,0.03418971730681653,1.0,0.18490461678069733,0.62728988724141,0.15016570680878294
90,rainy,0,0.08247099404201944,1.0,0.0377805307316531,0.03302059849588506,1.0,0.18171570789528643,0.6320793792308631,0.14321780138835088
91,rainy,0,0.1340937114673243,0.9885943279901356,0.04421112088077688,0.04728336205907225,0.9885943279901356,0.21744737767807698,0.6080837742751629,0.15042310389013808
92,rainy,0,0.14643377001455604,0.9700145560407569,0.040117090162146464,0.04887962146758951,0.9700145560407569,0.2210873616188621,0.6054489621193293,0.14951850900476638
93,rainy,0,0.12216154067260707,0.9913768324231101,0.03914589537486067,0.04145786523067774,0.9913768324231101,0.20361204588795265,0.5670717874650358,0.1627760963540346
94,rainy,0,0.15753828032979977,0.9676089517078916,0.04344578568618752,0.04556143949516976,0.9676089517078916,0.2134512578908116,0.5441342829921529,0.1371371163306312
95,rainy,0,0.18681318681318682,1.0,0.04653499413720448,0.03792197742065325,1.0,0.19473566037234488,0.5996558868160726,0.14732146496852377
96,rainy,0,0.1789935832489024,1.0,0.048789205515924854,0.04121350326368686,1.0,0.20301109147947277,0.6307572823668625,0.10951122765891227
97,rainy,0,0.13402712078208767,1.0,0.04179949924324378,0.033600450441451095,1.0,0.18330425647390486,0.5620167351955278,0.11417070139314003
98,rainy,0,0.16271487848251334,0.9896265560165975,0.04248515610580958,0.03479677159394211,0.9896265560165975,0.18653892782457532,0.5947299256174109,0.13529760451898604
99,rainy,0,0.17000955109837632,0.9267749124482649,0.041696064132144176,0.03674536043837938,0.8888888888888888,0.19169079382792326,0.5722481220251161,0.11106991029458584
100,rainy,0,0.1753315649867374,0.993103448275862,0.04279105451788935,0.029168313403220136,0.993103448275862,0.1707873338489132,0.5986726496012141,0.11835335725802257
1,rainy,1,0.2494042891183479,0.7680698967434472,0.09275354528365269,0.1608112422585998,0.7633042096902304,0.4010127706926549,0.7021985095789491,0.1211948480742575
2,rainy,1,0.2038700760193504,0.6095369730476848,0.09546411963137173,0.24198527709528245,0.3033863165169316,0.4919199905424483,0.7800732786561985,0.08470805046275594
3,rainy,1,0.2476993865030675,0.838957055214724,0.06807430249190585,0.08882095810710648,0.825920245398773,0.29802845184160937,0.7307025959443151,0.0949085769277036
4,rainy,1,0.22060766182298547,0.6347424042272127,0.11553833528305538,0.27280763431692195,0.6248348745046235,0.5223099025644851,0.7806437886448618,0.09003807599658094
5,rainy,1,0.25,0.7764900662251656,0.07742118198076349,0.11792070742426984,0.7764900662251656,0.3433958465448729,0.7337544102186807,0.5230132450331125
6,rainy,1,0.276049766718507,0.7208398133748056,0.10482392788056051,0.16880707355799301,0.7099533437013997,0.41086137997868943,0.7261371351406336,0.1273137559845089
7,rainy,1,0.2800702370500439,0.5522388059701493,0.09241278873826916,0.16796516605634781,0.2906057945566286,0.40983553537528666,0.7814025502711456,0.09848336173802269
8,rainy,1,0.24411764705882352,0.5198529411764706,0.06706035751647625,0.08068624005406491,0.2125,0.28405323454251474,0.6324752616887078,0.10306228373702422
9,rainy,1,0.2531824611032532,0.4349363507779349,0.09040775964923153,0.212629192039833,0.2333804809052334,0.46111733001464283,0.7363273918604932,0.10874726128074992
10,rainy,1,0.2302839116719243,0.5094637223974764,0.08190205852673631,0.10743350731952664,0.23422712933753942,0.3277705101431895,0.7312038280868323,0.12491495020721223
11,rainy,1,0.2603550295857988,0.5732248520710059,0.062229639069283936,0.04655387379119254,0.5355029585798816,0.2157634672301883,0.7105277967720816,0.11082202111613876
12,rainy,1,0.25137362637362637,0.47596153846153844,0.07404935761202,0.07052272768371765,0.2541208791208791,0.2655611562027053,0.6602308930660874,0.11686328377504848
13,rainy,1,0.2343186733958183,0.5400144196106705,0.07443992081098755,0.09664277680986154,0.5111751982696467,0.31087421380658375,0.7165020582470375,0.35136632879539703
14,rainy,1,0.24451219512195121,0.4451219512195122,0.09751762822151976,0.1859467017559027,0.3207317073170732,0.43121537745760263,0.7082997079916336,0.11622907699665232
15,rainy,1,0.2689393939393939,0.5220959595959596,0.0661961376066222,0.05836280719007205,0.2032828282828283,0.24158395474466438,0.6335032752083598,0.12578728461081404
16,rainy,1,0.28003533568904593,0.5697879858657244,0.08394862412546995,0.10361228434212766,0.3992932862190813,0.32188862101995414,0.7115396878705603,0.13381833298690501
17,rainy,1,0.2672645739910314,0.4923766816143498,0.11677780881709703,0.22043631932981414,0.35695067264573993,0.46950646356553405,0.793691776628801,0.08772003868812099
18,rainy,1,0.24635568513119532,0.48615160349854225,0.09809180095746549,0.22174930518875194,0.2813411078717201,0.47090264937537984,0.7715413704638374,0.10829760475618819
19,rainy,0,0.10714285714285714,0.9153225806451613,0.043574844188311264,0.023094976600340007,0.9153225806451613,0.15197031486556842,0.5135005435845011,0.16484819734345352
20,rainy,1,0.23890784982935154,0.38771331058020475,0.08351894195737858,0.187440172656541,0.1849829351535836,0.43294361371492823,0.7554444536910353,0.10804791541189855
21,rainy,1,0.22144522144522144,0.8453768453768454,0.07013997010730012,0.05220787590501947,0.8453768453768454,0.22849042847572296,0.6054221230059228,0.11629111629111628
22,rainy,1,0.2722222222222222,0.7209876543209877,0.09969930170103267,0.16032009530997102,0.7209876543209877,0.4003999192182373,0.7146033859713458,0.11519728879206004
23,rainy,1,0.17459138187221396,0.7213967310549777,0.055158792237166236,0.06491929318303574,0.7213967310549777,0.2547926474273458,0.7570441771563928,0.12007982985170294
24,rainy,1,0.22884012539184953,0.9623824451410659,0.08848561030909492,0.13784331494092225,0.9623824451410659,0.3712725615244443,0.7391257131065343,0.11274817136886102
25,rainy,1,0.18527315914489312,0.8844022169437846,0.06578620257054464,0.09266520353255701,0.8836104513064132,0.30440959829242736,0.70551527324744,0.17848570940648628
26,rainy,1,0.2107329842931937,0.7539267015706806,0.0591473846916421,0.07120339933315054,0.5268324607329843,0.26683965097629425,0.7320762645596368,0.13038445744790064
27,rainy,1,0.24603174603174602,0.8579365079365079,0.11765417497877714,0.20331018821471947,0.8579365079365079,0.450899310505926,0.7063565620107042,0.0970806100217865
28,rainy,1,0.2511177347242921,0.6661698956780924,0.14112865557885523,0.268110237080506,0.6661698956780924,0.5177936240245781,0.7569423698327175,0.09705736243826889
29,rainy,1,0.21038435603506406,0.7983816587997303,0.06811085379357065,0.05748505342379368,0.7983816587997303,0.23976040837426368,0.67370534057759,0.15111922044610154
30,rainy,1,0.1747159090909091,0.5951704545454546,0.058426896267351376,0.04308199982956134,0.5916193181818182,0.20756203850791535,0.6499217510500861,0.11131628787878788
31,rainy,1,0.23007518796992482,0.6977443609022557,0.06940657255066814,0.06282052035414133,0.6977443609022557,0.25064022094257205,0.6965353148302172,0.10240896358543418
32,rainy,1,0.2591671845866998,0.6867619639527657,0.07122164828829076,0.0800435615506838,0.6867619639527657,0.2829197086642848,0.6778311522657412,0.10326228689113931
33,rainy,1,0.2239454094292804,0.6495037220843672,0.06477010362829679,0.05847196727508664,0.6495037220843672,0.2418097749783632,0.6659113648131079,0.10779204982241036
34,rainy,1,0.2331511839708561,0.49058894960534305,0.08125595618059396,0.07788156237053581,0.21918639951426835,0.2790726829529107,0.6680604655296236,0.12248294581949355
35,rainy,1,0.19366754617414247,0.41055408970976254,0.10467069368449021,0.27871202095447917,0.21846965699208443,0.5279318336248339,0.8139528219084774,0.09492472450721713
36,rainy,1,0.2222863741339492,0.7678983833718245,0.06027180158451231,0.03710461818322356,0.7650115473441108,0.19262559067585897,0.618257625110586,0.12115654575918126
37,rainy,1,0.21818181818181817,0.29747474747474745,0.10016847726548067,0.17343296394874694,0.18535353535353535,0.4164528352031559,0.7665123955558346,0.10116458704694
38,rainy,1,0.1711378353376503,0.482886216466235,0.05841564305565163,0.05409743438164927,0.46207215541165586,0.2325885516994533,0.7364132679825166,0.10645009160000725
39,rainy,1,0.19313113291703835,0.7631578947368421,0.058642500875581025,0.05557727624553244,0.7631578947368421,0.23574833243425591,0.6504784564597309,0.1803974042783929
40,rainy,1,0.19715175789942144,0.4481530930129061,0.09915168044939843,0.21774767870521247,0.3493546951490877,0.4666344165459857,0.7885995920798995,0.09375812630348089
41,rainy,1,0.23898963730569947,0.6062176165803109,0.09433098801867504,0.17456782570373974,0.31476683937823835,0.41781314687757226,0.7887738477925604,0.0877349385349995
42,rainy,1,0.20399352401511064,0.9336211548839719,0.05832315368940934,0.04657767199359263,0.9336211548839719,0.21581860900671337,0.7134220993075923,0.08939610382739172
43,rainy,1,0.1983258209916291,0.8016741790083709,0.09665582056043213,0.19048361843022546,0.7450096587250483,0.43644429017942876,0.7178325176818685,0.07394164362461018
44,rainy,1,0.1700844390832328,0.6996381182147166,0.04412393405375277,0.056143691051844566,0.6887816646562123,0.23694659957856448,0.6768632997541958,0.3456278530712647
45,rainy,1,0.2061200923787529,0.9422632794457275,0.05892829990253016,0.05362131356535162,0.9422632794457275,0.2315627637711893,0.6032893032268266,0.10945976543042159
46,rainy,1,0.17377638078132016,0.6416704086214639,0.06323195458105316,0.10998997146912615,0.6412213740458015,0.3316473601118003,0.7143696173463102,0.13732181691715753
47,rainy,1,0.15520833333333334,0.9197916666666667,0.05567953923005087,0.05566684581784784,0.9197916666666667,0.23593822457975697,0.6092111773216291,0.15853553921568628
48,rainy,1,0.16345702207609206,0.9271958666040394,0.05591766071772346,0.05961849505237228,0.9271958666040394,0.24416898871964124,0.6088822179761664,0.10373829193490454
49,rainy,1,0.21068249258160238,0.5024727992087042,0.08725496417227951,0.21723430569834887,0.2507418397626113,0.46608401141677114,0.7981394384845767,0.11986385058474427
50,rainy,1,0.18923418423973362,0.48446170921198667,0.08567321814644284,0.24773731178840103,0.27524972253052166,0.4977321687297306,0.8039443287079167,0.10579530369306435
51,rainy,1,0.17293906810035842,0.9050179211469535,0.06859621317360706,0.08681956579970505,0.9050179211469535,0.2946516007078615,0.7396297445063108,0.4426101623445077
52,rainy,1,0.19378620326487625,0.7356503422854134,0.0631735877208447,0.07820460455976035,0.7356503422854134,0.27965086189704536,0.6374715819321093,0.12321035839296225
53,rainy,1,0.20567375886524822,0.5825059101654846,0.10446272915161921,0.2663635736738854,0.29645390070921984,0.5161042275295615,0.7835258136187857,0.09416956380661011
54,rainy,1,0.2080223880597015,0.5097947761194029,0.11779469327101545,0.30208840049299457,0.5041977611940298,0.5496256912599652,0.7691593280121237,0.11225490196078432
55,rainy,1,0.20759625390218522,0.43548387096774194,0.09051791063714405,0.23357935663075796,0.2372528616024974,0.4833004827545261,0.7934879456226555,0.10373181530676788
56,rainy,1,0.18885151369533879,0.3791446419990389,0.08733359453204767,0.2615810674547835,0.23258049014896684,0.5114499657393512,0.7779323993006309,0.1067020945812251
57,rainy,1,0.20253894979803808,0.634737449509521,0.06673903991255122,0.10542757753968023,0.35833814195037506,0.3246961310820938,0.6878098638624487,0.1325571659708315
58,rainy,1,0.2101010101010101,0.7126262626262626,0.06638394352713589,0.09101072282677493,0.704040404040404,0.30167983496875445,0.6583648504379587,0.12181025945731828
59,rainy,1,0.18697033898305085,0.5614406779661016,0.06195580253370897,0.06463260869601233,0.3686440677966102,0.2542294410488532,0.6860062643222191,0.14254320372216683
60,rainy,1,0.1865520728008089,0.5,0.09937383764453482,0.3125481306701164,0.35136501516683516,0.5590600420975518,0.7758725104639341,0.08712504213009774
61,rainy,1,0.1863922241280732,0.7215551743853631,0.06224475810619256,0.07135895113081939,0.703830760434534,0.26713096250869045,0.719684676185629,0.44107669368490676
62,rainy,1,0.18612521150592218,0.5544275239706712,0.061908742183348985,0.08473065479170719,0.45741680767061477,0.29108530500818347,0.7847037011260273,0.5205821527708658
63,rainy,1,0.21156936261381895,0.4868773433315479,0.0895515574559446,0.21543168610738234,0.2785216925549009,0.46414619044799055,0.7914519480428025,0.09362193725910288
64,rainy,1,0.2006340579710145,0.5652173913043478,0.10868856159181567,0.25768164227587326,0.3319746376811594,0.5076235241553264,0.7919369075915685,0.09595410628019323
65,rainy,1,0.19691969196919692,0.5495049504950495,0.06214744052598666,0.06831846628696624,0.34543454345434543,0.26137801416141765,0.6820220035469126,0.12645656722534998
66,rainy,1,0.1778673835125448,0.6129032258064516,0.05630954377109232,0.062460831220727805,0.47491039426523296,0.24992165016406204,0.6981807279344396,0.12499648604961698
67,rainy,0,0.07286063569682151,1.0,0.04239701292665995,0.03770326259989301,1.0,0.19417327982988034,0.6167924330807644,0.1625389520111223
68,rainy,1,0.1552471812662619,0.9197745013009541,0.06687561987860759,0.07867575527715778,0.9197745013009541,0.2804919879018967,0.6647908676223039,0.4175212149040015
69,rainy,1,0.14778725131952902,0.8185140073081608,0.0538975712457588,0.06849821091285684,0.8185140073081608,0.2617216286684324,0.6451388981642812,0.11370001512582296
70,rainy,1,0.18046430135786246,0.5908891809023215,0.11057476323769147,0.2620400309208132,0.5900131406044679,0.5118984576269138,0.7852701120045752,0.11102007162917729
71,rainy,1,0.17037861915367483,0.8802895322939867,0.07391931573705451,0.09360815787269962,0.8802895322939867,0.3059545029456171,0.7287038752243588,0.5868684222018429
72,rainy,1,0.2340726757904672,0.6243511090136857,0.12321994627114298,0.24888621165245867,0.49126946672958943,0.4988849683568935,0.7591478320616788,0.10358937345584765
73,rainy,1,0.18227749708511465,0.40458608628060627,0.0907190470133637,0.2415334037351399,0.20598523124757093,0.491460480339101,0.8177192352694552,0.1022412229563415
74,rainy,1,0.18919872926226614,0.6664313448641016,0.12664088171034515,0.2940980838146782,0.5333568655135899,0.5423081078267945,0.753400650220847,0.10528989569707163
75,rainy,1,0.1670418730301666,0.9081494822152184,0.059123875105628755,0.06557129515821539,0.9081494822152184,0.2560689265768406,0.6997443097878334,0.1202620264674983
76,rainy,1,0.19410609037328094,0.45658153241650296,0.10164549098851422,0.26427933493805605,0.34106090373280945,0.5140810587232875,0.7563449237292853,0.13424091837127777
77,rainy,1,0.14030164854437038,0.6236408277797264,0.04552331977147745,0.05981820715256598,0.620834794808839,0.24457760967138015,0.702764426618748,0.1312535677196168
78,rainy,1,0.17863720073664824,0.6551565377532228,0.08162726837097271,0.17129735093526893,0.27071823204419887,0.41388084146921916,0.7610501304837964,0.1290705232369191
79,rainy,1,0.21450980392156863,0.9094117647058824,0.05690929502826351,0.040618784048544895,0.9094117647058824,0.20154102323979825,0.6640461199988653,0.13768396770472896
80,rainy,1,0.16955538809344387,0.7950263752825923,0.05613341835832544,0.049849720211503246,0.5305199698568199,0.2232705090501279,0.6601079201577501,0.4797567859095409
81,rainy,1,0.16801745635910226,0.6047381546134664,0.05691990607854353,0.05715743186943911,0.36783042394014964,0.23907620515107542,0.7020429678287712,0.41118893941616547
82,rainy,1,0.15818815331010452,0.456794425087108,0.08707370278614944,0.27108135780189535,0.2348432055749129,0.5206547395365717,0.8226525553356575,0.09970759035321446
83,rainy,1,0.1784247853676745,0.5188503172825681,0.08983610250088932,0.2858302161026653,0.2736095558044046,0.5346309157752339,0.8292706650012597,0.08800620658864516
84,rainy,1,0.16911764705882354,0.41360294117647056,0.10484040507958439,0.27056408351725253,0.2323529411764706,0.5201577486851969,0.7980640648316634,0.10754901960784315
85,rainy,1,0.13612565445026178,0.8860249697946033,0.057012543579663656,0.06874038510041301,0.8856222311719694,0.2621838765073341,0.651672030896518,0.12290477205783643
86,rainy,1,0.18019657808518383,0.5293046960320349,0.09868737440972586,0.26534238027068324,0.4393884237349836,0.5151139488216983,0.7653428599399851,0.10709722549376503
87,rainy,1,0.16505301982480405,0.6934071000461042,0.1206372512505909,0.3139016340080002,0.6648224988473951,0.5602692513497419,0.7778079395254597,0.09626194415064321
88,rainy,1,0.17277486910994763,0.5436971405557793,0.11396628284138838,0.3188623408094584,0.37817156665324203,0.5646789714602966,0.8436107915652657,0.10231930065622705
89,rainy,0,0.10277642474427667,1.0,0.04895973197111765,0.06595266783802085,1.0,0.25681251495599056,0.7471725388179288,0.21306743837330352
90,rainy,1,0.17811226089683285,0.819379115710254,0.084706856369912,0.18086247215022164,0.819379115710254,0.42527928723395597,0.6729758970924685,0.10553311321392778
91,rainy,1,0.17909987669543773,0.46763255240443896,0.0882765893169463,0.2647914289800806,0.2580147965474723,0.5145788850896242,0.7854431763727162,0.11403496047000798
92,rainy,1,0.17467248908296942,0.7563318777292577,0.05654380842793352,0.06531928994818471,0.7347889374090247,0.2555763876968776,0.7162345460769023,0.14504209835316953
93,rainy,0,0.10117849956884162,1.0,0.04174750298849787,0.05207658904213359,1.0,0.22820295581375274,0.6209332043315376,0.25042129527867485
94,rainy,0,0.09305064782096584,0.9749705535924618,0.04694291170931737,0.06370497999752668,0.9749705535924618,0.2523984548239681,0.5889036383744878,0.22666574285780272
95,rainy,0,0.10989010989010989,0.9732699732699732,0.0493245505838085,0.06029570401143465,0.9732699732699732,0.24555183569143735,0.5956588667303314,0.24521625698096286
96,rainy,0,0.11077338736913205,1.0,0.04883360111570656,0.05246893411394818,1.0,0.22906098339513908,0.6136499878830756,0.23145333783631655
97,rainy,0,0.08388520971302428,1.0,0.04053667944329188,0.046740372592727834,1.0,0.21619521870922087,0.6259267288509138,0.24127602475868934
98,rainy,1,0.17397747480735032,0.520746887966805,0.06498858332807601,0.09455311776572752,0.42886781268524005,0.3074949068939639,0.6990181478505384,0.18687773864732615
99,rainy,0,0.07195160776822668,0.7430754536771729,0.03444744752544305,0.05198477233821129,0.36421521808341295,0.2280016937178566,0.6529120565960608,0.25905700070540794
100,rainy,1,0.1583554376657825,0.3503978779840849,0.07472316467033459,0.16826393801609726,0.20848806366047745,0.4101998756900071,0.7855444093091031,0.19027617413012948
1,rainy,1,0.23510722795869737,0.868943606036537,0.10608783790836906,0.22104168315684228,0.8657664813343924,0.47015070260166825,0.7679684934433095,0.06985936550950801
2,rainy,1,0.2322045611610228,0.7712508638562543,0.1104634579411808,0.25236753293385683,0.7000691085003455,0.5023619541066549,0.7387259428761992,0.13426291041641258
3,rainy,1,0.2661042944785276,0.8059815950920245,0.1005168384896058,0.1589610807714743,0.7944785276073619,0.39869923598055,0.7134149403586846,0.1474407554432816
4,rainy,1,0.21730515191545574,0.7595772787318362,0.11897167282600524,0.30661732042188733,0.7582562747688243,0.5537303679787549,0.7687810934347046,0.07623487968503122
5,rainy,1,0.2251655629139073,0.8783112582781457,0.11443929168679469,0.2407267695567896,0.8716887417218543,0.4906391439304345,0.7521802950201396,0.08611868588495002
6,rainy,1,0.28771384136858474,0.7651632970451011,0.11189219731752803,0.1844394278217242,0.755054432348367,0.4294641170362481,0.7431378470717872,0.1686305004116732
7,rainy,1,0.28884986830553117,0.7067603160667252,0.09463997411992438,0.11054341078854406,0.52414398595259,0.3324806923545246,0.6972522921875782,0.1564426999948355
8,rainy,1,0.24044117647058824,0.5066176470588235,0.09370461290312897,0.12816665283115755,0.3176470588235294,0.35800370505227674,0.6749252245197612,0.15323817762399078
9,rainy,1,0.2694483734087694,0.5650636492220651,0.09649875492848932,0.13389590335250875,0.2340876944837341,0.36591789154468624,0.6540701407334917,0.17059932884044707
10,rainy,1,0.21687697160883282,0.6474763406940063,0.09663484417691182,0.17411486309455412,0.4116719242902208,0.41727073117408336,0.783790796611266,0.08443743427970558
11,rainy,1,0.1930473372781065,0.5961538461538461,0.09880528523571967,0.22184641838715577,0.3890532544378698,0.4710057519682278,0.7977851583812456,0.08267780484975056
12,rainy,1,0.29876373626373626,0.6002747252747253,0.10175075684657121,0.1289950968204894,0.3585164835164835,0.3591588740661845,0.6592740794690539,0.1504848093083387
13,rainy,1,0.2754145638067772,0.5861571737563086,0.09825178720311248,0.11651249193238492,0.4686373467916366,0.34133926221925437,0.7159365808524973,0.15811809943876615
14,rainy,0,0.1823170731707317,0.9518292682926829,0.05641238245764409,0.04396004737572905,0.9518292682926829,0.2096665146744445,0.6017566066947106,0.19308943089430894
15,rainy,1,0.22664141414141414,0.43623737373737376,0.09405600809778465,0.23064727678554092,0.26515151515151514,0.4802575109100751,0.7657871463576432,0.1125717963953258
16,rainy,0,0.14664310954063603,0.9363957597173145,0.051279806185335994,0.043897251581740654,0.9363957597173145,0.20951670955258117,0.6130698287167015,0.1737857687244509
17,rainy,1,0.2699551569506726,0.9695067264573991,0.09251487417624403,0.08355052306608315,0.9695067264573991,0.28905107345602987,0.6676284596544654,0.1429244702365251
18,rainy,0,0.2055393586005831,0.9205539358600583,0.05680644078331045,0.05309420273650451,0.6013119533527697,0.23042179310235503,0.5527089092686309,0.17599897101697823
19,rainy,0,0.15552995391705068,0.9199308755760369,0.060364988568046625,0.05410889072529299,0.9199308755760369,0.23261317831389733,0.5959210321056214,0.13670823167976867
20,rainy,0,0.19385665529010238,0.9262798634812287,0.06283341012540171,0.057061653585415824,0.6232081911262799,0.23887581205600503,0.5486248027552151,0.14711637556046311
21,rainy,0,0.16394716394716394,0.9261849261849262,0.04971087406577426,0.04112187739406605,0.9261849261849262,0.20278529876217866,0.6337661659062207,0.16388317564788155
22,rainy,0,0.1808641975308642,0.9845679012345679,0.04920246602889967,0.03983247937713568,0.9845679012345679,0.19958075903537315,0.6527112366315951,0.11837085451464537
23,rainy,1,0.18945022288261515,0.6471025260029718,0.07616135603810444,0.12270845658223276,0.6471025260029718,0.35029766853667865,0.7438503740909921,0.19234041313405004
24,rainy,1,0.2249216300940439,0.7601880877742947,0.07872682962421818,0.11388911756093607,0.7601880877742947,0.3374746176543298,0.728540102142962,0.16196139897965456
25,rainy,1,0.21140142517814728,0.8558986539984165,0.11486282703819853,0.24358439497012535,0.8558986539984165,0.4935426982238977,0.7344738074188606,0.08620620061167776
26,rainy,1,0.19175392670157068,0.7172774869109948,0.09304698663207144,0.13232556484691524,0.6799738219895288,0.36376581044253625,0.7045675043064991,0.15679088389282414
27,rainy,1,0.2507936507936508,0.9484126984126984,0.1157915609669173,0.16454995356651497,0.9484126984126984,0.40564757310566396,0.7332137976291823,0.18511360099595395
28,rainy,1,0.22429210134128166,0.7540983606557377,0.08462028392281032,0.13091033338947228,0.7540983606557377,0.3618153305064232,0.7477200370786735,0.5111715028783496
29,rainy,1,0.24409979770734996,0.8213081591368847,0.07944266439994796,0.09128324869384595,0.8213081591368847,0.30213117795726735,0.6049862383992292,0.16932820329750242
30,rainy,1,0.20951704545454544,0.8025568181818182,0.10143657498860549,0.19567234538190173,0.7954545454545454,0.4423486694700253,0.7628148460285923,0.05648117201426025
31,rainy,1,0.22030075187969925,0.9947368421052631,0.09325023873123514,0.1440246243867163,0.9947368421052631,0.3795057633115949,0.7776534644827474,0.054427244582043344
32,rainy,1,0.22809198259788688,0.6737103791174642,0.09527158113405769,0.12339047064304426,0.6737103791174642,0.35126979751046666,0.699303468766826,0.12752287987911137
33,rainy,1,0.20471464019851116,0.6259305210918115,0.10656739722171439,0.2216060773881361,0.6259305210918115,0.47075054688033674,0.7615687499093386,0.0656668126307595
34,rainy,1,0.2738312082574378,0.7122040072859745,0.10475645977284681,0.10970597436844218,0.7122040072859745,0.3312189221171432,0.6048406933312686,0.1750514899341643
35,rainy,1,0.22585751978891822,0.39525065963060685,0.08946741605389541,0.12675982609802178,0.21688654353562006,0.35603346204819253,0.737306956882715,0.14615758704537224
36,rainy,0,0.10969976905311778,1.0,0.03832066941340874,0.020238276739378783,1.0,0.14226129740508758,0.4891191862143579,0.06236924330933297
37,rainy,0,0.09191919191919191,1.0,0.035869444767564554,0.015707795652516215,1.0,0.12533074504093644,0.5466554858437761,0.05794414735591206
38,rainy,0,0.1147086031452359,1.0,0.03550278813775434,0.01886693949959079,1.0,0.13735697834326,0.559587033120903,0.061713010828753335
39,rainy,0,0.06735057983942908,1.0,0.0297238101616848,0.010790651985454246,1.0,0.10387806306171793,0.5401350113721665,0.06972241171223173
40,rainy,0,0.06275033377837116,1.0,0.03306866009984404,0.015572391076934491,1.0,0.12478938687618628,0.5363691946666644,0.06595286089513687
41,rainy,0,0.020077720207253884,1.0,0.030526830927595127,0.017005710780868905,1.0,0.13040594611009462,0.5948647032727088,0.06563293711266889
42,rainy,0,0.08148947652455478,1.0,0.0401794577315361,0.022797921018291912,1.0,0.15098980435212145,0.5378128649579917,0.0676719257589706
43,rainy,0,0.062459755312298776,1.0,0.03387790563997856,0.014613403259114288,1.0,0.12088591009341944,0.5635974818855705,0.058449806194209815
44,rainy,0,0.06393244873341375,1.0,0.034375787920900576,0.02332804385820697,1.0,0.15273520831231732,0.6734024566547651,0.053927481728517704
45,rainy,1,0.22748267898383373,0.7817551963048499,0.09179980983328327,0.12388905204596815,0.7817551963048499,0.3519787664703201,0.7231631201430521,0.199153194765204
46,rainy,1,0.21014818140996858,0.8724741805118994,0.08974511614331045,0.1396009739914556,0.8724741805118994,0.373632137257297,0.6711893865865521,0.44044480836789135
47,rainy,1,0.2015625,0.9083333333333333,0.09359261807149859,0.23533751640327974,0.9083333333333333,0.48511598242407944,0.7384227047057443,0.1073672385620915
48,rainy,1,0.21512447158290277,0.8107092531705026,0.08507205856511112,0.1137208868368325,0.8107092531705026,0.3372252760942342,0.6507160917210517,0.16205527772405345
49,rainy,1,0.21364985163204747,0.9109792284866469,0.08269436661683181,0.1309070992666571,0.9104846686449061,0.3618108611784023,0.6821733871197516,0.4114117259168752
50,rainy,1,0.1925638179800222,0.7713651498335183,0.09370552608211173,0.22213544180740646,0.6537180910099889,0.4713124672734708,0.7157898208944247,0.08948009836565037
51,rainy,1,0.2110215053763441,0.8387096774193549,0.10948888223531843,0.23375113824308535,0.8378136200716846,0.4834781672868852,0.7616158048013237,0.09806557031414717
52,rainy,1,0.23433385992627698,0.8915218536071616,0.0898206768995037,0.13394458014884775,0.8915218536071616,0.36598439877793665,0.6874218616021516,0.13562969158174065
53,rainy,1,0.2004728132387707,0.8146572104018912,0.09190911616660014,0.1753667319001646,0.8141843971631205,0.41876811232490546,0.672248901343902,0.1440893709729755
54,rainy,1,0.208955223880597,0.6096082089552238,0.10348624417216007,0.25529513255907105,0.5727611940298507,0.5052673871912485,0.7532060951421577,0.07407082235879427
55,rainy,1,0.22424557752341312,0.5249739854318418,0.11335460376795906,0.30331889329922423,0.5041623309053069,0.5507439453132682,0.7969113504872029,0.08172655118238763
56,rainy,1,0.19894281595386834,0.6511292647765498,0.09095697129733103,0.22165794668144712,0.6492071119654013,0.47080563577918977,0.7708415825636579,0.08071722682345403
57,rainy,1,0.20080784766301213,0.7634160415464513,0.07706641415011244,0.11472305565778776,0.7634160415464513,0.33870792086661894,0.7058008684239002,0.15437810438659016
58,rainy,1,0.19646464646464645,0.6893939393939394,0.09353687577928736,0.2406645340154503,0.6540404040404041,0.4905757169035686,0.7112261653993159,0.09651218062982768
59,rainy,0,0.0858050847457627,0.9078389830508474,0.0416874241515998,0.04937428228152034,0.676906779661017,0.22220324543426528,0.6651386772059296,0.17481721502160188
60,rainy,1,0.18756319514661274,0.557633973710819,0.09431890081435935,0.2628214425994578,0.3741152679474216,0.5126611381794585,0.7769871357813485,0.07732905093280994
61,rainy,0,0.1126357918810749,0.938822184105203,0.038832793169664,0.04337552416976718,0.6975414522584333,0.20826791440298043,0.5884592214321256,0.1769392033542977
62,rainy,0,0.09024252679075014,0.9605188945290468,0.03800809487407392,0.03672394250363762,0.9605188945290468,0.19163491984405562,0.6121151470578252,0.17428087986463622
63,rainy,0,0.08623460096411355,0.951794322442421,0.04058122927427703,0.0452955547827069,0.951794322442421,0.21282752355535905,0.6787517142115509,0.1690727496140395
64,rainy,1,0.1947463768115942,0.7282608695652174,0.10077160488248875,0.1838232783566392,0.7169384057971014,0.4287461700781002,0.7422678940616445,0.1698724779766979
65,rainy,0,0.050605060506050605,0.9444444444444444,0.036501415817592045,0.035642144990531296,0.9444444444444444,0.18879127360800155,0.5958242955645897,0.1811492913997282
66,rainy,1,0.18548387096774194,0.8933691756272402,0.10399021770761975,0.22845110681682615,0.8933691756272402,0.4779655916662058,0.7392203160733218,0.1274070560123691
67,rainy,1,0.15990220048899756,0.8621026894865526,0.10545547619991479,0.24446646255581278,0.8621026894865526,0.4944354988831332,0.7919261698471795,0.08949997602953162
68,rainy,1,0.18256721595836947,0.9150043365134432,0.11099088961646854,0.22263247217019708,0.9150043365134432,0.47183945592775206,0.7776815863006299,0.05813478904137544
69,rainy,1,0.1851400730816078,0.7965895249695494,0.12512618173052042,0.2962576058394125,0.7892813641900122,0.5442955133375734,0.7625452478136397,0.07362454523019114
70,rainy,1,0.17608409986859397,0.5352606219886115,0.06693646716234179,0.15824219022213457,0.489706526500219,0.3977966694457541,0.827081440667044,0.18072024254292166
71,rainy,1,0.17538975501113585,0.9615812917594655,0.10084075927012794,0.20411197375009207,0.9615812917594655,0.45178753164523267,0.716188938154889,0.09223546879776409
72,rainy,1,0.22652194431335534,0.7045776309579991,0.12464590666220467,0.2689664438179097,0.6979707409155262,0.5186197487735207,0.7691129506349692,0.07665843118748207
73,rainy,1,0.1916051301982122,0.8146132918771861,0.12750977859032575,0.2628296253490424,0.8146132918771861,0.5126691187784207,0.7553080416130591,0.06585430907691488
74,rainy,1,0.20120014119308155,0.8806918460995411,0.09071933706282215,0.1303902631089124,0.8789269325803035,0.36109591954065673,0.7060269624499454,0.1578358699639404
75,rainy,1,0.18775326429536246,0.64970733903647,0.1011853441788021,0.25688727286614715,0.5132823052678973,0.5068404806900758,0.7883230259274461,0.11633339513202849
76,rainy,1,0.2137524557956778,0.7520628683693517,0.0973925137585255,0.1309502390483717,0.7457760314341847,0.3618704727500873,0.7056213778530326,0.15561770484225124
77,rainy,1,0.19045948789898282,0.6723956506488952,0.10459071027195004,0.24206253110680265,0.6723956506488952,0.49199850722009575,0.7592911396142422,0.060749238313354104
78,rainy,1,0.18093922651933703,0.716390423572744,0.10261294734052519,0.249772794759401,0.7053406998158379,0.4997727431137086,0.7857077542553458,0.08071714873794822
79,rainy,1,0.19294117647058823,0.6556862745098039,0.09778955578398893,0.20856352616042004,0.36,0.45668755857853194,0.7612988405168725,0.10042137639369474
80,rainy,1,0.16013564431047475,0.5033911077618689,0.0979585709644854,0.2653241917927042,0.3006782215523738,0.515096293708957,0.7580481009838553,0.09223960872970138
81,rainy,1,0.18453865336658354,0.5773067331670823,0.09998177805373124,0.22544933912776785,0.28241895261845384,0.4748150578149011,0.7142121897769259,0.12172020928071978
82,rainy,1,0.19825783972125435,0.6229965156794425,0.07756570257121889,0.12421405606298928,0.605226480836237,0.35244014536228596,0.7261285172691361,0.17386622941859672
83,rainy,1,0.17543859649122806,0.8170959313176558,0.08224044546556579,0.14468719212201828,0.811123553564763,0.38037769666742854,0.6722430932482956,0.17445930219792286
84,rainy,1,0.18345588235294116,0.6363970588235294,0.1016030269381272,0.24199325488998774,0.49779411764705883,0.491928099309226,0.7661024467762109,0.09278114186851212
85,rainy,0,0.01973419250906162,1.0,0.02433236979396006,0.012335317524796602,0.999597261377366,0.11106447462981402,0.5273523584245673,0.06123522304612542
86,rainy,0,0.056789224608664,0.9989078995267565,0.0329031133501748,0.025732694806639093,0.9989078995267565,0.1604141353080803,0.6917463010061863,0.0773549754812737
87,rainy,0,0.002305209774089442,0.9990779160903642,0.026754514756904043,0.019499659600539364,0.9990779160903642,0.1396411816067859,0.6042341356750429,0.08912573789312866
88,rainy,0,0.01973419250906162,1.0,0.025597693545305018,0.007540285778794496,1.0,0.08683481893108602,0.6736703921878966,0.07331738172514274
89,rainy,0,0.1544081831466147,1.0,0.059551466722933044,0.07559553757749972,1.0,0.2749464267407375,0.6750116989271272,0.10898637097313353
90,rainy,0,0.13860144245845094,0.989024772656005,0.05495441658017497,0.07601920871154837,0.989024772656005,0.2757158115008067,0.6360093118457139,0.10634349694722668
91,rainy,0,0.1661528976572133,1.0,0.06515885846841744,0.10245566856277336,1.0,0.3200869703108412,0.6611594510723534,0.12505258576920286
92,rainy,0,0.1700145560407569,0.9717612809315866,0.0643665871535702,0.10703961297075558,0.9717612809315866,0.3271690892654066,0.6658964858062784,0.12937979849872994
93,rainy,0,0.14285714285714285,1.0,0.058104803969604255,0.08516383886396048,1.0,0.29182844080719833,0.6381335677115716,0.14613394653636103
94,rainy,1,0.19110718492343934,0.709658421672556,0.08021726897927427,0.13835377352721154,0.7028857479387515,0.37195937080172015,0.6424604182900217,0.1588905055544008
95,rainy,1,0.1776061776061776,0.6881496881496881,0.12839866529691565,0.3356440422324132,0.6807246807246807,0.5793479457393572,0.800976287144948,0.08181018769254063
96,rainy,0,0.21310368118878756,0.9793988517392773,0.05963986606286488,0.07809171532970384,0.9793988517392773,0.2794489494159959,0.6218387526224064,0.11942573719795248
97,rainy,0,0.16777041942604856,0.9981078524124882,0.05313667389904383,0.06985573903311444,0.9981078524124882,0.2643023628973348,0.5875520376562487,0.13832093543819293
98,rainy,0,0.2003556609365738,0.950800237107291,0.0577796869684815,0.06528452699509002,0.8817427385892116,0.25550836971631674,0.5108516644169845,0.1610330439229634
99,rainy,0,0.16427889207258833,0.9379178605539638,0.04686783388426436,0.0648147637878862,0.8869786692136262,0.25458743839373965,0.5081514781079974,0.1484652695844336
100,rainy,1,0.18143236074270558,0.5509283819628648,0.09510577980958677,0.22362413280034668,0.45278514588859414,0.4728891337304619,0.7104972007782903,0.10875851666926717
1,rainy,0,0.19777601270849882,1.0,0.0701546957935783,0.06078506913037586,0.9968228752978554,0.24654628192364988,0.6337963089245223,0.20529520783690758
2,rainy,0,0.1713890808569454,1.0,0.05901454809588322,0.05793337232685313,1.0,0.24069352364958457,0.6970676361039367,0.1884792064718078
3,rainy,0,0.15644171779141106,1.0,0.056402297511582926,0.05501401329746205,1.0,0.23455066253895349,0.6452348201380301,0.1818747744496572
4,rainy,1,0.21268163804491413,0.8434610303830912,0.11362141492195424,0.27019122066698553,0.8434610303830912,0.5197992118760719,0.7624022233091521,0.06516175823037273
5,rainy,0,0.21357615894039736,0.9470198675496688,0.06261658111247777,0.06158848213504197,0.9470198675496688,0.24817026843488318,0.6441529521689703,0.22495779768861185
6,rainy,1,0.21695178849144633,0.9284603421461898,0.10211388230241454,0.15091908533699394,0.9284603421461898,0.38848305669230154,0.7196867568712813,0.07210685207208856
7,rainy,0,0.15100965759438104,0.9201053555750659,0.04972065228090169,0.06156558073825602,0.5803336259877085,0.24812412365236883,0.6442655870491119,0.23159978653445573
8,rainy,1,0.2411764705882353,0.5772058823529411,0.10022474521258375,0.24900941449854924,0.5169117647058824,0.49900843129004263,0.712690293633032,0.07754901960784313
9,rainy,0,0.11315417256011315,0.9257425742574258,0.04972410431536401,0.05287984643796107,0.599009900990099,0.22995618373499127,0.6694979226741897,0.1859860775993566
10,rainy,0,0.15772870662460567,0.9305993690851735,0.05037584292098337,0.05042366354095563,0.6269716088328076,0.22455213991622444,0.6484409740303644,0.20237211603884456
11,rainy,0,0.16789940828402367,0.9201183431952663,0.05931739950297983,0.06276935741291823,0.6715976331360947,0.25053813564588967,0.62733200351791,0.17018505627102912
12,rainy,0,0.15865384615384615,0.9491758241758241,0.06202730095547479,0.05800739970544431,0.9491758241758241,0.24084725388811123,0.6107038930799513,0.17111883214824392
13,rainy,1,0.20331651045421772,0.558759913482336,0.08886950945599749,0.24027062032695762,0.37707281903388606,0.4901740714551899,0.7907863357227861,0.06976264189886482
14,rainy,0,0.1975609756097561,0.9280487804878049,0.06601575843825401,0.05785116992709297,0.9280487804878049,0.24052270147970017,0.628187255424475,0.22535389765662364
15,rainy,0,0.13257575757575757,0.9021464646464646,0.04744853684919966,0.057900142771957805,0.9021464646464646,0.24062448498014036,0.6737947654977351,0.19628144186967716
16,rainy,1,0.2314487632508834,0.818904593639576,0.10097271750003867,0.18680980937158007,0.818904593639576,0.4322150036400635,0.7237429072716662,0.08677683087369223
17,rainy,1,0.2905829596412556,0.905829596412556,0.1024518496687674,0.09308440798261525,0.905829596412556,0.3050973745914823,0.6909249925475153,0.12963685922799612
18,rainy,0,0.1946064139941691,0.9074344023323615,0.05770804080460461,0.06055483780596052,0.5969387755102041,0.2460789259688048,0.5882822684961269,0.2030069170525353
19,rainy,0,0.17511520737327188,0.9164746543778802,0.06646026512324583,0.06782644858967847,0.7240783410138248,0.2604351139721341,0.6353095152057151,0.171767416644077
20,rainy,1,0.2764505119453925,0.6764505119453925,0.09949119415333005,0.13861409734604202,0.6764505119453925,0.37230914217360017,0.6714023922419219,0.1361386602422539
21,rainy,1,0.2836052836052836,0.8290598290598291,0.1185162270954284,0.13534011908027999,0.7832167832167832,0.3678860137057129,0.7077205051738393,0.14039337568749333
22,rainy,1,0.27283950617283953,0.7123456790123457,0.12821717184687367,0.1870616529196531,0.7,0.4325062461047853,0.726367550860445,0.13069232631324135
23,rainy,0,0.10846953937592868,1.0,0.058277656963119505,0.03727005661655471,1.0,0.19305454311296255,0.645080535320539,0.10398566558867232
24,rainy,0,0.14733542319749215,1.0,0.06613929241723276,0.043659319438513235,1.0,0.20894812619048114,0.629855092243411,0.10132767840678591
25,rainy,0,0.20744259699129058,1.0,0.06539678491802403,0.04671271270866097,1.0,0.21613123954824526,0.6220424716254157,0.12205300172325463
26,rainy,0,0.11780104712041885,1.0,0.056776508456700445,0.04154621291385284,1.0,0.2038288814517041,0.6077754446922924,0.12080895185299251
27,rainy,1,0.25,0.9,0.10421953842610704,0.17626998101104396,0.9,0.41984518695710205,0.7304300745141606,0.37064425770308124
28,rainy,1,0.2563338301043219,0.9560357675111774,0.094320597093654,0.13211055799539972,0.9560357675111774,0.363470161079833,0.7012100221775704,0.4002103971245726
29,rainy,0,0.1968981793661497,1.0,0.06831922880982247,0.049417325504813994,1.0,0.2223000798578669,0.6452366526665384,0.13441487181521292
30,rainy,1,0.1953125,0.8870738636363636,0.09382264712554265,0.15742541108707195,0.8870738636363636,0.3967687123338633,0.7812429904432343,0.048033645276292336
31,rainy,0,0.12781954887218044,1.0,0.06208591660591292,0.04065304241081582,1.0,0.20162599636657924,0.6251542710133235,0.09272888102609464
32,rainy,1,0.2144188937228092,0.9465506525792418,0.09355596715451782,0.15793203365273156,0.9465506525792418,0.39740663513928853,0.749549908218219,0.05722467980355597
33,rainy,0,0.0967741935483871,1.0,0.044495812051779944,0.026143217494554172,1.0,0.16168864367838012,0.6042596404573659,0.08533790687490878
34,rainy,0,0.122040072859745,1.0,0.05377032957442721,0.03317174070560799,1.0,0.1821311085608606,0.5763495089873628,0.09161755776992037
35,rainy,0,0.13403693931398417,1.0,0.049391214381609594,0.03807980129110004,1.0,0.19514046553982609,0.5313926074468678,0.10751306327280252
36,rainy,0,0.09006928406466513,1.0,0.043349564839837075,0.028444816044355958,1.0,0.16865591019693307,0.5850436751009321,0.11505909523162614
37,rainy,0,0.1,1.0,0.042720662941375345,0.02373339851354135,1.0,0.1540564783238321,0.5456376045429154,0.09768865121806299
38,rainy,0,0.1341350601295097,1.0,0.04093367502650975,0.024801303721717977,1.0,0.15748429674643113,0.6588947755281424,0.11130035733072137
39,rainy,0,0.17172167707404104,0.6726137377341659,0.08455797694984428,0.1753411257692813,0.37154326494201606,0.4187375380465445,0.7542775933881797,0.06148222000664673
40,rainy,1,0.22118380062305296,0.6969292389853138,0.08603307951398324,0.12889211539176515,0.6906987093902982,0.35901548071324885,0.73908736645628,0.37892789514559716
41,rainy,0,0.18588082901554404,0.8963730569948186,0.09732056921345048,0.11831364819724949,0.8963730569948186,0.34396751038034024,0.711596384303804,0.1878822513461343
42,rainy,1,0.2266594711279007,0.9660010793308149,0.0977828439773324,0.12232434365848957,0.9660010793308149,0.3497489723480107,0.733959254031058,0.33133974582817477
43,rainy,0,0.07083065035415326,1.0,0.04204691791450872,0.01974011516038139,1.0,0.14049952014288658,0.661871910877816,0.1210736967034077
44,rainy,0,0.0790108564535585,1.0,0.03282145655322787,0.020698735859466837,1.0,0.14387055244026428,0.6672350741696988,0.09900186853993709
45,rainy,0,0.20438799076212472,0.9670900692840647,0.06585736946850555,0.08180642487991233,0.9670900692840647,0.2860182247338661,0.6412395718915163,0.15496309378254766
46,rainy,1,0.22317018410417602,0.8078132016165245,0.09997942963140644,0.18438962047915428,0.8078132016165245,0.42940612533958367,0.7213975590555138,0.13085747994752459
47,rainy,0,0.14166666666666666,0.9817708333333334,0.06379284978008612,0.06821032909351106,0.9817708333333334,0.2611710724669006,0.6424975864951825,0.1807128267973856
48,rainy,1,0.21324565523720057,0.7867543447627995,0.11097247367249775,0.2508461075060814,0.7867543447627995,0.5008453928170662,0.7336645212017949,0.08121275753138268
49,rainy,1,0.21315529179030662,0.8773491592482691,0.08942881597893394,0.14568866201491149,0.8768545994065282,0.3816918416928917,0.666326870490072,0.33096914334477606
50,rainy,1,0.20588235294117646,0.8873473917869035,0.09037736261315696,0.18257146164225135,0.8867924528301887,0.42728381860567966,0.7629643861624925,0.08763030184326784
51,rainy,1,0.21191756272401432,0.8776881720430108,0.09887307510522506,0.1976397127434343,0.8776881720430108,0.4445668821937081,0.7421180574439009,0.11318961276266779
52,rainy,1,0.2143233280674039,0.9162717219589257,0.09522123852837588,0.19642025925990308,0.9162717219589257,0.44319325272380117,0.7603310366507592,0.09329987919338352
53,rainy,1,0.21182033096926714,0.8718676122931442,0.09784798906527009,0.2021946739656125,0.8718676122931442,0.44966062087491326,0.7029779822488577,0.09072822509618504
54,rainy,1,0.20335820895522388,0.7397388059701493,0.10083428333111018,0.2413509664553166,0.7397388059701493,0.49127483800345056,0.7273700264147187,0.07836918349429324
55,rainy,1,0.24661810613943808,0.7174817898022893,0.10288953760627755,0.1750788964952235,0.7174817898022893,0.41842430198928876,0.757171214216998,0.13570422966272877
56,rainy,0,0.20230658337337817,0.8942815953868333,0.057799678108132094,0.07591966390145752,0.7462758289283998,0.2755352316881773,0.6278052923692696,0.18359762934486626
57,rainy,1,0.22100403923831505,0.5781881130986728,0.09473607354547058,0.22254647274863368,0.31159838430467396,0.47174831504588727,0.6913104220655228,0.11930348596449543
58,rainy,1,0.21616161616161617,0.6217171717171717,0.09939033343239631,0.22916371233921826,0.451010101010101,0.4787104681738413,0.7223889851306183,0.09366805307981778
59,rainy,1,0.23252118644067796,0.5598516949152542,0.09070318073705406,0.24616635482869545,0.5402542372881356,0.4961515442167801,0.7355410416210647,0.10064597873047525
60,rainy,1,0.22548028311425683,0.7709807886754297,0.09299831496837961,0.12188893615406875,0.756319514661274,0.3491259602980975,0.6918390249042193,0.1307539800551161
61,rainy,0,0.15894797026872498,0.9331046312178388,0.048649374861253904,0.05452853021316304,0.6975414522584333,0.23351344760669146,0.6345095607978211,0.21880514355542102
62,rainy,1,0.2233502538071066,0.7422447828539199,0.08295138205003613,0.1270549095627138,0.7422447828539199,0.3564476252729338,0.7275012560230328,0.15674109463300268
63,rainy,1,0.24049276914836637,0.8275307980717729,0.10280112457861773,0.13136530023828835,0.8253883235136583,0.36244351316900175,0.6917747500995398,0.14853019943917578
64,rainy,0,0.1308876811594203,0.9207427536231884,0.05429536447264112,0.06387439674848774,0.9207427536231884,0.2527338456726517,0.6824214885486787,0.23080242966751918
65,rainy,1,0.27447744774477445,0.7744774477447744,0.09400881147500303,0.09635394952817312,0.7321232123212321,0.3104093257751338,0.6969948614450343,0.15277292435125867
66,rainy,1,0.1886200716845878,0.9117383512544803,0.10219541853583214,0.22248631165805552,0.9081541218637993,0.47168454676622124,0.7696757162835735,0.1039777918335793
67,rainy,1,0.20342298288508556,0.8689486552567237,0.09045556725422815,0.19278345068842107,0.8669926650366748,0.43907112258542014,0.7354269816221356,0.09634594179970277
68,rainy,1,0.17866435385949697,0.971379011274935,0.10170597872890398,0.18642027543183542,0.971379011274935,0.4317641432910281,0.7641441278832306,0.05314864887845858
69,rainy,1,0.2086885911490053,0.7352821762078766,0.0835511952319034,0.17804789677434932,0.731628095818108,0.42195722149804393,0.7666015110762974,0.13396543351404713
70,rainy,1,0.1962330267192291,0.5672360928602715,0.07865312388511302,0.21537553153545205,0.5300043802014893,0.4640856941723716,0.8033058545760283,0.1357639157283588
71,rainy,1,0.1720489977728285,0.8502227171492205,0.11743746018528517,0.3108637444721365,0.8502227171492205,0.5575515621645557,0.7723479674794362,0.07277610375998951
72,rainy,1,0.21708352996696556,0.7937706465313827,0.1238912836419203,0.2563700785263802,0.7871637564889099,0.5063300095060337,0.7620697559495361,0.07359187185964522
73,rainy,1,0.18188884570540226,0.8379323746599301,0.12068406367596857,0.24321459857612138,0.8379323746599301,0.4931679212764364,0.7607518794533402,0.05662421983950984
74,rainy,1,0.22590893046240734,0.9212848570420049,0.09303821997822538,0.15056477060594428,0.92057889163431,0.3880267653216003,0.6966109706355019,0.12877639583895684
75,rainy,1,0.2120666366501576,0.859972985141828,0.0852071492350989,0.17577975114111583,0.859972985141828,0.4192609582838781,0.7039498793476123,0.41480167033044646
76,rainy,1,0.23850687622789785,0.8420432220039292,0.1097289315090667,0.1412536912542887,0.8420432220039292,0.3758373201988976,0.6943903167816817,0.13262914596093842
77,rainy,1,0.175377060680463,0.739740441950193,0.09481757196960852,0.2098800816276109,0.739740441950193,0.4581267091401798,0.7435839709457308,0.06213574872249847
78,rainy,1,0.19613259668508287,0.925414364640884,0.0984417510441238,0.20387572288890238,0.925414364640884,0.451525993591623,0.7985658188025728,0.08324305781244357
79,rainy,1,0.20705882352941177,0.5964705882352941,0.10887824976709849,0.25268197084698596,0.33647058823529413,0.5026748162052541,0.7840139179680568,0.09632295271049596
80,rainy,1,0.21175584024114544,0.846646571213263,0.09295301606592411,0.11162076005742354,0.846646571213263,0.33409693212812286,0.6602186191880025,0.14615452812624674
81,rainy,0,0.17300498753117208,0.8787406483790524,0.05371328522441243,0.04535643424891717,0.8787406483790524,0.2129705008890132,0.6707409641374203,0.14371179893403743
82,rainy,1,0.17282229965156795,0.6240418118466899,0.0727202045610749,0.1819617828491698,0.3996515679442509,0.426569786610784,0.7976251864627314,0.07786431645829064
83,rainy,1,0.20940649496080627,0.8477043673012318,0.08897856691281422,0.14984518060357893,0.8424785367674505,0.38709841203959866,0.7512950434030664,0.15250935013796485
84,rainy,1,0.17022058823529412,0.694485294117647,0.09697090008829463,0.21823840111236162,0.694485294117647,0.4671599309790616,0.7668727093280379,0.07910755478662053
85,rainy,1,0.1941200161095449,0.8872331856625051,0.06712416738796982,0.12206489219682178,0.8868304470398711,0.3493778644917588,0.6869339151233862,0.3084835706332472
86,rainy,0,0.045140152894066254,1.0,0.03184430066063925,0.031219912260961113,1.0,0.17669157382558204,0.6804627497050537,0.13329193344611232
87,rainy,1,0.18211157215306592,0.880129091747349,0.09029576861024632,0.23001074314807765,0.880129091747349,0.47959435270661566,0.6824210532182906,0.08350645006734828
88,rainy,1,0.20700765203383004,0.896496173983085,0.0871259786147539,0.11742782852518224,0.896496173983085,0.34267744093415636,0.6698666022353281,0.1477561141250701
89,rainy,1,0.2235752557233317,0.7082318558207501,0.10077968618292403,0.2327059292562721,0.7023867510959572,0.4823960294781375,0.7780267929845606,0.13629981948941292
90,rainy,0,0.2132329883976168,0.9858889934148636,0.06586876904117646,0.0987326170861156,0.9858889934148636,0.3142174678246192,0.6475158392555042,0.1465380382319124
91,rainy,1,0.17601726263871764,0.8483353884093712,0.10026390232433338,0.26946074285341104,0.8480271270036991,0.5190960824870585,0.73414816195694,0.09920335581828292
92,rainy,1,0.22241630276564775,0.698981077147016,0.09866461808138725,0.1791204250227993,0.698981077147016,0.4232262102266343,0.7327017345289404,0.17008191340582812
93,rainy,1,0.17620005748778383,0.7809715435469963,0.09891958890857029,0.25011122443201356,0.7803966657085369,0.5001112120638904,0.7525836983255315,0.11214852138038314
94,rainy,1,0.1972909305064782,0.7093639575971732,0.08967663077919819,0.1788117874392527,0.7017078916372202,0.42286142817624395,0.7332599216780157,0.13443959444790873
95,rainy,0,0.23076923076923078,0.9741609741609741,0.07990557231766231,0.10578148914811598,0.9741609741609741,0.3252406634295841,0.6643663458857153,0.16078547843253727
96,rainy,0,0.2553191489361702,0.9679162445119892,0.08231050882581725,0.11197518053161165,0.9679162445119892,0.3346269273857256,0.6729227810613346,0.13644966260735975
97,rainy,0,0.2510249132765689,0.9924314096499527,0.07448863082940625,0.09293524034652954,0.9924314096499527,0.30485281751450083,0.6802979495898446,0.14590931295255408
98,rainy,1,0.1988737403675163,0.5628334321280379,0.09903875101086301,0.22866166240976316,0.3888559573206876,0.4781858032289992,0.7001283512900371,0.1450666573683415
99,rainy,0,0.2502387774594078,0.8965297675899395,0.0682432120310173,0.095821814605301,0.8506844953836358,0.3095509887002479,0.6515252239718146,0.15167019370626317
100,rainy,1,0.20928381962864723,0.5872679045092838,0.09874546845236741,0.21709052645826357,0.5010610079575597,0.46592974412272026,0.7041666551382231,0.11225464190981432
1,rainy,1,0.2509928514694202,0.857823669579031,0.11379271023159597,0.21880716602021685,0.8546465448768864,0.4677682824008238,0.7148203762238552,0.12409786790013862
2,rainy,1,0.26123013130615064,0.6841741534208707,0.09074144870421712,0.12652938997126836,0.68279198341396,0.3557096990120853,0.7188477260444098,0.16612870441887884
3,rainy,1,0.26380368098159507,0.7569018404907976,0.10801877064473656,0.19960254012211304,0.7346625766871165,0.44676900085179705,0.7413489822027547,0.15618007939372067
4,rainy,1,0.2536327608982827,0.8269484808454426,0.10202449377518776,0.12824408680201616,0.8269484808454426,0.3581118356072808,0.7159579051240503,0.17000284922423395
5,rainy,1,0.2632450331125828,0.8791390728476821,0.09223256719655011,0.11516296428886805,0.8791390728476821,0.33935669182862455,0.6800634268266869,0.14277691208933904
6,rainy,1,0.22161741835147744,0.8079315707620529,0.11127002009421334,0.2212247589690897,0.8017107309486781,0.47034536137724337,0.7512490459215296,0.09015948525599975
7,rainy,1,0.2906057945566286,0.6856892010535558,0.11923324047257071,0.11434814700909798,0.6856892010535558,0.33815402852708704,0.6615621688206871,0.15831224500335692
8,rainy,1,0.25735294117647056,0.5330882352941176,0.0954165581297831,0.15883286518759754,0.2933823529411765,0.3985384111821564,0.7415678830177697,0.22131487889273357
9,rainy,1,0.24045261669024046,0.5884016973125884,0.08921094558425088,0.1534399673207268,0.4625176803394625,0.39171413980187997,0.728746546377388,0.36378511800759905
10,rainy,1,0.28470031545741326,0.695583596214511,0.10741105677914566,0.14964524069380697,0.42981072555205047,0.3868400712100634,0.7008455465719463,0.170996474299499
11,rainy,1,0.28476331360946744,0.6516272189349113,0.10633820494639373,0.10675857430465004,0.34393491124260356,0.32673930633557086,0.6958905194820485,0.15880902656920756
12,rainy,1,0.2445054945054945,0.5528846153846154,0.10403231679897712,0.20387585211599435,0.5096153846153846,0.45152613669199076,0.7086349458781902,0.12772839905192845
13,rainy,1,0.2732516222062004,0.4931506849315068,0.08467081746194098,0.0855367933884993,0.18529199711607786,0.2924667389439341,0.6896196660415336,0.16109815231067193
14,rainy,1,0.27439024390243905,0.5884146341463414,0.11558930897368172,0.17238417530803715,0.574390243902439,0.41519173318845976,0.7152455004625533,0.15811573409851745
15,rainy,1,0.26452020202020204,0.6912878787878788,0.09796811778187844,0.1048910480960581,0.6123737373737373,0.3238688748491557,0.7147205264008699,0.16563923549217668
16,rainy,1,0.2226148409893993,0.6952296819787986,0.09852630046797108,0.1727923538101156,0.6934628975265018,0.4156829967777316,0.768030078761369,0.08111619205986281
17,rainy,1,0.23408071748878923,0.7695067264573991,0.0888852923841308,0.17721905133358365,0.7695067264573991,0.42097393189315613,0.7531549389166793,0.11459069726545326
18,rainy,1,0.27988338192419826,0.5225947521865889,0.10135583280700898,0.17188486494548003,0.32798833819241985,0.414589996195615,0.7081716523476161,0.13917281198193562
19,rainy,1,0.2534562211981567,0.6952764976958525,0.09892349498078483,0.12431535598059182,0.6900921658986175,0.3525838283027057,0.7134819696360284,0.21695581458389807
20,rainy,1,0.21569965870307167,0.5092150170648464,0.10650473734693541,0.2737532037003053,0.2935153583617747,0.5232142999768884,0.7852899103231605,0.09001137656427759
21,rainy,1,0.1919191919191919,0.6682206682206682,0.09639471897111801,0.20920786337709538,0.41025641025641024,0.4573924609972222,0.7518327704781883,0.09572344866462514
22,rainy,1,0.26296296296296295,0.778395061728395,0.10419868235598499,0.13149914727437964,0.7734567901234568,0.3626281115335374,0.7015420361576621,0.3923505204550956
23,rainy,1,0.21471025260029716,0.9962852897473997,0.10960705602840887,0.183424548814944,0.9962852897473997,0.4282809227772631,0.706594003497998,0.12610203070827145
24,rainy,1,0.1778996865203762,1.0,0.10079788623691778,0.17746630121152054,1.0,0.42126749365637095,0.7827946226081297,0.0512293318581351
25,rainy,1,0.19002375296912113,0.8416468725257323,0.07925904087700673,0.0956783405387915,0.838479809976247,0.309319156436829,0.7076944941894409,0.161259373107913
26,rainy,1,0.21858638743455497,0.9633507853403142,0.11531813862474721,0.1576964195737036,0.9633507853403142,0.39711008495592703,0.7160376817928149,0.0575146288882045
27,rainy,1,0.19285714285714287,0.9841269841269841,0.09943266959930695,0.12806199569152277,0.9841269841269841,0.35785750752432566,0.7113742465640261,0.4017802676626206
28,rainy,1,0.22503725782414308,0.8055141579731744,0.13715212776528668,0.24456250621046993,0.8055141579731744,0.49453261389970016,0.7231657442048524,0.11558107594751761
29,rainy,1,0.22184760620364127,0.8543492919757248,0.12907400410189324,0.2295047335409964,0.8543492919757248,0.47906652308525627,0.728586721268908,0.05389446405669483
30,rainy,1,0.2556818181818182,0.8551136363636364,0.09236403178925455,0.11745127824401413,0.8551136363636364,0.3427116546661554,0.7384256902628629,0.3553615196078431
31,rainy,1,0.22932330827067668,0.9157894736842105,0.08096725043644995,0.07658687164181843,0.9157894736842105,0.2767433317025334,0.687816411959671,0.161515553589857
32,rainy,1,0.22249844623990056,0.7520198881292729,0.11342391030981398,0.1899223071618606,0.7513983840894966,0.43580076544432617,0.741962799513653,0.08720798449895806
33,rainy,1,0.22456575682382135,0.750620347394541,0.09305424506709538,0.10997885207340634,0.7307692307692307,0.3316305958041362,0.7290397050045561,0.13559577677224738
34,rainy,1,0.28718882817243474,0.7328476017000607,0.11648538043581162,0.1387543851362414,0.7328476017000607,0.372497496818759,0.7341661782101551,0.16262247461218854
35,rainy,1,0.2237467018469657,0.5234828496042216,0.11514571695753087,0.21718325822444465,0.39736147757255935,0.4660292461041953,0.7257557200474741,0.09925604014692949
36,rainy,1,0.22863741339491916,0.8614318706697459,0.10656463918269708,0.10453631263553159,0.8614318706697459,0.32332075812655703,0.6902363813186008,0.15302495132001992
37,rainy,1,0.24494949494949494,0.6414141414141414,0.10682859950644681,0.13304589118929988,0.6313131313131313,0.3647545629451397,0.7573867885137473,0.16085165379283028
38,rainy,1,0.20212765957446807,0.44588344125809437,0.08796310673421762,0.19768562099784434,0.23172987974098058,0.44461851175793876,0.802518932065666,0.08370789573923926
39,rainy,1,0.20383586083853703,0.4696699375557538,0.1112758034192083,0.24488182172298648,0.23951828724353255,0.4948553543440613,0.7738645634552018,0.08502737401829599
40,rainy,1,0.17356475300400534,0.684913217623498,0.06818586177551693,0.09234443842645351,0.673787271918113,0.30388227724968353,0.7669238185308576,0.32796844594535635
41,rainy,1,0.1871761658031088,0.7830310880829016,0.10691612003742038,0.2049930476602129,0.719559585492228,0.4527615792668509,0.7588232722661148,0.04246418774763792
42,rainy,1,0.20885051268213708,0.8246087425796006,0.1097487383692767,0.21214754016913256,0.8246087425796006,0.46059476784819486,0.7736818967515952,0.0868924796038221
43,rainy,1,0.22021893110109467,0.9690920798454604,0.06524598168224868,0.07003450697823776,0.9690920798454604,0.2646403351309807,0.6689443174457915,0.17132684368016363
44,rainy,1,0.23642943305186973,0.7683956574185766,0.11224020309634693,0.18684920923082238,0.7683956574185766,0.43226058024162045,0.7056147627357604,0.09525296246363442
45,rainy,1,0.22113163972286373,0.8452655889145496,0.09065194445780528,0.13075587372303593,0.8452655889145496,0.3616018165372457,0.7073582740459756,0.16949463388126612
46,rainy,1,0.21239335428828018,0.816793893129771,0.08957681558624236,0.15581476446941336,0.816793893129771,0.39473378936875086,0.690794958743079,0.42007624783186737
47,rainy,1,0.1875,0.7838541666666666,0.1084849528949456,0.28167459070229395,0.7796875,0.5307302428751296,0.7883618601904618,0.10316993464052288
48,rainy,1,0.19680601221230626,0.8694222639736966,0.0810451824757949,0.1488431615936315,0.8694222639736966,0.3858019719929274,0.6832857488430792,0.4087272861234677
49,rainy,1,0.2294757665677547,0.8793273986152325,0.09754910052996817,0.13556693273901183,0.8793273986152325,0.3681941508756105,0.6926834653787369,0.3799848722871938
50,rainy,1,0.22086570477247502,0.8701442841287459,0.07583126755073576,0.12347746774820836,0.7857935627081021,0.3513936080070444,0.6959076173276152,0.33204935692367954
51,rainy,1,0.2271505376344086,0.9054659498207885,0.0787528587005386,0.09750367255848151,0.9054659498207885,0.31225578066463644,0.6616945496162692,0.15601764003092278
52,rainy,1,0.1932596103212217,0.8199052132701422,0.093410194447069,0.21574030892068646,0.8199052132701422,0.4644785344024915,0.7801332346727553,0.09992049479086
53,rainy,1,0.23877068557919623,0.8765957446808511,0.08969070920113195,0.10448811554469975,0.8765957446808511,0.323246215050849,0.6663860351079963,0.15014323459880405
54,rainy,1,0.2355410447761194,0.5708955223880597,0.11769919658744046,0.24040082503300175,0.5023320895522388,0.4903068682294811,0.7130868188138318,0.09755267778753292
55,rainy,1,0.21071800208116545,0.7752341311134235,0.09654638993205153,0.12359355308411303,0.6857440166493236,0.3515587476996029,0.6822125209891606,0.15951113015445512
56,rainy,1,0.27438731379144643,0.8346948582412301,0.08813883365526363,0.10867752251599519,0.8346948582412301,0.3296627405637391,0.6759809653306527,0.15353478248579586
57,rainy,1,0.1829197922677438,0.5516445470282747,0.08373352133495734,0.2746255344202967,0.3150605885747259,0.5240472635366935,0.7888216242031046,0.07986151182919791
58,rainy,1,0.21767676767676766,0.652020202020202,0.09001731323216915,0.18065949756556862,0.652020202020202,0.42504058343359247,0.769042323200602,0.11779560308972074
59,rainy,1,0.2097457627118644,0.5820974576271186,0.07395838564385038,0.1133684837637028,0.2939618644067797,0.3367023667331473,0.7227236188731034,0.35867397806580265
60,rainy,1,0.17795753286147623,0.5424671385237614,0.08958648301013142,0.23065639126916082,0.2735085945399393,0.4802669999793457,0.7946645891253313,0.08844148377247765
61,rainy,1,0.2447112635791881,0.8090337335620355,0.09044826632773767,0.11338052425296936,0.7930245854774156,0.33672024627718683,0.6985979023541568,0.1867420038341237
62,rainy,1,0.18612521150592218,0.7078398195149465,0.10163498560501877,0.21228176061526038,0.7078398195149465,0.4607404482083816,0.7688486428266281,0.08802848832708492
63,rainy,1,0.19603642206748795,0.628280664167113,0.0970619399034421,0.22758676965912,0.37600428494911625,0.4770605513549826,0.7521585640762647,0.10783578562651627
64,rainy,1,0.20018115942028986,0.6295289855072463,0.09785942436078585,0.2329281493126139,0.625,0.48262630399991036,0.7751957835516798,0.09219060812730889
65,rainy,1,0.23542354235423543,0.6177117711771177,0.12438750889386616,0.24538477110829396,0.6144114411441144,0.4953632718604539,0.7507091603629941,0.1201104424167907
66,rainy,1,0.2025089605734767,0.7979390681003584,0.10208260146121234,0.24238862822089338,0.7979390681003584,0.4923297961944751,0.769785115377729,0.10568205776934429
67,rainy,1,0.17555012224938876,0.9300733496332518,0.11436447983503065,0.23070548635836727,0.9300733496332518,0.48031810954654547,0.7340904836890683,0.04956134042859198
68,rainy,1,0.17389418907198612,0.6691240242844753,0.07972108347047215,0.1477940394317015,0.6678230702515178,0.38443990353721286,0.7472604440999568,0.17296056323656958
69,rainy,1,0.2054405196914332,0.6946812829882257,0.12077717454394557,0.3080632659474034,0.6914332115306536,0.5550344727558851,0.7418966092063315,0.11168270799996816
70,rainy,1,0.1765221200175208,0.9036355672360928,0.09996447552921532,0.221925114997763,0.9036355672360928,0.47108928559007046,0.761902954745323,0.08450525194747194
71,rainy,1,0.17706013363028952,0.7600222717149221,0.11628355907634787,0.304744600728378,0.7600222717149221,0.5520367747970946,0.7660071812967293,0.08046639591248526
72,rainy,1,0.2246342614440774,0.7626238791882963,0.12971815376391144,0.2766449155035059,0.7626238791882963,0.5259704511695555,0.7621412489057982,0.08566193820614608
73,rainy,1,0.1919937815779246,0.7979012825495531,0.1268296777510232,0.2567316748253131,0.7979012825495531,0.5066869593993052,0.7379185380626891,0.06639232451628145
74,rainy,1,0.21108365690081185,0.9283445111189552,0.08607701883937444,0.11935211080842624,0.9279915284151077,0.34547374836364375,0.7085333184763661,0.15110428216468372
75,rainy,1,0.17964880684376408,0.724898694281855,0.10343024403127399,0.28976930042438837,0.724898694281855,0.5383022389182386,0.748567399891704,0.0949333898349975
76,rainy,1,0.1992141453831041,0.9198428290766208,0.08918623565897288,0.10831775484732038,0.9198428290766208,0.329116628032253,0.6552565144043854,0.15831580569359377
77,rainy,1,0.2213258505787443,0.6054016134689583,0.10433416686021355,0.2033470945313106,0.49070501578393544,0.4509402338795138,0.7504797896294095,0.17234819567953452
78,rainy,1,0.20027624309392264,0.684622467771639,0.11057337266384228,0.25812995474733574,0.6606813996316758,0.5080649119426923,0.7944128055222758,0.0840140107608421
79,rainy,1,0.18823529411764706,0.7250980392156863,0.08411670881481317,0.08633086709707517,0.7250980392156863,0.2938211481447093,0.6852513564850782,0.14860284505959245
80,rainy,1,0.20120572720422006,0.7784476262245666,0.08090248878753764,0.10754265613776982,0.7362471740768651,0.3279369697636572,0.7507809134460064,0.1539828893124695
81,rainy,1,0.19825436408977556,0.37531172069825436,0.08326653026214334,0.2159110084082355,0.2169576059850374,0.46466225197258654,0.7491283959137427,0.11475233484915162
82,rainy,1,0.18257839721254354,0.5142857142857142,0.09228092246092343,0.2795330117797898,0.3947735191637631,0.5287088156819307,0.7876777581029609,0.06144018583042973
83,rainy,1,0.20194102276969017,0.5509518477043673,0.1005716696007707,0.271639333176261,0.48600223964165734,0.5211903041848159,0.7801629009882627,0.08868541817622906
84,rainy,1,0.22389705882352942,0.4716911764705882,0.10578898476104481,0.21951021978504412,0.4716911764705882,0.4685191776064712,0.7305455692615321,0.1356473471741638
85,rainy,1,0.14619412001610954,0.8884414015304067,0.07620234517360307,0.1417933450626946,0.8880386629077729,0.37655457116159746,0.7205229962977271,0.17988360064122308
86,rainy,1,0.1892974153622133,0.7480888241718238,0.11221686849873753,0.28083191214890685,0.7480888241718238,0.5299357622853046,0.7828832430529578,0.0715518533587443
87,rainy,1,0.17657906869525128,0.6537574919317658,0.0743168826073669,0.1386998917840996,0.6537574919317658,0.37242434370499955,0.7711984373783553,0.15266274329003154
88,rainy,1,0.18163511880789368,0.6959323399113975,0.0679285147488867,0.1347447155772636,0.3612565445026178,0.36707589893271886,0.770032900950445,0.36330340432588665
89,rainy,1,0.2109108621529469,0.7540185094982952,0.0933175841035209,0.16499881560715576,0.749147588894301,0.4062004623423708,0.7323618179303539,0.18791056607738077
90,rainy,0,0.17215428033866415,1.0,0.0547061520038875,0.08114613417218701,1.0,0.28486160529665455,0.5901477470113577,0.11805040611415465
91,rainy,1,0.19759556103575832,0.8212083847102343,0.09883445881628705,0.27040425466422224,0.7872996300863132,0.520004091007198,0.7549130760886213,0.11708856168854719
92,rainy,1,0.1947598253275109,0.8468704512372635,0.07984521390290049,0.10887210744995064,0.8468704512372635,0.3299577358540797,0.7095553136038932,0.20638296657818878
93,rainy,0,0.15464213854555908,0.970106352400115,0.05425015898857,0.0905632959042632,0.970106352400115,0.30093736209427896,0.6587780298592694,0.17294805246042078
94,rainy,1,0.18345111896348645,0.7040636042402827,0.08136074674408007,0.1408974542552582,0.700530035335689,0.3753630965548667,0.6842503257006888,0.16257765768262547
95,rainy,1,0.18681318681318682,0.6584496584496584,0.12806690489037476,0.33326146283913666,0.6337986337986338,0.5772880241605023,0.7946711889428039,0.09418869418869419
96,rainy,0,0.19925700776764607,0.9861533265788585,0.061047899797884664,0.08462378376171509,0.9861533265788585,0.29090167370043624,0.6049572074563551,0.1295004999635788
97,rainy,0,0.19646799116997793,1.0,0.05481095983104293,0.06293173845602873,1.0,0.25086199085558725,0.5847989932371587,0.13316143234335676
98,rainy,1,0.2086544161232958,0.507705986959099,0.08878300796792324,0.20128295581298533,0.4001185536455246,0.4486456907326597,0.6872917649287215,0.15301440078105932
99,rainy,1,0.16523400191021967,0.7039159503342884,0.076008339856743,0.10472933018080682,0.6981852913085005,0.32361911281753253,0.7756004764700134,0.1816381694352367
100,rainy,1,0.19283819628647214,0.49230769230769234,0.09512925321754676,0.21895766233170208,0.43846153846153846,0.46792912105542445,0.7222835604941211,0.12320590835803817
1,rainy,1,0.25258141382049243,0.880857823669579,0.11046068224215343,0.19844454816192963,0.8776806989674345,0.4454711530076102,0.7163093461386326,0.10905013315890295
2,rainy,0,0.15272978576364893,0.9481686247408431,0.06016926694024976,0.06967767401953512,0.9481686247408431,0.2639652894218009,0.6819818443893506,0.18349797417239183
3,rainy,0,0.16411042944785276,1.0,0.059497552868752086,0.04711712410110334,1.0,0.21706479240333595,0.6477183231345149,0.1797876819439432
4,rainy,0,0.21003963011889035,1.0,0.06314143345479958,0.053728030215440745,1.0,0.23179307628883297,0.6178337075458408,0.18198772243375552
5,rainy,1,0.28642384105960267,0.8534768211920529,0.09281710597695231,0.11650204253740734,0.8509933774834437,0.34132395541099564,0.6282240786606037,0.13193416439423453
6,rainy,1,0.22161741835147744,0.7457231726283048,0.11197682994769284,0.2574539973791183,0.7433903576982893,0.5073992485007426,0.7755796453274652,0.09747812033055835
7,rainy,1,0.20632133450395082,0.6215978928884986,0.10675911109216878,0.22902237532429165,0.3257243195785777,0.4785628227561055,0.774088221310825,0.076689218268519
8,rainy,1,0.2235294117647059,0.6227941176470588,0.11053878078676561,0.25392305913748897,0.34044117647058825,0.5039077883278735,0.7277063267318507,0.08576701268742791
9,rainy,1,0.2340876944837341,0.7963224893917963,0.10548584575144968,0.19957570269650882,0.7312588401697313,0.446738964829025,0.6951899083943882,0.08053082619186287
10,rainy,0,0.15930599369085174,0.972397476340694,0.053294628954681546,0.04296278805254379,0.972397476340694,0.20727466813999196,0.6456327390487494,0.20265973897445413
11,rainy,0,0.21523668639053253,0.7403846153846154,0.06778775960357128,0.0709412081315101,0.5340236686390533,0.26634790806670533,0.6529892566211876,0.19293711567467225
12,rainy,0,0.18337912087912087,0.9828296703296703,0.06357358580926895,0.04597184804424149,0.9828296703296703,0.21441046626562213,0.6138346332452335,0.18601863822452055
13,rainy,0,0.18745493871665464,0.8002883922134102,0.06026833741664102,0.05147200538903355,0.5335255948089401,0.226874426476484,0.6353567018248776,0.21527347781217748
14,rainy,1,0.26951219512195124,0.5426829268292683,0.11432352279060343,0.1773757607070543,0.3603658536585366,0.42116001793505314,0.7106717594778527,0.10827355332376853
15,rainy,0,0.15593434343434343,0.9015151515151515,0.04848823999823739,0.04899723637251744,0.9015151515151515,0.22135319372558745,0.5986341538161063,0.19100316894434544
16,rainy,1,0.24293286219081273,0.7058303886925795,0.09643941730921689,0.15342702883756928,0.700530035335689,0.3916976242429475,0.7633734831772875,0.07948797893715791
17,rainy,0,0.16950672645739912,0.9865470852017937,0.05211730626172898,0.04970375595976251,0.9865470852017937,0.22294339182797615,0.6269749258109872,0.23328585245757497
18,rainy,1,0.260932944606414,0.672740524781341,0.12455216321738444,0.19020954713070765,0.6712827988338192,0.43613019516046775,0.702518268890172,0.10613674041044989
19,rainy,1,0.23790322580645162,0.5259216589861752,0.10970364919679484,0.2134581522311236,0.41647465437788017,0.46201531601357504,0.6891118461433348,0.1011814403180627
20,rainy,1,0.2054607508532423,0.5344709897610922,0.1046645461911955,0.2646540648866639,0.28532423208191127,0.5144453954373233,0.7649807774592384,0.07547346583684668
21,rainy,0,0.16394716394716394,0.9269619269619269,0.052744998526466344,0.04886470140024224,0.9269619269619269,0.22105361657354136,0.6704531300011477,0.199932964638847
22,rainy,1,0.2611111111111111,0.8290123456790124,0.1020193151462761,0.12872437403901435,0.821604938271605,0.3587817916770782,0.6830491263273267,0.33311062696683613
23,rainy,1,0.2473997028231798,0.8729569093610698,0.08742939028989707,0.14328598897424394,0.8729569093610698,0.37853135798008064,0.6770355292913428,0.16438831104507182
24,rainy,1,0.21003134796238246,0.7554858934169278,0.08449055410047576,0.16528280993239242,0.7554858934169278,0.40654988615469123,0.7369801989836037,0.13484848484848483
25,rainy,1,0.2288202692003167,1.0,0.09178519252043069,0.13522742849916225,1.0,0.3677328221673478,0.7494484417395468,0.4113144862062006
26,rainy,1,0.18259162303664922,0.8396596858638743,0.10489937939454357,0.23317973326105373,0.8396596858638743,0.48288687418592535,0.7637644475471995,0.09446155425520994
27,rainy,1,0.1984126984126984,0.8936507936507937,0.1178144402541077,0.26352334149830353,0.8936507936507937,0.5133452459099076,0.7528498279412815,0.09775599128540305
28,rainy,1,0.2451564828614009,0.710134128166915,0.08528136337610491,0.132744840643638,0.7049180327868853,0.36434165373127186,0.7290120733814575,0.47315391134098944
29,rainy,1,0.22589345920431558,0.8192852326365475,0.0871048069683633,0.12498833744841407,0.8192852326365475,0.3535368968699223,0.6969211315246802,0.15063530469504055
30,rainy,0,0.23082386363636365,1.0,0.06619292044763912,0.06296301423398622,1.0,0.250924319734031,0.7142756710821988,0.10985405525846702
31,rainy,1,0.27669172932330827,0.7458646616541353,0.13748302229181714,0.2145954069205761,0.7458646616541353,0.46324443539083776,0.7232363787940271,0.11171752911690992
32,rainy,1,0.22747047855811062,0.9720323182100684,0.09102899892091793,0.1612431942363192,0.9720323182100684,0.40155098584901916,0.767648276276936,0.06805103644938397
33,rainy,1,0.22146401985111663,0.6687344913151365,0.10576496195438026,0.20834439914631256,0.5638957816377171,0.45644758641744676,0.709806520917166,0.08313628180800857
34,rainy,0,0.13114754098360656,1.0,0.0588440552008075,0.04548847011614828,1.0,0.2132802619000368,0.5182035676643698,0.11335404835886995
35,rainy,0,0.11609498680738786,1.0,0.048505662429105374,0.03234443168917311,1.0,0.17984557734115428,0.5834634347070716,0.12646903616327798
36,rainy,0,0.1812933025404157,0.9543879907621247,0.053297712899684775,0.03655132050715064,0.9543879907621247,0.19118399647237905,0.6316085377168732,0.12568718018385183
37,rainy,1,0.2111111111111111,0.5621212121212121,0.0923545630378334,0.17949164774239976,0.3287878787878788,0.42366454624195277,0.8093904840479795,0.06420677361853831
38,rainy,1,0.21739130434782608,0.4805735430157262,0.08899572922943859,0.11681024706089346,0.32007400555041626,0.34177514108093565,0.7362638567587093,0.13404073932995955
39,rainy,0,0.1128456735057984,1.0,0.053605627016217884,0.03881315745553238,1.0,0.19701055163501363,0.6078802927391114,0.12262335799618687
40,rainy,1,0.20471740097908322,0.6288384512683578,0.09749242887002953,0.15491524303418774,0.6172674677347575,0.39359273752724117,0.7136241621296373,0.15769697287014492
41,rainy,1,0.17551813471502592,0.7933937823834197,0.0753230168889052,0.10722814385176747,0.6398963730569949,0.3274570870385423,0.6944675533805788,0.14454688611195776
42,rainy,1,0.2331354560172693,0.9541284403669725,0.09761724985138745,0.11339312182742764,0.9541284403669725,0.3367389520495478,0.6591108692188494,0.1544035639080241
43,rainy,0,0.18351577591757887,1.0,0.07266498621340751,0.08183039682477478,1.0,0.28606012798846114,0.6821045702541569,0.08975670113505801
44,rainy,1,0.22195416164053075,0.8232810615199035,0.12165759241456538,0.20073173560394264,0.8232810615199035,0.44803095384576125,0.7328703542717997,0.09728943447101399
45,rainy,1,0.22344110854503466,0.9122401847575058,0.08526764002981309,0.12111584841838083,0.9122401847575058,0.34801702317326494,0.6154817418323889,0.17164787393017253
46,rainy,1,0.20969914683430624,0.8607992815446789,0.11524716250578448,0.2740311133969968,0.8599012123933543,0.5234798118332711,0.7255369967069244,0.1151447916391523
47,rainy,1,0.1875,0.7958333333333333,0.08761197643144651,0.1498010540150156,0.7958333333333333,0.38704141124047126,0.7541361380563377,0.19519403594771242
48,rainy,1,0.17895725692813527,0.8121183654297792,0.0843002411951554,0.16486794738449553,0.8121183654297792,0.406039342163411,0.7304400283341717,0.41112553992945233
49,rainy,1,0.21909000989119684,0.8620178041543026,0.10174521874120523,0.14969061581000445,0.8615232443125618,0.3868987151826747,0.6957405307724944,0.37219216074164585
50,rainy,1,0.20643729189789123,0.881243063263041,0.07732930640293961,0.10530284489255438,0.881243063263041,0.3245039982689803,0.6767529482579956,0.3363626471676351
51,rainy,1,0.19623655913978494,0.8440860215053764,0.0809752961806617,0.11511989105286888,0.842741935483871,0.33929322282189617,0.6956816436581507,0.15484749455337693
52,rainy,1,0.2222222222222222,0.8278041074249605,0.10180913797863748,0.1705496631234637,0.8278041074249605,0.4129765890743248,0.7229753562352242,0.1264194777437041
53,rainy,1,0.2723404255319149,0.8047281323877069,0.09901419067684837,0.13344300141310916,0.8047281323877069,0.3652985100066919,0.6985134576970575,0.13951513465906457
54,rainy,1,0.1921641791044776,0.6744402985074627,0.103798561979262,0.25344534930862656,0.6618470149253731,0.5034335599745279,0.7472289374607054,0.08872000292654375
55,rainy,1,0.23881373569198752,0.7268470343392299,0.09371222930826106,0.13405418579223632,0.40738813735691987,0.36613410902596377,0.6606934994222524,0.14337801717981677
56,rainy,1,0.22200864968765016,0.7078327727054301,0.10016572296571019,0.2319692282954656,0.6842864007688612,0.4816318389553016,0.7285897493762427,0.0906596564622966
57,rainy,1,0.17541834968263129,0.6226197345643393,0.08318887900013996,0.2540542406589813,0.5614541257934218,0.5040379357339895,0.7484517075204203,0.07556656823144722
58,rainy,1,0.2202020202020202,0.7419191919191919,0.08734891572964433,0.13167519026552266,0.7414141414141414,0.3628707624837287,0.7236842121724751,0.12779362249950485
59,rainy,1,0.21610169491525424,0.670021186440678,0.07470858431534481,0.09462133705231929,0.6520127118644068,0.30760581439940193,0.7135988437866922,0.3555292455965437
60,rainy,1,0.17644084934277046,0.5844287158746209,0.09015545880887335,0.23182290743246853,0.36501516683518703,0.48147991384113686,0.7942691507229717,0.07545748329665537
61,rainy,1,0.20011435105774728,0.8467695826186392,0.08335871875645379,0.09814612427990023,0.8313321898227558,0.31328281836050353,0.6464866841138118,0.15867442460117265
62,rainy,1,0.1990975747320925,0.763677382966723,0.09931233640162954,0.18837384080715822,0.763677382966723,0.434020553438611,0.7631284280832207,0.08730964467005076
63,rainy,1,0.20299946438136046,0.6234600964113551,0.09340921789951077,0.20831588318996722,0.4038564542046063,0.45641634851302954,0.7547152262052771,0.09765062961445961
64,rainy,1,0.21105072463768115,0.6209239130434783,0.10977589013736928,0.2439643443730664,0.6168478260869565,0.49392746873712784,0.7798603653693424,0.10175298380221655
65,rainy,1,0.22937293729372937,0.6226622662266227,0.11564597776451396,0.22134046336285118,0.6199119911991199,0.4704683446979735,0.7281934620907321,0.11750900580254105
66,rainy,1,0.18906810035842295,0.8588709677419355,0.10620510321507859,0.22961825399009203,0.8539426523297491,0.4791849893205045,0.7470649928994159,0.10181319839763862
67,rainy,1,0.2058679706601467,0.8440097799511003,0.07898868017190583,0.13304087495107797,0.8440097799511003,0.3647476866973634,0.6180960556049883,0.16801764226472984
68,rainy,1,0.202081526452732,0.9618386816999133,0.09754010666810956,0.18889809380710063,0.9618386816999133,0.4346240833261551,0.6950970190774244,0.09238814346206825
69,rainy,1,0.2050345107592367,0.6906211936662606,0.11813922170858097,0.29772530524613144,0.6881851400730816,0.5456421036229989,0.7403046117027867,0.11783016089099058
70,rainy,1,0.17257993867717916,0.7879982479194043,0.0700660148216891,0.1119093179628868,0.7844940867279895,0.33452850097246845,0.7105000322506626,0.17934777940961755
71,rainy,1,0.18541202672605792,0.8095768374164811,0.11752784663049409,0.2996888378922725,0.8090200445434298,0.5474384329696559,0.7474888097516009,0.08772653827678065
72,rainy,1,0.21897121283624352,0.6616328456819255,0.07706208782093793,0.11569050327988943,0.656441717791411,0.3401330670192027,0.7155827471994992,0.16805559411116971
73,rainy,1,0.2300816167897396,0.6424407306645938,0.07999199436655281,0.14958576024832237,0.5934706568208317,0.38676318367745705,0.687229096077113,0.15691608940505855
74,rainy,1,0.1906106600776562,0.9057536180727145,0.08212678563773675,0.12725487900786175,0.9057536180727145,0.35672801825461053,0.7248198553072264,0.14321546479516623
75,rainy,1,0.16974335884736605,0.825303917154435,0.11219809753404043,0.2571128046226484,0.825303917154435,0.5070629197867346,0.8036639759393625,0.06161859611021356
76,rainy,1,0.21453831041257368,0.7143418467583497,0.08536474464490519,0.14499625875051053,0.7143418467583497,0.3807837427602583,0.7234893505448817,0.14224122654955892
77,rainy,1,0.2188705717292178,0.568572430726061,0.10262343130016403,0.2440009763755664,0.4398456681866012,0.49396454971542886,0.761552491682363,0.09335286552362088
78,rainy,1,0.2104051565377532,0.7849907918968693,0.1100650089680274,0.22956200964276996,0.7849907918968693,0.47912629821662883,0.760841405960243,0.08146101903007981
79,rainy,1,0.2172549019607843,0.6807843137254902,0.09178428355789231,0.09880368963228144,0.6690196078431373,0.3143305419972444,0.6637143365570916,0.16236063052672048
80,rainy,1,0.16729464958553128,0.7362471740768651,0.0886054038376654,0.19453128694600527,0.7362471740768651,0.44105701099291605,0.7770856152977389,0.07324053962202816
81,rainy,1,0.20885286783042395,0.408354114713217,0.08222197744854595,0.17589697076894228,0.21820448877805487,0.4194007281454603,0.731320141777484,0.13070876729744266
82,rainy,1,0.1954703832752613,0.5696864111498258,0.09394193428568105,0.2765365079785166,0.5696864111498258,0.5258673863043006,0.7903425254726142,0.06502425360388057
83,rainy,1,0.17170586039567,0.7248973497573722,0.06837329256901377,0.11851255426526718,0.5882792086599478,0.34425652392549827,0.7327414478775911,0.4705618865687372
84,rainy,1,0.17536764705882352,0.4742647058823529,0.08389111541855432,0.23626885586159968,0.3375,0.4860749488109829,0.7954410614868483,0.1053215109573241
85,rainy,1,0.1518324607329843,0.8751510269834877,0.07464091762440098,0.11614555011486191,0.8747482883608538,0.340801335259799,0.715754798230421,0.1698625160898028
86,rainy,1,0.1878412813978886,0.7841281397888605,0.1078467048576988,0.26253559329228493,0.7841281397888605,0.5123822726171202,0.7837425950450652,0.07555907692527321
87,rainy,1,0.21023513139695713,0.8082065467957584,0.08626719307819077,0.21305783655244437,0.8049792531120332,0.4615818849916495,0.6916137958071656,0.10453900324537377
88,rainy,1,0.16834474426097462,0.6480064438179621,0.06933668003099963,0.15587055378222162,0.3270237615787354,0.3948044500537217,0.7804788123173155,0.327750270466624
89,rainy,0,0.2289332683877253,1.0,0.07339982300085149,0.10067740103854018,1.0,0.3172970233685469,0.6626497296009412,0.15028604720017574
90,rainy,1,0.20570711821887738,0.7996237064910631,0.11443820566014701,0.2626992566573506,0.7993101285669489,0.5125419559971169,0.7134022572149438,0.10113933312428137
91,rainy,1,0.19266337854500618,0.7928483353884094,0.103128847464425,0.28021411644329364,0.7583230579531443,0.5293525445705288,0.7246202451519448,0.1130050047145862
92,rainy,1,0.21513828238719068,0.7388646288209607,0.08940198027934526,0.14528521069652453,0.7385735080058224,0.38116297130823784,0.72102254917848,0.2010503182350087
93,rainy,0,0.20896809427996552,0.9764300086231675,0.06640553558073034,0.11774126590480967,0.9764300086231675,0.34313447204384706,0.7334221633426286,0.1764491712177829
94,rainy,1,0.1787396937573616,0.697585394581861,0.08058718620050405,0.15699699866290137,0.6884570082449941,0.3962284677593237,0.6798783372878653,0.15762604217187465
95,rainy,1,0.18711018711018712,0.7047817047817048,0.12970817394956483,0.326338257957814,0.7000297000297,0.5712602366328449,0.782568269506249,0.0949713773243185
96,rainy,0,0.2613981762917933,0.9547450185748058,0.08607196745729546,0.12436878905285485,0.9547450185748058,0.3526595937343189,0.6806472084873687,0.12900914502917007
97,rainy,0,0.2683695994954273,1.0,0.08344924994662438,0.09545925660096431,1.0,0.30896481450314744,0.6740745747670268,0.14884399675985183
98,rainy,1,0.18672199170124482,0.5145228215767634,0.08273193149564301,0.16854855833852855,0.4466508595139301,0.4105466579312619,0.696135164313121,0.1777781652079919
99,rainy,1,0.18529130850047756,0.6771728748806113,0.07573283253207086,0.09537204719093892,0.6771728748806113,0.3088236506340454,0.6606625250702667,0.2004894157599366
100,rainy,0,0.2236074270557029,0.5183023872679046,0.07909000615299798,0.11821035949848062,0.37374005305039787,0.3438173344938859,0.7109358523017096,0.16552036199095022
1,rainy,1,0.24861000794281177,0.886417791898332,0.11798937755645296,0.1774842156578848,0.8832406671961874,0.42128875567463797,0.7452201071736291,0.3731688704075753
2,rainy,1,0.248790601243953,0.6897028334485141,0.10138589477065897,0.15732401411151734,0.6793365583966828,0.3966409133101594,0.7532876352921318,0.14806292938737348
3,rainy,0,0.14493865030674846,0.8773006134969326,0.05014554319469014,0.0935557656387106,0.8773006134969326,0.30586887000593993,0.6960308845753134,0.2159449055695898
4,rainy,1,0.26420079260237783,0.7945838837516512,0.10884918017264744,0.12189694842554187,0.7945838837516512,0.3491374348670475,0.7325011507483995,0.1605486051752273
5,rainy,1,0.22433774834437087,0.8294701986754967,0.11277131290844483,0.23754618938501063,0.8294701986754967,0.4873871042457018,0.7525024375807153,0.06879626022594468
6,rainy,1,0.29082426127527217,0.786158631415241,0.11904359645159587,0.13367371023361047,0.786158631415241,0.3656141548594781,0.6980962189071059,0.12434056048546946
7,rainy,1,0.2976294995610184,0.7357330992098332,0.1345755712127356,0.1308788454305708,0.655838454784899,0.36177181403554753,0.6904824462389476,0.1426225275009038
8,rainy,1,0.28161764705882353,0.7205882352941176,0.10370718781340905,0.16147996724709288,0.5485294117647059,0.40184570079458715,0.7114475958541904,0.0997491349480969
9,rainy,1,0.2454031117397454,0.6025459688826026,0.11204274122071199,0.20380745487251725,0.6025459688826026,0.4514503902673219,0.6941642240911524,0.1311423579332723
10,rainy,1,0.23501577287066247,0.6017350157728707,0.10082220741918294,0.24573260868157093,0.28785488958990535,0.4957142409509444,0.7213444526214395,0.08293437248716522
11,rainy,1,0.2818047337278107,0.5806213017751479,0.10773455828029552,0.1602773399834192,0.5362426035502958,0.4003465248799085,0.7543320616553115,0.1428529991878408
12,rainy,1,0.25618131868131866,0.7142857142857143,0.1094673700774211,0.13963743215699087,0.7012362637362637,0.373680922923543,0.7078741533983408,0.12479799612152553
13,rainy,1,0.2869502523431867,0.8284066330209084,0.10209461693120948,0.11677134046501843,0.8168709444844989,0.3417182179296539,0.6991454840978062,0.1283797729618163
14,rainy,1,0.24390243902439024,0.4585365853658537,0.09755503703508359,0.19316790332094394,0.276219512195122,0.4395087067635224,0.7600644162782807,0.1015949306551889
15,rainy,1,0.273989898989899,0.6262626262626263,0.10622706631812148,0.12755547268282025,0.5138888888888888,0.35714909027298425,0.6816374583177404,0.1349747474747475
16,rainy,1,0.23056537102473498,0.7014134275618374,0.11945322655664088,0.20650790293184454,0.7014134275618374,0.45443140619002614,0.7554075816265672,0.050308321208342
17,rainy,1,0.2609865470852018,0.5865470852017938,0.12261329829810586,0.2399792000083745,0.3811659192825112,0.4898767191940994,0.7618013519695518,0.08609513760661215
18,rainy,1,0.29518950437317787,0.576530612244898,0.10980632562491492,0.20119704060830712,0.39941690962099125,0.4485499310091432,0.7373027911561094,0.1039044189104213
19,rainy,1,0.24596774193548387,0.5961981566820277,0.10790727606425735,0.14475890635783398,0.5547235023041475,0.3804719521302904,0.7206204361837534,0.12908647329899703
20,rainy,1,0.28532423208191127,0.6668941979522184,0.11044288525647279,0.13253850618654395,0.6655290102389079,0.36405838293678106,0.7156449397056623,0.13009168172388408
21,rainy,1,0.21212121212121213,0.7754467754467754,0.1039985858582314,0.18493388643460026,0.7466977466977467,0.43003940102576677,0.7126207006903367,0.08373630726571904
22,rainy,1,0.29814814814814816,0.7432098765432099,0.1176769443582808,0.17679132440649112,0.7234567901234568,0.42046560430847507,0.6746119996813378,0.37326071169208425
23,rainy,1,0.25334323922734026,0.8417533432392273,0.12635703571091256,0.2317785849584621,0.8417533432392273,0.48143388430651834,0.7074961700283582,0.08297642979925997
24,rainy,1,0.1920062695924765,0.46316614420062696,0.08984168466168073,0.1613168827059292,0.4106583072100313,0.4016427301793588,0.7429783941952561,0.14224906263445816
25,rainy,1,0.222486144101346,0.9303246239113222,0.1284715672289281,0.2448279307551848,0.9303246239113222,0.4948009001155766,0.7331625643112287,0.053604086131681494
26,rainy,1,0.21858638743455497,0.8691099476439791,0.12924689637994377,0.23020902455625122,0.8691099476439791,0.47980102600583424,0.739716460054263,0.06471358176778566
27,rainy,1,0.2357142857142857,0.6095238095238096,0.09949222744569719,0.14249451050330567,0.6079365079365079,0.3774844506775155,0.7509642565388372,0.1575505757858699
28,rainy,1,0.30178837555886734,0.9210134128166915,0.12099419244771244,0.12930983229989432,0.9210134128166915,0.3595967634724961,0.6816756283320815,0.3591186698226235
29,rainy,1,0.24477410654079568,0.7633175994605529,0.09334699032029274,0.1455773825058228,0.7599460552933244,0.38154604244549933,0.7585717891283371,0.3292478151071622
30,rainy,1,0.2294034090909091,0.8387784090909091,0.12223989917828894,0.22595695361427262,0.8387784090909091,0.4753492964276613,0.7404159729542831,0.060196635472370766
31,rainy,1,0.2578947368421053,0.9345864661654135,0.09866986611245619,0.09414979806272626,0.9345864661654135,0.306838390790211,0.6702960770886296,0.10784903435058234
32,rainy,1,0.2517091361093847,0.90863890615289,0.09858157445846677,0.15363613977158944,0.90863890615289,0.39196446238350413,0.6112183143164028,0.08041287366407097
33,rainy,1,0.22456575682382135,0.6656327543424317,0.10881379052638299,0.2079375041926001,0.35049627791563276,0.45600164933100856,0.7469779755741646,0.062192867221330224
34,rainy,1,0.25925925925925924,0.6478445658773527,0.10817741276462764,0.1195699367930859,0.6478445658773527,0.34578886158042443,0.6907292927347201,0.11616605354953152
35,rainy,1,0.22427440633245382,0.4575197889182058,0.10152100389940247,0.1729915355976551,0.3108179419525066,0.41592251153027904,0.7319747925349099,0.12157483573904497
36,rainy,1,0.24307159353348728,0.6345265588914549,0.11811336559431038,0.2006092671674852,0.42609699769053117,0.44789425891328993,0.7432370306876016,0.06335189965131549
37,rainy,1,0.22171717171717173,0.7828282828282829,0.08828163851498062,0.15499070650897104,0.7828282828282829,0.3936885907782584,0.5538685334374067,0.08199445434739552
38,rainy,1,0.21646623496762257,0.7738205365402405,0.10572254773914845,0.20090086770136617,0.7738205365402405,0.44821966456344386,0.6937278779303019,0.06817579945946926
39,rainy,1,0.19000892060660124,0.7618198037466548,0.08381983642000763,0.12469036591439674,0.4201605709188225,0.3531152303631164,0.7110955121920647,0.1324482692274055
40,rainy,1,0.21539830885625277,0.6942590120160214,0.09990716574954595,0.18283627259970284,0.6942590120160214,0.42759358344075143,0.7301119468065638,0.11248811050900111
41,rainy,1,0.22020725388601037,0.7655440414507773,0.07497498838925992,0.15441651729057718,0.7655440414507773,0.3929586712245668,0.6615782335604825,0.29306867824850147
42,rainy,1,0.17323259579060982,0.7976254722072316,0.08982856770026454,0.2013898500470328,0.7976254722072316,0.44876480482211706,0.7990081175615894,0.06436409426155783
43,rainy,1,0.1905988409529942,0.798454603992273,0.10666173084611885,0.2308625922129147,0.798454603992273,0.4804816252604408,0.700453472197125,0.0798631364973549
44,rainy,1,0.20506634499396864,0.8051869722557298,0.08075032227508465,0.12951315348164624,0.40349819059107356,0.35987935962159073,0.6669860458304873,0.08809101445161902
45,rainy,1,0.2476905311778291,0.6899538106235565,0.10036835004643278,0.15002529727290587,0.6899538106235565,0.3873309918827899,0.7174113786893199,0.13210161662817552
46,rainy,0,0.16344858554108666,0.9016614279299506,0.06283361711061172,0.16511775503321274,0.8944768747193534,0.40634684080624117,0.7005785036504308,0.1880151791295773
47,rainy,1,0.2046875,0.9036458333333334,0.09460144576399379,0.23271905955975802,0.9036458333333334,0.4824096387508836,0.7751551076622072,0.08246119281045751
48,rainy,1,0.2287458900892438,0.810239549084077,0.09243886705207023,0.13596828143246698,0.810239549084077,0.36873877126289145,0.6538491066309626,0.13887399957634533
49,rainy,1,0.2571711177052423,0.8763600395647874,0.09471094109748725,0.14208453867732,0.8763600395647874,0.37694102811622937,0.6845514862892219,0.40653012936133903
50,rainy,1,0.18201997780244172,0.9189789123196448,0.08681977781157225,0.18311338866770688,0.9189789123196448,0.4279175021750184,0.7378838281123543,0.07000718156296924
51,rainy,1,0.1778673835125448,0.7939068100358423,0.09328476563497225,0.23458897129249476,0.7939068100358423,0.4843438564620127,0.7974849524154206,0.08976034858387799
52,rainy,1,0.20853080568720378,0.8862559241706162,0.09455479308638241,0.20715589178578853,0.8862559241706162,0.45514381439912865,0.7345412143399072,0.08910572127745253
53,rainy,1,0.22505910165484633,0.8458628841607565,0.09935566752259989,0.213211175399604,0.8458628841607565,0.4617479565732847,0.7204137926959823,0.08815278357205766
54,rainy,1,0.2462686567164179,0.5699626865671642,0.08961202974206937,0.15347091063847473,0.29617537313432835,0.39175363513115574,0.7283105933346645,0.11739464442493415
55,rainy,1,0.20031217481789804,0.6919875130072841,0.09932760243612604,0.248700739604297,0.6269510926118627,0.4986990471259164,0.7704079419732446,0.08199383811797352
56,rainy,1,0.2340221047573282,0.8567996155694377,0.0974919166758456,0.135528346585677,0.8495915425276309,0.36814174795271043,0.6691808654016634,0.27847659967398786
57,rainy,1,0.23889209463358338,0.6497403346797461,0.10947212265423263,0.1513033850821447,0.3323716099249856,0.38897735805846684,0.6946896159701273,0.12521412488827038
58,rainy,1,0.19494949494949496,0.48484848484848486,0.08905485395265968,0.2312026348400843,0.26515151515151514,0.4808353510715329,0.7779605495084673,0.08650821944939592
59,rainy,1,0.1875,0.5609110169491526,0.08376535159665341,0.24046923750461258,0.3490466101694915,0.49037662822020034,0.7583980997211494,0.08663177135260883
60,rainy,1,0.19211324570273003,0.6435793731041456,0.08920660707730808,0.20468415751581406,0.41456016177957533,0.45242033278336863,0.782319621649392,0.09065405737623665
61,rainy,1,0.252715837621498,0.7398513436249285,0.08132919000879037,0.1082019425785701,0.7398513436249285,0.3289406368610758,0.6869890631679624,0.2313994551508425
62,rainy,1,0.2239142695995488,0.7969543147208121,0.10262719772313515,0.1689036729795108,0.7969543147208121,0.41097892035907485,0.7536797748004926,0.1306636585824403
63,rainy,1,0.2110337439742903,0.6009641135511515,0.09817718624286334,0.21179172111667632,0.34333154793786824,0.46020834533575805,0.7723260868512365,0.07674889988132372
64,rainy,1,0.21557971014492755,0.7835144927536232,0.10556991598575616,0.22714008736198515,0.7835144927536232,0.4765921604076017,0.7687711931351862,0.08974495595339585
65,rainy,1,0.24642464246424642,0.7172717271727173,0.1081707703105162,0.14507992878347722,0.6782178217821783,0.38089359246839166,0.7138743705202862,0.14248797428762486
66,rainy,1,0.21012544802867383,0.742831541218638,0.10685057293556467,0.20520823218285525,0.7114695340501792,0.45299915251891504,0.6932574607308087,0.13945814885093824
67,rainy,1,0.16528117359413202,0.9168704156479217,0.1186457765118483,0.2801164236458324,0.9168704156479217,0.5292602607846468,0.7863104066782026,0.0572433961359605
68,rainy,1,0.21335646140503037,0.9384215091066782,0.11456830832741029,0.24596123969786415,0.9384215091066782,0.49594479501035615,0.7142510470406224,0.07217148784925939
69,rainy,1,0.19407226958993098,0.6950872919204223,0.10357601461227509,0.26468575727331456,0.6918392204628502,0.5144761969939081,0.7723504247548236,0.09283593258659534
70,rainy,1,0.21550591327201052,0.8821725799386771,0.08679997276618516,0.13192041205856925,0.8821725799386771,0.36320849667727934,0.6963984530731369,0.4147415251689813
71,rainy,1,0.19042316258351893,0.8257238307349666,0.11504253029302289,0.30045052736161143,0.8257238307349666,0.5481336765439717,0.7453880671964723,0.08461723219354557
72,rainy,1,0.219443133553563,0.7791411042944786,0.1259342159901367,0.26415505892999586,0.7791411042944786,0.5139601725133921,0.7426477221186414,0.07288121477944647
73,rainy,1,0.192382432957637,0.813447337738049,0.123958468080125,0.2608163049956467,0.6696463272444617,0.5107017769654288,0.7539720577666774,0.06737385976543747
74,rainy,1,0.1944934698199788,0.8824567596187787,0.09297107414958798,0.22858978274782116,0.8810448288033886,0.478110638605565,0.7451538327102277,0.0860101188375103
75,rainy,1,0.23322827555155334,0.9261593876632148,0.10251476958613964,0.12814925856529188,0.9243583971184152,0.35797941081197937,0.5942820503725382,0.13037052731943743
76,rainy,1,0.2082514734774067,0.656188605108055,0.10691392869064202,0.2433462154377591,0.6554027504911591,0.4933013434380238,0.7751284200361869,0.12031588273816403
77,rainy,1,0.20168361978253244,0.6759031918625044,0.10562896247127755,0.25825165494421737,0.6759031918625044,0.5081846661836791,0.6986080355327157,0.09767333099497252
78,rainy,1,0.23802946593001842,0.8922651933701657,0.09286808068377886,0.09975684596016879,0.8922651933701657,0.3158430717305174,0.6964380199365287,0.13446538836529087
79,rainy,1,0.20823529411764705,0.7368627450980392,0.09640301162725717,0.23364261313152412,0.7368627450980392,0.4833659205317687,0.7140617818780779,0.06738331410995771
80,rainy,1,0.17558402411454407,0.6646571213263,0.08243817755578195,0.203619564333153,0.44913338357196686,0.4512422457318829,0.7456005708881028,0.07837670109490669
81,rainy,1,0.23223192019950126,0.779925187032419,0.09628493981519236,0.14973292696971924,0.779925187032419,0.3869533912110336,0.6857777896950144,0.147248300816586
82,rainy,1,0.22717770034843204,0.6038327526132404,0.10719166938583181,0.19450568314902217,0.5982578397212543,0.4410279845418226,0.6672063626069877,0.1362997882079661
83,rainy,1,0.22247107129525942,0.8245614035087719,0.1023947546428237,0.1370163714697105,0.8167226577081,0.3701572253377077,0.7174597006190738,0.13991465940612902
84,rainy,1,0.2099264705882353,0.7731617647058824,0.10904046432664721,0.27110521917974056,0.7731617647058824,0.5206776538125489,0.7113199812881938,0.09224048442906574
85,rainy,1,0.20620217478856223,0.6427708417237213,0.09528444142920081,0.2651981280220282,0.37776882803060813,0.514973910040138,0.7703341520039246,0.10104159263383163
86,rainy,1,0.18820531488896977,0.63887877684747,0.08931486476644546,0.2969135505666843,0.5631598107025846,0.5448977432203993,0.7909240298863348,0.08723527270391228
87,rainy,1,0.1908713692946058,0.8487782388197326,0.09041683235320663,0.19668496278356276,0.8487782388197326,0.44349178434731207,0.776194058157153,0.14667642990806282
88,rainy,1,0.1558598469593234,0.8183648811921064,0.08388456567494872,0.1413509212126838,0.8183648811921064,0.37596664906967986,0.721793428682482,0.13127541794003142
89,rainy,1,0.2143205065757428,0.7243058938139308,0.08932656964015923,0.1712826464570125,0.7150511446663419,0.4138630769433443,0.7571034556046334,0.14215256487397687
90,rainy,1,0.20821574161179052,0.825964252116651,0.10986270564819883,0.254263418220247,0.810598933835058,0.5042453948428751,0.7133517426778317,0.08192376982150654
91,rainy,1,0.19821208384710234,0.7919235511713933,0.10419286795257791,0.27268252723916353,0.7919235511713933,0.5221901255665062,0.7214551298087915,0.09620778027610552
92,rainy,1,0.22503639010189228,0.6847161572052402,0.08782479650918416,0.14197955242091637,0.6847161572052402,0.3768017415311617,0.711763709406748,0.16395353483460343
93,rainy,0,0.24029893647599884,0.9942512216154067,0.05863872690378984,0.10782068035149248,0.9942512216154067,0.32836059500416986,0.7311653634268457,0.1702664164257252
94,rainy,1,0.18197879858657243,0.6987632508833922,0.07985204488102264,0.1360579446644603,0.6955241460541813,0.36886033219154957,0.7134371768417792,0.12656989768816831
95,rainy,1,0.2191862191862192,0.7876447876447876,0.12404786889816909,0.289188516895541,0.7876447876447876,0.537762509752717,0.749493085447776,0.08708165178753415
96,rainy,0,0.2779466396487673,0.978047956771361,0.07704193055245794,0.09429402511815185,0.978047956771361,0.30707332205542026,0.6516527611200404,0.13179569700220514
97,rainy,0,0.28445285398927783,0.9981078524124882,0.07019270387698191,0.06572382576686864,0.9981078524124882,0.25636658473145174,0.6337678782006946,0.1255087465449756
98,rainy,1,0.2237700059276823,0.6055127445168939,0.09661355616686935,0.1727026229688393,0.5909899229401304,0.4155750509460828,0.7352841630434489,0.15199739646896104
99,rainy,1,0.21712830308818848,0.6182744348933461,0.09162249495775356,0.12998491478237598,0.609360076408787,0.36053420750654985,0.6978094679713612,0.1787878220374428
100,rainy,1,0.21777188328912467,0.5819628647214854,0.09711180410333954,0.20219469443597152,0.5803713527851458,0.4496606436369226,0.6933673287429737,0.12212097571123941
1,rainy,0,0.20254169976171565,1.0,0.06256917969280824,0.07575109097917966,0.9968228752978554,0.2752291608445218,0.6943087295970817,0.14245043529723247
2,rainy,0,0.13337940566689702,1.0,0.052957108266358396,0.05776354501984102,1.0,0.24034047728137892,0.6073205222310538,0.1334200577259238
3,rainy,0,0.17024539877300612,1.0,0.05722944091173708,0.06287654916610749,1.0,0.25075196742220685,0.6711578830984825,0.14144412366173464
4,rainy,1,0.2404227212681638,0.7404227212681638,0.10360127244985146,0.14421081747691578,0.7166446499339498,0.3797509940433544,0.730495998251048,0.10966664076462818
5,rainy,1,0.22350993377483444,0.8824503311258278,0.10722705983841295,0.18976545622716554,0.8824503311258278,0.4356207711153883,0.7396368689011591,0.07271782885339566
6,rainy,1,0.19517884914463451,0.6998444790046656,0.10528468682745391,0.2377431151370634,0.6936236391912908,0.4875890843087685,0.7986229311003733,0.07991034672033666
7,rainy,0,0.15539947322212466,0.9236172080772608,0.04717541868784062,0.06127242498975251,0.5715539947322212,0.24753267459014883,0.6447986804588614,0.17951075074454717
8,rainy,1,0.24558823529411763,0.6338235294117647,0.09955552315736343,0.2124438484532832,0.3176470588235294,0.4609163139370131,0.7211182291750552,0.0660322952710496
9,rainy,0,0.10891089108910891,0.9066478076379066,0.05034079152508278,0.06256593768134584,0.5891089108910891,0.2501318405988047,0.7000439785616331,0.15308261918628838
10,rainy,0,0.13012618296529968,0.9384858044164038,0.05202872551801899,0.0534950304468282,0.6167192429022083,0.23128992724895783,0.6455157828626941,0.18001484505474113
11,rainy,0,0.19822485207100593,0.9149408284023669,0.05535875133932365,0.06137559890732666,0.6479289940828402,0.24774099157653878,0.6252303471251064,0.15968209769114747
12,rainy,0,0.1778846153846154,0.9285714285714286,0.05887971461876389,0.06165425109595991,0.6833791208791209,0.24830274081443382,0.6080662119138819,0.15382460676578322
13,rainy,0,0.1506849315068493,0.9033886085075703,0.05487203083604851,0.054421350646866685,0.6467195385724586,0.23328384137540836,0.6875140282042109,0.17562520321755234
14,rainy,0,0.19878048780487806,0.9042682926829269,0.06143242460186837,0.06373651993090106,0.9042682926829269,0.25246092753315524,0.6304031403098531,0.17933046389287421
15,rainy,0,0.12563131313131312,0.8901515151515151,0.048446102955078126,0.06442078305511513,0.8901515151515151,0.25381249586085225,0.67656783605044,0.17982768865121807
16,rainy,0,0.11925795053003534,0.9346289752650176,0.048491881552707616,0.05412355225399978,0.9346289752650176,0.23264469100755292,0.6950678134147379,0.17860805099424928
17,rainy,1,0.2645739910313901,0.7004484304932735,0.11868123878641437,0.2179272875934895,0.7004484304932735,0.46682682827092264,0.7543165236064353,0.10159852281719862
18,rainy,1,0.22667638483965014,0.597667638483965,0.09567608864327583,0.19830253598201253,0.35276967930029157,0.44531172899668,0.7392709632017094,0.09386897616189332
19,rainy,1,0.2586405529953917,0.6854838709677419,0.10583637847035901,0.15037948841367565,0.6854838709677419,0.38778794258418564,0.7170751789193704,0.12794117647058822
20,rainy,1,0.27986348122866894,0.6122866894197952,0.10514946243707436,0.12928831538476113,0.21023890784982935,0.359566844112136,0.7055053569460829,0.1326962457337884
21,rainy,1,0.2191142191142191,0.749028749028749,0.09972820184566762,0.1632304933146908,0.7334887334887334,0.4040179368724745,0.7514069683288375,0.07389429742370919
22,rainy,1,0.26481481481481484,0.821604938271605,0.1049760318212846,0.14394142309000194,0.812962962962963,0.3793961295137339,0.6803616705302247,0.3635390946502058
23,rainy,0,0.0988112927191679,1.0,0.0424577470455532,0.021193486375440964,1.0,0.14557982818866413,0.6357044233509173,0.04463479299595024
24,rainy,1,0.1833855799373041,0.719435736677116,0.07749269384210318,0.1387136029710946,0.719435736677116,0.37244275126668075,0.7620056687531184,0.1376605814739689
25,rainy,1,0.19239904988123516,0.8060174188440221,0.08025640586250096,0.13212695890652146,0.8060174188440221,0.3634927219443623,0.7433391178542242,0.19736388617204603
26,rainy,1,0.21727748691099477,0.6773560209424084,0.09419490703893017,0.15885936716717,0.6662303664921466,0.39857165876059225,0.7605777138982361,0.10706806282722513
27,rainy,0,0.11190476190476191,1.0,0.03909378519731442,0.01698586188287951,1.0,0.13032981962267695,0.651878275763118,0.08302209772798008
28,rainy,0,0.09985096870342772,1.0,0.061546302675246,0.060394040428300114,1.0,0.24575198967312575,0.7240710298226226,0.06331200140264749
29,rainy,1,0.23196223870532703,0.7370195549561699,0.09337851936190852,0.14161088538115674,0.7370195549561699,0.37631221795359865,0.7208079353562175,0.10780479420358838
30,rainy,1,0.20880681818181818,0.7095170454545454,0.10626995567374876,0.21305821959047658,0.7095170454545454,0.461582299910294,0.7607068125487373,0.06329656862745098
31,rainy,1,0.24586466165413534,0.9736842105263158,0.08188093519935956,0.07400675535218702,0.9736842105263158,0.2720418264756121,0.6761391157872741,0.11839893852277752
32,rainy,0,0.10876320696084525,1.0,0.046852470090398536,0.03129871969027865,1.0,0.17691444172333318,0.569454518373644,0.05154827624026615
33,rainy,1,0.19851116625310175,0.6259305210918115,0.09517625589423936,0.205893583552325,0.3325062034739454,0.45375498184849167,0.7801400918250333,0.05547365348124361
34,rainy,0,0.1092896174863388,1.0,0.048292942962314574,0.02870789111660314,1.0,0.1694340317545538,0.5962239475774365,0.06762146267128588
35,rainy,0,0.07862796833773088,1.0,0.044139603837348204,0.027681011564134297,1.0,0.1663761147645127,0.5533447788675333,0.07234725024574473
36,rainy,0,0.10161662817551963,1.0,0.03524570282545597,0.015593050575973402,1.0,0.12487213690801244,0.6313484067914923,0.07815514196440701
37,rainy,0,0.06161616161616162,1.0,0.03746109371848119,0.01847771749706903,1.0,0.13593276829767362,0.5414057862192178,0.0644999009704892
38,rainy,1,0.20952821461609622,0.8126734505087881,0.10651101969434691,0.17892623430431995,0.8126734505087881,0.4229967308435373,0.7197358147597402,0.06896664308646677
39,rainy,1,0.22123104371097235,0.8697591436217663,0.08285853867000664,0.1044636625730513,0.8697591436217663,0.3232083887727101,0.6800480958091268,0.14255654090360498
40,rainy,0,0.08945260347129506,1.0,0.032708623139587924,0.018527205377812567,1.0,0.1361146773048835,0.6006614842301365,0.04958070455596569
41,rainy,1,0.23769430051813473,0.9164507772020726,0.08080542915438524,0.08670559140901672,0.9164507772020726,0.29445813184392905,0.6585938542033695,0.11051762673981509
42,rainy,1,0.1737722611980572,0.9660010793308149,0.08915962747929505,0.17178236750948528,0.9660010793308149,0.41446636475048887,0.8033655113624865,0.05016771954329492
43,rainy,1,0.20991629104958145,0.8931101094655506,0.11336238046316037,0.23346972925649004,0.8931101094655506,0.4831870541068853,0.6969835071060391,0.07439617186217694
44,rainy,1,0.19782870928829915,0.7225572979493365,0.08439377869554744,0.13651807349557749,0.7159227985524729,0.36948352263068174,0.6693993298962884,0.09477754913786987
45,rainy,1,0.2222863741339492,0.7621247113163973,0.08738663562224493,0.14518280746442006,0.6893764434180139,0.3810286176449481,0.7123185602834077,0.1375696236924331
46,rainy,0,0.17377638078132016,0.9025594970812753,0.06386060485120132,0.12853902342693635,0.8868432869330939,0.35852339313765336,0.7088306468621424,0.16302596476399273
47,rainy,1,0.2046875,0.9536458333333333,0.100058367722419,0.20987600520566344,0.9536458333333333,0.4581222601071284,0.7377298411121587,0.09169117647058823
48,rainy,1,0.21888210427430718,0.6989196806012212,0.10291160183019213,0.2267640649629265,0.6989196806012212,0.47619750625441803,0.7507060485650707,0.09880179408541247
49,rainy,1,0.205242334322453,0.8338278931750742,0.08321650096229687,0.1619207810370508,0.8338278931750742,0.4023938133682609,0.7620585202142677,0.35329803533678555
50,rainy,1,0.20033296337402887,0.8346281908990011,0.09227538349087187,0.12233209976671873,0.8346281908990011,0.3497600602794989,0.6567941814439787,0.12002350329699028
51,rainy,1,0.22311827956989247,0.796594982078853,0.1163930941078578,0.24742189497611583,0.7943548387096774,0.4974152138567093,0.7331007131451232,0.10625131773139364
52,rainy,1,0.24855186940494997,0.8830963665086888,0.08764942019589328,0.11830922073159417,0.8830963665086888,0.3439610744424348,0.6841352698473007,0.13161725985812966
53,rainy,1,0.2094562647754137,0.8728132387706856,0.0868685476716749,0.19689640174880602,0.8728132387706856,0.4437301001158317,0.7105234644560143,0.07652714040699023
54,rainy,1,0.20522388059701493,0.699160447761194,0.1042153699489827,0.2343445368485432,0.6553171641791045,0.4840914550459894,0.774960522036158,0.0707089552238806
55,rainy,0,0.08792924037460978,0.9344432882414152,0.036391968294701836,0.06008663244470724,0.9344432882414152,0.24512574822875552,0.7301918461827478,0.1844789945114362
56,rainy,1,0.2090341182123979,0.8471888515136954,0.09078160807170577,0.12777208026790055,0.8246035559827006,0.3574522069702473,0.6907766896007582,0.29826346684757515
57,rainy,1,0.2660126947489902,0.7160992498557415,0.09923283662947678,0.13154928268594754,0.3889209463358338,0.36269723280712735,0.6653855135112098,0.1317085864928776
58,rainy,1,0.20606060606060606,0.6121212121212121,0.0876842321384205,0.2162979167792002,0.36363636363636365,0.4650783985299685,0.7510030497386636,0.08426421073479896
59,rainy,1,0.2378177966101695,0.708156779661017,0.08061647250855454,0.10651405894687159,0.6927966101694916,0.3263649168444298,0.6713587726207763,0.14676595214356927
60,rainy,1,0.1769464105156724,0.6966632962588474,0.0877759046553398,0.18493000056030584,0.6966632962588474,0.43003488295754083,0.7908214285270159,0.06436091119966693
61,rainy,1,0.2532875929102344,0.7958833619210978,0.08677523129529208,0.09811320858280605,0.7815894797026872,0.3132302804372624,0.6882520291697355,0.14716532696554893
62,rainy,1,0.20360970107163,0.6463620981387479,0.10489294349526614,0.18835398561297975,0.4173716864072194,0.43399767927142163,0.7829711351229844,0.11139864857392477
63,rainy,1,0.20674879485806105,0.6663095875736476,0.09468921729756259,0.1946871376942095,0.5806106052490627,0.4412336543082469,0.7660020993623243,0.07521135931608852
64,rainy,1,0.19882246376811594,0.8251811594202898,0.11708301724605516,0.21029771718477722,0.8251811594202898,0.45858229052676813,0.7761379852405846,0.06171142369991475
65,rainy,0,0.06765676567656766,0.9609460946094609,0.034020511988989525,0.03500977345357414,0.9609460946094609,0.1871089881688588,0.6309032957942727,0.17491749174917492
66,rainy,1,0.22625448028673836,0.857078853046595,0.10175692777284198,0.1537646280192975,0.8517025089605734,0.3921283310592305,0.706223936562142,0.3181600955794504
67,rainy,1,0.19462102689486552,0.8987775061124694,0.08112574878872807,0.12087353843398746,0.8987775061124694,0.34766871937807037,0.6554851821485882,0.09102833309362865
68,rainy,1,0.20901994796183868,0.8313096270598439,0.1058078281922791,0.2083800135290292,0.8313096270598439,0.4564865973158787,0.7074830733617543,0.10509667874088058
69,rainy,1,0.19447827852212748,0.680470970361348,0.08991510125139031,0.16690783344986498,0.6755988631749898,0.4085435514726245,0.7766469492317207,0.138751562338293
70,rainy,1,0.1782742006132282,0.671484888304862,0.0697066073748056,0.17088906272410126,0.6544021024967148,0.4133873035351972,0.7675531801688511,0.12434962596514734
71,rainy,1,0.183184855233853,0.8051224944320713,0.10852876933171225,0.26469988730218447,0.8051224944320713,0.5144899292524436,0.7511342218081355,0.07125420324031617
72,rainy,1,0.23029731005191129,0.7862199150542709,0.13191848930642291,0.2620854674352225,0.7862199150542709,0.5119428361010852,0.7406751682667849,0.06977949273149561
73,rainy,1,0.18616401088223863,0.5697629226583755,0.0711810771531235,0.15319335901251585,0.35872522347454333,0.391399232258465,0.7537594420313084,0.321810963017154
74,rainy,1,0.18919872926226614,0.9043416872573244,0.09243897988598301,0.21514649395421315,0.9043416872573244,0.4638388663687134,0.7394532072946731,0.07168317379899365
75,rainy,1,0.20576316974335884,0.8262044124268347,0.09200019254429885,0.1278880601426485,0.8262044124268347,0.3576144014754558,0.6748889077673432,0.13921127208199804
76,rainy,1,0.1948919449901768,0.9174852652259332,0.09235456167948887,0.10671239511427137,0.9174852652259332,0.32666863197171436,0.6422003515283575,0.1295365769097423
77,rainy,0,0.1094352858646089,0.9978954752718344,0.039969727423339096,0.022317777948223035,0.9978954752718344,0.1493913583451969,0.6051083019558079,0.10670765675614335
78,rainy,1,0.2104051565377532,0.9300184162062615,0.0969399437575641,0.12072286572470332,0.9300184162062615,0.34745196175112225,0.7698036799941219,0.1400281659625176
79,rainy,1,0.2223529411764706,0.8035294117647059,0.08933217263104141,0.11115588479573629,0.8035294117647059,0.33340048709582937,0.6658251084754334,0.1293348712033833
80,rainy,1,0.16955538809344387,0.7773172569706104,0.07563088324346016,0.16623253084368314,0.40806330067822155,0.40771623814079705,0.7784117700476432,0.06730794804734253
81,rainy,1,0.21228179551122195,0.5386533665835411,0.10283936203888994,0.18876604905477037,0.5317955112219451,0.43447214991846184,0.7144963252919291,0.10850691897706713
82,rainy,1,0.18048780487804877,0.486411149825784,0.08841819588563232,0.2019408610465684,0.2073170731707317,0.44937830504661475,0.8015989247047782,0.06944455831112933
83,rainy,1,0.20642030608435982,0.9163867114594998,0.09435691749247495,0.13526916208749018,0.9163867114594998,0.36778956223292986,0.6812738975173742,0.13188561725548748
84,rainy,1,0.23566176470588235,0.7099264705882353,0.10710084710128953,0.18646304913834047,0.7058823529411765,0.4318136740983783,0.7409993564287568,0.11492935409457901
85,rainy,1,0.19089810712847363,0.6705598066854611,0.08907878842535741,0.26964394029348404,0.3886427708417237,0.5192725106275933,0.752746204231727,0.10409766806440658
86,rainy,0,0.06479796141244995,1.0,0.03193623145791206,0.036918849422460806,1.0,0.19214278394584797,0.7535449692088625,0.0816919705632526
87,rainy,1,0.14061779621945597,0.8395573997233748,0.07701588987396851,0.18236580112234996,0.8381742738589212,0.4270430904748957,0.7639564877246298,0.15828564713114385
88,rainy,1,0.15706806282722513,0.8030608135320177,0.07335798997167768,0.12538180114263126,0.8030608135320177,0.3540929272699912,0.7476019530675373,0.13464262869868043
89,rainy,0,0.19045299561617146,1.0,0.05781065125226937,0.0764884624281963,1.0,0.2765654758428758,0.5870271289510915,0.11173700849068316
90,rainy,0,0.1251175917215428,0.9789902790843524,0.05473036948670487,0.1046128224508002,0.9789902790843524,0.3234390552342129,0.681425005393917,0.10456901481194548
91,rainy,0,0.15135635018495686,0.9747225647348952,0.05908612311479869,0.1161752110954593,0.9713316892725031,0.34084484900825374,0.7249100005389144,0.12045163318101593
92,rainy,0,0.1656477438136827,0.9723435225618632,0.06321504293281323,0.11899871079787626,0.9723435225618632,0.3449618976030197,0.6950653342479723,0.14751605445671717
93,rainy,1,0.18252371371083645,0.9724058637539523,0.10346922488323616,0.206706842385658,0.9724058637539523,0.45465024181854125,0.7416925406110454,0.09663583743356496
94,rainy,1,0.17550058892815076,0.7299764428739693,0.07463906238289907,0.13163950849905673,0.7093639575971732,0.3628215932094681,0.7133835812544209,0.13379408300422643
95,rainy,1,0.20463320463320464,0.7923967923967924,0.12459135522665608,0.2833653919546611,0.7915057915057915,0.5323207604017159,0.7443437529373067,0.08010389186859775
96,rainy,0,0.18270854441067208,0.9608240459304289,0.059619987997323654,0.08596842928273947,0.9608240459304289,0.2932037334051862,0.5750611444342043,0.12818139075961354
97,rainy,0,0.1728161463260801,0.9921160517187008,0.05212918568889422,0.06743985005564174,0.9921160517187008,0.25969183671352036,0.5951806294480454,0.13131875266662957
98,rainy,0,0.2101363366923533,0.951985773562537,0.05700072128994531,0.074343602533408,0.8642560758743332,0.2726602327685649,0.5413319464461015,0.1518474609760917
99,rainy,1,0.19834447628143903,0.6612543775867558,0.07824834432191542,0.10741965463485537,0.6532951289398281,0.3277493777795091,0.7467627997453332,0.16257467647995205
100,rainy,0,0.18116710875331565,0.9753315649867375,0.05566868423289971,0.060672091536296754,0.9753315649867375,0.24631705490342473,0.5604032303400955,0.15154522286368127
1,rainy,1,0.221604447974583,0.8991262907069102,0.1128004478460914,0.23010115320822755,0.8959491660047657,0.47968860024835647,0.7654633871990049,0.08345247550966375
2,rainy,1,0.2432619212163096,0.7159640635798203,0.09358636051610976,0.15973066354173374,0.7097442985487215,0.3996631876239463,0.7243851357542198,0.38074447470764394
3,rainy,1,0.24309815950920247,0.7116564417177914,0.10526456926756647,0.1884973339640169,0.7055214723926381,0.434162796614377,0.7604591132871299,0.12513533020570192
4,rainy,1,0.24702774108322326,0.5970937912813739,0.09372422938818424,0.13736241945942548,0.5257595772787318,0.3706243643629294,0.6879329632076339,0.137418084803274
5,rainy,1,0.21026490066225165,0.8187086092715232,0.10928914278600597,0.23922752313908133,0.8129139072847682,0.48910890723752043,0.7618726994291158,0.06540384365666796
6,rainy,1,0.2573872472783826,0.6734059097978227,0.10053676462210645,0.1991619913997557,0.6648522550544324,0.4462756899045205,0.7774955151134496,0.166727655292288
7,rainy,1,0.2914837576821773,0.6654960491659351,0.10584494961288256,0.14951237195731698,0.6259877085162423,0.38666829706780587,0.705962699106469,0.14161028766203582
8,rainy,1,0.275,0.4698529411764706,0.10661925638551566,0.14164158302170177,0.18382352941176472,0.3763530032053707,0.7100496576940027,0.14852364475201846
9,rainy,1,0.21782178217821782,0.4908062234794908,0.10466970215309532,0.2877792385264979,0.4809052333804809,0.5364505928102772,0.7663463987916984,0.0920403805086391
10,rainy,1,0.222397476340694,0.6214511041009464,0.09549628180540691,0.21927208289029124,0.3414826498422713,0.4682649708127774,0.8015228744796818,0.07741386775530401
11,rainy,1,0.24334319526627218,0.5214497041420119,0.10591669984758127,0.19364583790596068,0.3698224852071006,0.44005208544666696,0.7375484852956442,0.07229086901032603
12,rainy,1,0.2932692307692308,0.6744505494505495,0.10504841600200171,0.13723172329611738,0.6744505494505495,0.3704480034986251,0.7122407323194492,0.11626535229476406
13,rainy,0,0.17159336697909156,0.8997837058399423,0.04639100054271701,0.05186305768627546,0.6524873828406633,0.227734621185,0.6508912176340553,0.1481233300818525
14,rainy,1,0.22865853658536586,0.48841463414634145,0.10308207245021878,0.22768278580448054,0.2975609756097561,0.47716117382335343,0.7644045092175836,0.11300813008130081
15,rainy,1,0.273989898989899,0.5555555555555556,0.09079842562645825,0.09999541978705734,0.24873737373737373,0.3162205239813781,0.6545253091049197,0.1364676173499703
16,rainy,1,0.26413427561837455,0.5918727915194346,0.09711086393195183,0.10986664513736927,0.2411660777385159,0.3314613780478342,0.6760930143031072,0.15764567311023348
17,rainy,1,0.27533632286995513,0.7802690582959642,0.09792279711109778,0.08814122619182668,0.7784753363228699,0.29688588075526035,0.7051028671410389,0.15816407280400951
18,rainy,1,0.23542274052478135,0.5291545189504373,0.09402405995027885,0.20902410822639725,0.3462099125364432,0.4571915443513771,0.7588581125193711,0.11707540158920711
19,rainy,1,0.25057603686635943,0.554147465437788,0.10280657050594354,0.11809690906212927,0.533410138248848,0.3436523083905145,0.6648899463725477,0.14278937381404175
20,rainy,1,0.26484641638225254,0.6430034129692833,0.09408812596704116,0.11273451241689801,0.45802047781569966,0.3357596050999852,0.69012890093737,0.1452452653416315
21,rainy,1,0.20435120435120435,0.6418026418026418,0.10799751678814759,0.22106697874630055,0.36596736596736595,0.4701776034077979,0.7761788878382304,0.09556804850922498
22,rainy,1,0.24814814814814815,0.6462962962962963,0.12000942461235435,0.23993643702511802,0.6401234567901235,0.4898330705711059,0.7480314726455837,0.08580488985717744
23,rainy,1,0.2325408618127786,0.7644873699851411,0.11158271838161647,0.22764682567066954,0.763744427934621,0.47712349100696094,0.749197861773643,0.11342831337587041
24,rainy,1,0.23432601880877743,0.719435736677116,0.0803853813770525,0.13496119188835473,0.7170846394984326,0.36737064647077444,0.7635395625567597,0.11908845042719282
25,rainy,1,0.2121931908155186,0.9081551860649247,0.14041716275694216,0.24400437808933573,0.9081551860649247,0.4939679929806543,0.7516163280943805,0.050983497120146555
26,rainy,1,0.21727748691099477,0.7284031413612565,0.11983300330945791,0.2811608914126045,0.7264397905759162,0.5302460668525553,0.7210858626514511,0.09489272148650035
27,rainy,1,0.2507936507936508,0.8182539682539682,0.09950513803000588,0.11876117647252558,0.6857142857142857,0.34461743495146263,0.673888184267204,0.16507625272331153
28,rainy,1,0.23174366616989567,0.7198211624441133,0.09214886150730264,0.11438354112238823,0.710134128166915,0.33820635878467487,0.7165670251259422,0.1233803804681336
29,rainy,1,0.21847606203641268,0.5906945380984491,0.10486746228058305,0.22931449731612777,0.3256911665542819,0.4788679330631022,0.79326511351733,0.0825697777425198
30,rainy,0,0.07528409090909091,1.0,0.041527088367284866,0.02120898947003854,1.0,0.14563306448069596,0.5953519025628473,0.07718638591800357
31,rainy,1,0.22255639097744362,0.7421052631578947,0.09458716036769148,0.12196848861754249,0.7421052631578947,0.34923987260555245,0.6895723311166522,0.10511867905056758
32,rainy,1,0.2249844623990056,0.8210068365444375,0.11586917964661846,0.19647868927131076,0.8210068365444375,0.44325916715992547,0.7338796173756957,0.06295714059396287
33,rainy,1,0.21215880893300249,0.641439205955335,0.10585879522477008,0.21570592681281933,0.641439205955335,0.46444152141342765,0.7493572096455811,0.07978397314260692
34,rainy,1,0.2647237401335762,0.5525197328476017,0.10139551013049473,0.12146187260921743,0.3296903460837887,0.34851380547866023,0.697412490489361,0.11616843458694953
35,rainy,1,0.17730870712401056,0.5688654353562005,0.09239451013742901,0.21549813127740253,0.2992084432717678,0.46421776277669785,0.7511566517433323,0.061428940969527654
36,rainy,1,0.24942263279445728,0.5969976905311778,0.07939845412340911,0.10205635316533725,0.5767898383371824,0.3194626005737405,0.7646393559229615,0.12164787393017253
37,rainy,1,0.23434343434343435,0.657070707070707,0.08663400668033612,0.1089676450484205,0.657070707070707,0.3301024765863178,0.7222654945224646,0.1253733412556942
38,rainy,0,0.061517113783533764,1.0,0.027790902584335715,0.01426496101513255,1.0,0.11943601222048796,0.4927696274817168,0.07849485770256298
39,rainy,1,0.22301516503122212,0.5985727029438002,0.08003855968491143,0.09878313365188643,0.4134701159678858,0.3142978422641276,0.7454256807451529,0.13325986951426422
40,rainy,1,0.18958611481975968,0.724076546506453,0.07649818079824867,0.09573848407847052,0.7227414330218068,0.3094163603923854,0.7206172414114181,0.37151932424059964
41,rainy,1,0.20919689119170984,0.7221502590673575,0.11930563945346014,0.23768572973309737,0.7221502590673575,0.487530234686114,0.7608912243735061,0.05493497917301635
42,rainy,1,0.2174851592012952,0.9973016729627631,0.07461832217791325,0.05995007771634435,0.9973016729627631,0.24484704963781848,0.6503840385686614,0.13146460958911357
43,rainy,1,0.2633612363168062,0.8853831294269157,0.07291954240732125,0.06567523902779959,0.8808757244043787,0.25627180693123386,0.6625478412810625,0.12611643498352335
44,rainy,1,0.2080820265379976,0.7967430639324488,0.07838951886487679,0.10754900834359468,0.7955367913148371,0.327946654722372,0.6751684162170034,0.13473119042550674
45,rainy,1,0.2390300230946882,0.7632794457274826,0.09212912155193173,0.14540056656282954,0.7632794457274826,0.38131426220747305,0.7183200932381307,0.23806321604854414
46,rainy,1,0.20790300853165694,0.8486753480017961,0.11729294672739506,0.27399774080427536,0.8343062415806017,0.5234479351418586,0.758991626896883,0.08207823767135952
47,rainy,1,0.18072916666666666,0.734375,0.07907307902069653,0.1828957558391004,0.7328125,0.4276631335982801,0.6327737539875059,0.14592116013071896
48,rainy,1,0.20432127759511506,0.6787224048849225,0.08350580431461402,0.1530412326732739,0.6768435885392203,0.3912048474562577,0.7409153423500943,0.14122804593890162
49,rainy,1,0.2176063303659743,0.8733926805143423,0.08346782950675735,0.13493715339205953,0.8733926805143423,0.367337928060879,0.686445043528229,0.40587265568937764
50,rainy,1,0.2341842397336293,0.7691453940066593,0.09457221114105287,0.16219438602243305,0.7685904550499445,0.4027336415330026,0.7128467976020796,0.14982481338817435
51,rainy,1,0.19623655913978494,0.9032258064516129,0.09454006443063746,0.19823147333560662,0.9032258064516129,0.4452319320709226,0.7917975813177397,0.09829046313866048
52,rainy,1,0.1990521327014218,0.8046340179041601,0.09740361005566378,0.1903312214282431,0.8025276461295419,0.43626966595013583,0.7240941064861649,0.11484269326477299
53,rainy,1,0.22411347517730495,0.825531914893617,0.09117115107927762,0.12624241061089508,0.825531914893617,0.35530608017721155,0.6936155191980256,0.32862745098039214
54,rainy,1,0.22294776119402984,0.6263992537313433,0.11057153184619557,0.23541630575999395,0.5279850746268657,0.4851971823496031,0.7200985598749073,0.08848953760608722
55,rainy,1,0.18886576482830386,0.631633714880333,0.09143532081491128,0.2361269876118238,0.35848074921956297,0.48592899441361165,0.7672647659494878,0.08677439758421579
56,rainy,1,0.19365689572321,0.6434406535319558,0.10816307634712084,0.260718346931423,0.6395963479096588,0.5106058626097266,0.8027650648580783,0.05790391120407798
57,rainy,1,0.20600115406809003,0.5678015002885171,0.09027830357271405,0.24882940945124832,0.38834391229082516,0.49882803595151737,0.7794531255278241,0.07465236527386489
58,rainy,1,0.21565656565656566,0.5333333333333333,0.10937309904252403,0.23650999087924285,0.4505050505050505,0.4863229285970823,0.7592738906912614,0.084349376114082
59,rainy,1,0.20127118644067796,0.4846398305084746,0.08818904248247586,0.25130635012473934,0.2981991525423729,0.5013046480182877,0.7988416041049108,0.10495804253904951
60,rainy,1,0.2269969666329626,0.6466127401415571,0.08652914119706644,0.09609436622416248,0.6233569261880687,0.3099909131315989,0.6900103680020407,0.14757826285215805
61,rainy,1,0.21555174385363066,0.8021726700971984,0.06896287460448307,0.08115163352498911,0.7947398513436249,0.2848712578077843,0.7175320016817548,0.39313221000235427
62,rainy,1,0.20304568527918782,0.5803722504230119,0.09636060712728835,0.23205187040227795,0.41060349689791314,0.4817176251729616,0.799485117125171,0.09550003870696615
63,rainy,1,0.20942688805570434,0.7568291376539904,0.0865620648262256,0.0986107726494173,0.7514729512587038,0.31402352244603793,0.725045065241143,0.17123202789417855
64,rainy,1,0.20153985507246377,0.4986413043478261,0.10021935214216575,0.29094975314809524,0.48777173913043476,0.539397583557894,0.7978984505859003,0.10166418016481955
65,rainy,1,0.21232123212321233,0.6397139713971397,0.10377342118366209,0.25206369848065086,0.34213421342134215,0.5020594571170339,0.7975436735879122,0.09117754912746176
66,rainy,1,0.24014336917562723,0.8525985663082437,0.08900398474399993,0.08675787601636181,0.8243727598566308,0.2945468995191798,0.6773355742160249,0.15095052357860708
67,rainy,1,0.19462102689486552,0.9378973105134474,0.08326162967083482,0.12763318383892566,0.9378973105134474,0.3572578674276126,0.7200709711830928,0.4680780478450549
68,rainy,1,0.18039895923677363,0.6461405030355594,0.07220546710758022,0.1873657118823628,0.6461405030355594,0.4328576115564595,0.7617952041283396,0.14449092733363944
69,rainy,1,0.21356069833536337,0.5225334957369062,0.0707349129870544,0.18462978489061596,0.44214372716199757,0.42968568150523234,0.8304047884034761,0.33949670814326544
70,rainy,1,0.20893561103810776,0.6079719667104687,0.08024823637021744,0.15427058135865093,0.4949627682873412,0.3927729386791444,0.7844481852484673,0.1588827909613254
71,rainy,1,0.23162583518930957,0.7288418708240535,0.08385906707157409,0.13463598784082514,0.7221603563474388,0.36692776924188386,0.7416692920612523,0.14927944451722783
72,rainy,1,0.2057574327512978,0.7876356772062294,0.12681792344608542,0.2714199797317862,0.7876356772062294,0.5209798266073133,0.762533845262603,0.0686616883657663
73,rainy,1,0.18694131364166341,0.7916828604741547,0.1257001779359998,0.2688302467678458,0.7916828604741547,0.5184884249121149,0.7481062146489469,0.056967147527491366
74,rainy,1,0.19519943522767386,0.7211436639604659,0.06806797085482731,0.13344555520968282,0.7211436639604659,0.36530200548270036,0.7613407400411294,0.37944671691479276
75,rainy,1,0.18460153084196307,0.7843313822602431,0.12055811125811566,0.29019610215642483,0.7843313822602431,0.5386985262244781,0.8039017459194641,0.05412506290224329
76,rainy,1,0.17092337917485265,0.8212180746561886,0.0982601683056325,0.17792215060882077,0.8212180746561886,0.42180819172797107,0.7877626666006059,0.048074270965753695
77,rainy,1,0.20975096457383374,0.5745352507891968,0.10482491469016013,0.25224658996003024,0.5552437741143459,0.5022415653448351,0.7373626881504705,0.08372019449659907
78,rainy,1,0.23480662983425415,0.8522099447513812,0.08590687998657379,0.10347110900179404,0.8342541436464088,0.3216692540511045,0.6879382601721136,0.13774600079442456
79,rainy,1,0.23294117647058823,0.7282352941176471,0.08274458264125932,0.10459708570373591,0.7141176470588235,0.3234147270977868,0.7062755616727583,0.15601999231064972
80,rainy,1,0.17935192162773173,0.7023360964581763,0.0715574544660688,0.10034247127344605,0.7023360964581763,0.3167687978217647,0.6948621977339243,0.11025163644960623
81,rainy,1,0.16864089775561097,0.42300498753117205,0.0665803186137334,0.09530774908149717,0.40461346633416456,0.3087195314221262,0.7383914447908413,0.12409539875800694
82,rainy,1,0.14843205574912893,0.3358885017421603,0.06718833680440946,0.1679676089231694,0.17630662020905924,0.4098385156658283,0.6875088111686368,0.12399398783903806
83,rainy,1,0.1955953714072415,0.799552071668533,0.08386568742845299,0.17631240463771944,0.42142590518850315,0.4198957068579285,0.7830757390072709,0.0633672207218087
84,rainy,1,0.17058823529411765,0.5110294117647058,0.0964204033703766,0.2590692042852829,0.5036764705882353,0.5089884127220216,0.7142168673569632,0.1255867935409458
85,rainy,1,0.16874748288360855,0.9049536850583971,0.06913020266192682,0.07199177320694797,0.9045509464357632,0.26831282713830135,0.6678281681993682,0.21520298816264324
86,rainy,1,0.18602111394248272,0.9224608663997088,0.07591814890963065,0.09243118361673279,0.9224608663997088,0.3040249720281753,0.6328002344485065,0.13843836770237763
87,rainy,1,0.18026740433379437,0.8386353158137391,0.06224408709041643,0.09303784012397172,0.8386353158137391,0.3050210486572553,0.7036165005002849,0.13442536996356863
88,rainy,1,0.16552557390253725,0.7845348368908578,0.0649054786649959,0.08906303765095597,0.7841320982682239,0.2984343104452904,0.6952923012031201,0.13626305939210157
89,rainy,1,0.18119824646858257,0.7851924013638578,0.08168123830283526,0.12464903444824102,0.7822698490014612,0.35305670146343493,0.6949726659669562,0.14037420131228331
90,rainy,0,0.1332706177485105,0.9793038570084666,0.051850190959238,0.08669533491218087,0.9793038570084666,0.2944407154457088,0.6237092621860554,0.14587522058054955
91,rainy,1,0.18834771886559803,0.8187422934648582,0.09993967836508849,0.2714779294977732,0.8168927250308261,0.5210354397713971,0.7337120332155214,0.10299678441043496
92,rainy,1,0.18631732168850074,0.8195050946142649,0.10294774569203197,0.26613967973051134,0.8195050946142649,0.5158872742474961,0.7782434855053952,0.095254730713246
93,rainy,0,0.1267605633802817,0.9899396378269618,0.05227237855855574,0.07775322505990485,0.9899396378269618,0.2788426528705837,0.6399043785433416,0.20510739507070433
94,rainy,1,0.15959952885747938,0.6651943462897526,0.07539512338812028,0.14762752389523748,0.6540047114252061,0.3842232734950311,0.6455400112617545,0.14463728954479319
95,rainy,1,0.18711018711018712,0.6828036828036828,0.12908629392562762,0.33937337562430697,0.6691416691416692,0.5825576157122204,0.7938096213379627,0.0951577304518481
96,rainy,0,0.18473488686254644,0.9831138129010469,0.05733622691507332,0.0827125807569187,0.9831138129010469,0.28759794984825376,0.5944105571031518,0.15856195906258486
97,rainy,0,0.16777041942604856,1.0,0.05023676986053676,0.06117071104122712,1.0,0.2473271336534411,0.5778305502955022,0.16727203022489348
98,rainy,1,0.1905749851807943,0.47984588026081804,0.08538495655234506,0.1821561072203811,0.36959098992294015,0.4267975014223737,0.6994624016286491,0.14793751525506468
99,rainy,0,0.19961795606494748,0.9337790512575613,0.04743388784413397,0.0615730940937868,0.8669213626233684,0.24813926350698068,0.4866074280753686,0.17989649855485015
100,rainy,1,0.2013262599469496,0.46021220159151194,0.08798439725858756,0.21135905354961404,0.19814323607427056,0.4597380270867465,0.7213748448534967,0.1325313361418838
1,rainy,0,0.18586179507545672,1.0,0.06292401166929291,0.048873033754398165,0.9968228752978554,0.22107246267773414,0.6055130866523615,0.15654814745596413
2,rainy,1,0.24671734623358674,0.7684865238424327,0.10420048449966147,0.22697431283975525,0.6924671734623359,0.4764182121201448,0.7279288303857063,0.11066845535726384
3,rainy,1,0.26993865030674846,0.8021472392638037,0.10387432716691306,0.16487379892611015,0.7745398773006135,0.4060465477332742,0.721204584551435,0.13652111151208948
4,rainy,1,0.24834874504623514,0.7298546895640687,0.11308768585027061,0.17924078075873162,0.7298546895640687,0.42336837477394507,0.7215205445304467,0.1293055663480716
5,rainy,1,0.26986754966887416,0.8758278145695364,0.10296652823751679,0.1286473482828318,0.8741721854304636,0.3586744321565615,0.6383169838775956,0.13202181534865604
6,rainy,1,0.24572317262830481,0.7729393468118196,0.10587914343912729,0.1786927483213903,0.7690513219284604,0.4227206504553454,0.7210582045811358,0.1244533894428689
7,rainy,1,0.21246707638279191,0.7655838454784899,0.10627289862038497,0.2046280481723837,0.7655838454784899,0.4523583183410953,0.7463694123229861,0.07306374700890013
8,rainy,1,0.26176470588235295,0.8132352941176471,0.08748201362198615,0.12357739035026453,0.8132352941176471,0.35153575970342554,0.6463935652583814,0.2695184544405998
9,rainy,0,0.13366336633663367,0.9271570014144271,0.04921826961668003,0.05265798563361446,0.594059405940594,0.2294732786919088,0.6873374342711627,0.16164129017943812
10,rainy,0,0.111198738170347,0.9416403785488959,0.049331844455352075,0.052901462865426976,0.9416403785488959,0.23000318012024742,0.6267295127256498,0.17672728397352633
11,rainy,1,0.22559171597633135,0.6797337278106509,0.09219018135833314,0.1472187350112895,0.6797337278106509,0.38369093683756655,0.7285770316672187,0.05390416521638241
12,rainy,0,0.18612637362637363,0.9388736263736264,0.06342654236605169,0.05452971117673197,0.9388736263736264,0.23351597627728166,0.6575385356726466,0.14585488041370392
13,rainy,1,0.28334534967555874,0.7310742609949531,0.10347202936224202,0.1260386915221848,0.7310742609949531,0.3550192833103363,0.6564588919778757,0.14187765949927195
14,rainy,0,0.20365853658536584,0.8823170731707317,0.06364647787740157,0.059442157445964705,0.8823170731707317,0.24380762384709118,0.719230205440413,0.19679579148732662
15,rainy,1,0.273989898989899,0.5246212121212122,0.09631095582028747,0.108930204632353,0.4008838383838384,0.3300457614215838,0.6295214843028946,0.14045850663497722
16,rainy,0,0.1598939929328622,0.9408127208480566,0.05098370224819569,0.05366895149983782,0.9408127208480566,0.23166560275500078,0.5980933501109236,0.188269936950045
17,rainy,0,0.17668161434977578,0.9775784753363229,0.062418746017692095,0.05695232208087248,0.9775784753363229,0.23864685642361286,0.6651206572775076,0.19277938978281897
18,rainy,1,0.22521865889212828,0.7806122448979592,0.08900445927937053,0.157909082081845,0.7806122448979592,0.39737775740703585,0.7451362189304873,0.100500200080032
19,rainy,0,0.20161290322580644,0.9089861751152074,0.06686581021388954,0.0688003828778456,0.7073732718894009,0.2622982708251154,0.6484752921101736,0.14063205927532305
20,rainy,0,0.19044368600682593,0.8621160409556314,0.0794469823763919,0.1016818005527789,0.604778156996587,0.31887583877236436,0.6782474618310848,0.17357424881215283
21,rainy,1,0.19036519036519037,0.749028749028749,0.09773187834357326,0.18789404153448283,0.7428127428127428,0.4334674630632417,0.7773880704473134,0.0785380197144903
22,rainy,1,0.23209876543209876,0.7771604938271605,0.12096241571978303,0.2380117325350754,0.7722222222222223,0.4878644612339326,0.7570690091952142,0.07699346405228757
23,rainy,1,0.20059435364041606,0.7815750371471025,0.09200324388543094,0.19243655660655654,0.7815750371471025,0.4386759129546054,0.7665288205588766,0.3751740815196807
24,rainy,1,0.23510971786833856,0.7335423197492164,0.09249967844564538,0.19692608092672204,0.7225705329153606,0.4437635416826421,0.7561916059843876,0.16605200073759913
25,rainy,1,0.22644497228820268,0.8012668250197942,0.09765020915719348,0.17213038508187953,0.8012668250197942,0.41488599046229496,0.7569981176904994,0.1453836958377967
26,rainy,1,0.20091623036649214,0.7480366492146597,0.10356699105303296,0.17836653600925925,0.7480366492146597,0.42233462563382046,0.7192510619480078,0.14807771276049686
27,rainy,1,0.30396825396825394,0.9476190476190476,0.12356486980257857,0.16219655033158267,0.9476190476190476,0.40273632854708136,0.6878006067714856,0.1267724867724868
28,rainy,1,0.2399403874813711,0.7317436661698957,0.10377343780525487,0.12591630116609914,0.7160953800298062,0.35484687002437987,0.726581846894402,0.13341515443733382
29,rainy,1,0.2306136210384356,0.8988536749831423,0.09900867509983437,0.17165140926904457,0.8975050573162509,0.4143083504698458,0.7319856284725499,0.07109595018047678
30,rainy,1,0.2059659090909091,0.9154829545454546,0.09836396615510529,0.14868982318863375,0.9154829545454546,0.3856031939554362,0.7460002276259536,0.055656751336898395
31,rainy,1,0.19849624060150375,0.9774436090225563,0.09229076665250764,0.13035160592725495,0.9774436090225563,0.3610423879924003,0.7262630151193735,0.07214506855373728
32,rainy,1,0.20136730888750776,0.9415786202610317,0.11016356640916525,0.16695938661948914,0.9415786202610317,0.40860664044957606,0.7336022872328768,0.05254999451614083
33,rainy,0,0.0707196029776675,1.0,0.037767311013305147,0.02247748974542415,1.0,0.14992494704159193,0.6245904025969674,0.07231790979419063
34,rainy,0,0.1281117182756527,1.0,0.05457007863031163,0.03538948369349152,1.0,0.1881209283771785,0.6534866556066926,0.06047358834244081
35,rainy,0,0.12928759894459102,1.0,0.05187973678631743,0.04053759896372862,1.0,0.2013395116804663,0.5402428815718731,0.07126286926380052
36,rainy,0,0.14549653579676675,1.0,0.050156320424481836,0.02861172100976509,1.0,0.16914999559493074,0.573021964884325,0.089032287279808
37,rainy,0,0.0893939393939394,1.0,0.03657087047023968,0.020075765715438103,1.0,0.14168897527838256,0.5718254821736125,0.08160427807486631
38,rainy,0,0.05735430157261795,1.0,0.0337212912727695,0.020886327165383908,1.0,0.14452102672408576,0.6192783805929409,0.08158205002630099
39,rainy,0,0.08385370205173952,1.0,0.03977485672050553,0.027252675288534076,1.0,0.16508384320863767,0.6484146982884434,0.09079603295377026
40,rainy,1,0.21717846016911438,0.7823765020026703,0.09908545040489719,0.12571872531698844,0.7814864263462394,0.35456836480006,0.65506633292095,0.13244325767690254
41,rainy,1,0.14572538860103626,0.917098445595855,0.07831109757830894,0.13267855382848112,0.917098445595855,0.36425067443792214,0.783628220028485,0.036205933150462256
42,rainy,1,0.2207231516459795,1.0,0.09204367721665974,0.09183212780348213,1.0,0.30303816228897995,0.695723125596603,0.15622996095362054
43,rainy,0,0.09207984546039923,1.0,0.03713611227890303,0.017463557245501884,1.0,0.13214975310420327,0.6296170337523536,0.10035225938411424
44,rainy,1,0.2617611580217129,0.9004825090470446,0.0933632146476919,0.10468875690233047,0.9004825090470446,0.32355641996772444,0.6901166955943425,0.24559473970529103
45,rainy,1,0.21824480369515012,0.5894919168591224,0.09268097526374407,0.17706256183920396,0.5854503464203233,0.4207880248286588,0.7765247512107969,0.1734841280623104
46,rainy,1,0.22361921867983836,0.7651549169286035,0.0960971238410393,0.1745888561645498,0.7557251908396947,0.4178383134234459,0.6833229731406721,0.1369449800575821
47,rainy,0,0.165625,0.9375,0.07025081154760421,0.09744239368405315,0.9375,0.31215764236047966,0.7188420016959675,0.1827982026143791
48,rainy,1,0.19586660403945513,0.8844527947393143,0.10460902408327453,0.2440618944579858,0.881634570220761,0.49402620827035665,0.7274239007019941,0.0835391742417963
49,rainy,0,0.17210682492581603,0.9411473788328387,0.06932874752442006,0.07751408448572639,0.9411473788328387,0.2784135134754173,0.6954124894737054,0.2087701945268711
50,rainy,0,0.16592674805771365,0.881243063263041,0.06834240338787448,0.10337895190090063,0.867369589345172,0.3215259739133071,0.7114382407921869,0.16567865770059412
51,rainy,1,0.2163978494623656,0.9014336917562724,0.09216762819502779,0.16286414263480467,0.9014336917562724,0.403564298018054,0.6923751017982276,0.14973469674608195
52,rainy,1,0.21800947867298578,0.8604528699315429,0.09881900770169985,0.1839384294155777,0.8604528699315429,0.42888043720316466,0.7152365517306881,0.1071317205133765
53,rainy,1,0.22080378250591018,0.8832151300236407,0.09730928991796398,0.20431921164729105,0.8832151300236407,0.45201682673025684,0.7041980447926142,0.07949937421777221
54,rainy,1,0.20149253731343283,0.7705223880597015,0.1025558247007137,0.23397960740933735,0.7705223880597015,0.48371438619224194,0.7208414352180434,0.07022973368451858
55,rainy,0,0.12122788761706556,0.9682622268470343,0.04027502870345911,0.039870993821020696,0.9682622268470343,0.1996772240918345,0.6679405584600446,0.20378486462222767
56,rainy,1,0.21239788563190773,0.6765977895242672,0.09570755303922727,0.22257414621718877,0.6765977895242672,0.471777644889188,0.727941423997836,0.08633858156429318
57,rainy,1,0.18869013271783036,0.6832083092902481,0.07647746517933772,0.18469140501718634,0.6728216964800924,0.42975737924692614,0.7512331591436717,0.07071721937476665
58,rainy,1,0.20505050505050504,0.7373737373737373,0.09461882965089151,0.18901777821555527,0.7358585858585859,0.4347617487953089,0.7480749003563912,0.08704297880768469
59,rainy,1,0.2441737288135593,0.7378177966101694,0.0969197357424981,0.13387211701483012,0.4973516949152542,0.365885387812673,0.6356759750994742,0.17973371552010636
60,rainy,1,0.2532861476238625,0.6233569261880687,0.10898672258649314,0.1477260658535566,0.2856420626895854,0.38435148738304187,0.6968145586990728,0.14060746644461625
61,rainy,1,0.18181818181818182,0.6706689536878216,0.0946897335640854,0.2260497038751435,0.3762149799885649,0.4754468465298129,0.8030392207801306,0.09514904875615197
62,rainy,1,0.19740552735476594,0.7264523406655387,0.09613630176065385,0.20464484426913673,0.5273547659334461,0.45237688299595585,0.7884684346505895,0.08794443891487785
63,rainy,1,0.20246384574183182,0.8393144081414033,0.09456867889796945,0.11409140037590572,0.8377075522228173,0.3377741854788577,0.7352796768882668,0.19401157356354432
64,rainy,1,0.1933876811594203,0.7468297101449275,0.10114624285701711,0.2524213870026885,0.7241847826086957,0.502415552110689,0.7755999394242703,0.09415316851378232
65,rainy,1,0.24312431243124313,0.7381738173817382,0.1147977524726433,0.218765742639148,0.7381738173817382,0.46772400263312125,0.7290837310938675,0.09620569900127268
66,rainy,1,0.22939068100358423,0.8839605734767025,0.1053512421083515,0.16593182518405789,0.8803763440860215,0.4073473029050983,0.7083620143074012,0.15694707990723172
67,rainy,1,0.2234718826405868,0.8777506112469438,0.11373478826123817,0.1765602025168217,0.8777506112469438,0.4201906740002944,0.7182765702865894,0.32142096936574144
68,rainy,1,0.1955767562879445,0.6019080659150043,0.08496854159372196,0.2393512946078893,0.5433651344319167,0.48923541839066526,0.7935893339196486,0.17395370984473582
69,rainy,1,0.21274868047097037,0.634997969955339,0.0911690785141224,0.16761792696523392,0.6313438895655704,0.4094116839627735,0.7796270450392877,0.1777331964048307
70,rainy,1,0.21506789312308366,0.6219886114761279,0.09153232393095342,0.17610506936006362,0.4971528690319755,0.41964874521445145,0.7720512224083252,0.17212817671965852
71,rainy,1,0.21547884187082406,0.9426503340757239,0.1126515023880714,0.22321203065882067,0.9426503340757239,0.47245320472912516,0.7251940292826322,0.11913620682125857
72,rainy,1,0.22652194431335534,0.6781500707881076,0.09380306817489764,0.1716649405580539,0.6729589428975932,0.41432468012182655,0.7319927888579093,0.1295727729506149
73,rainy,0,0.11892732219199378,1.0,0.05799870412804257,0.039618603874859,1.0,0.19904422592695073,0.6166255720950263,0.11630278228664183
74,rainy,1,0.19767031415460642,0.7123190963642781,0.0832597163907324,0.17992110467978556,0.7123190963642781,0.42417107949480193,0.7576224208174536,0.33403653024923347
75,rainy,1,0.17199459702836561,0.7339036470058532,0.08264840630042111,0.14279169251433763,0.7339036470058532,0.37787788042479753,0.7581558143783015,0.14649292404940364
76,rainy,0,0.13045186640471512,1.0,0.04768436767019332,0.03028033172247736,1.0,0.174012447033186,0.7035988463867618,0.1299649447205208
77,rainy,1,0.20273588214661523,0.6355664679059979,0.10302957522459806,0.24250134472311136,0.6183795159593125,0.4924442554473667,0.7653323463056899,0.07895681597788186
78,rainy,1,0.20810313075506445,0.738950276243094,0.1083214012212783,0.2668070931553625,0.738950276243094,0.5165337289619745,0.7644061451816668,0.08064312281081862
79,rainy,1,0.2211764705882353,0.7498039215686274,0.07276578424018587,0.11887765866764342,0.7498039215686274,0.3447863957113787,0.6804768607556472,0.31008535178777397
80,rainy,1,0.17407686510926904,0.5418236623963828,0.09482559204921216,0.23935573570359803,0.22946495855312735,0.4892399571821562,0.7903730824285434,0.09244647369120973
81,rainy,0,0.10037406483790523,1.0,0.04160353338363133,0.02737589659543726,1.0,0.16545663055748855,0.6141833005550128,0.09542320668915945
82,rainy,1,0.14041811846689894,0.8254355400696864,0.06913421423717094,0.156384132806521,0.8254355400696864,0.39545433719523293,0.626314667510153,0.1330122292819567
83,rainy,1,0.18477043673012317,0.9458753266144083,0.07480860700527057,0.11823718904846263,0.9458753266144083,0.3438563494374688,0.7623086293616783,0.06209077135893551
84,rainy,1,0.18345588235294116,0.8941176470588236,0.0836924898965502,0.11414852517962881,0.8941176470588236,0.337858735538433,0.7334352213583993,0.35199250288350636
85,rainy,1,0.19089810712847363,0.9122029802658075,0.08267835287900213,0.10961045894218913,0.9118002416431735,0.33107470296322716,0.6562274175133206,0.23350153593455103
86,rainy,1,0.21004732435384055,0.9341099381143065,0.08878424812247053,0.13103218608082684,0.9341099381143065,0.36198368206429804,0.6498130607083972,0.16049451451494323
87,rainy,0,0.016597510373443983,1.0,0.022439533319438026,0.017701200262696868,1.0,0.13304585774347455,0.6904055359556648,0.08636671819488514
88,rainy,1,0.18163511880789368,0.9762384212645993,0.09526387287078149,0.18411082372018175,0.9762384212645993,0.42908137191001633,0.6883776227734213,0.14500485655397882
89,rainy,0,0.2260107160253288,0.9878226984900146,0.07061873695679537,0.09701287511037948,0.9878226984900146,0.3114688991061218,0.6568934340336937,0.10449366302780246
90,rainy,0,0.1480087801818752,1.0,0.059581439069880435,0.08242487348598496,1.0,0.2870973240662214,0.6227882025783295,0.12769630900337559
91,rainy,1,0.19574599260172626,0.843403205918619,0.10079815385473882,0.2633137642987222,0.8397040690505548,0.5131410764095213,0.74088909667137,0.10593675201276566
92,rainy,0,0.1737991266375546,0.9854439592430859,0.06408028599307884,0.10588580732193138,0.9854439592430859,0.32540099465418265,0.6696267717445891,0.16558951965065502
93,rainy,0,0.11670020120724346,1.0,0.05475386190911183,0.0829035991353831,1.0,0.28792985106685814,0.6680760854465543,0.1978346268084699
94,rainy,1,0.16813898704358068,0.7025912838633687,0.08204545960148954,0.17624124996453427,0.6881625441696113,0.41981096932373535,0.6653092318725758,0.15035566641261924
95,rainy,0,0.21354321354321354,0.9836649836649837,0.07683075841588007,0.11144024493737717,0.9836649836649837,0.33382666900260854,0.718854624109269,0.14365030835619072
96,rainy,0,0.19520432286389733,0.9864910503208375,0.06287989541731279,0.08868248577745128,0.9864910503208375,0.29779604728312176,0.6184511881854275,0.1544033216123329
97,rainy,0,0.1986754966887417,1.0,0.0562016605052938,0.06719440349714087,1.0,0.2592188332223198,0.6011329468291555,0.1625342410694962
98,rainy,0,0.2018375815056313,0.947243627741553,0.06083146191393926,0.07845867921518966,0.8672199170124482,0.28010476471347223,0.5495160053651887,0.16654927531178448
99,rainy,0,0.2174466730340656,0.9385546004457179,0.05117502548540939,0.06614364038880044,0.8707418019738936,0.2571840593598298,0.5103501401191963,0.16867239732569245
100,rainy,1,0.20583554376657826,0.5610079575596817,0.0952675576994238,0.21839384769962578,0.48249336870026527,0.46732627542181465,0.7294611238040999,0.12009777916471628
